Year,Age,Female,Male,Total
1909,81,0.076193,0.118146,0.088575
1909,82,0.083453,0.130039,0.096778
1909,83,0.091401,0.137105,0.104050
1909,84,0.101630,0.147923,0.114015
1909,85,0.113349,0.159960,0.125402
1909,86,0.126952,0.177202,0.139489
1909,87,0.136380,0.183899,0.147797
1909,88,0.150021,0.197781,0.161087
1909,89,0.167088,0.226548,0.180312
1909,90,0.182111,0.241992,0.194815
1909,91,0.199052,0.257536,0.210883
1909,92,0.223004,0.276296,0.233312
1909,93,0.253402,0.313359,0.264487
1909,94,0.269688,0.321419,0.278814
1909,95,0.293317,0.370535,0.306242
1909,96,0.319089,0.373184,0.327623
1909,97,0.334816,0.391422,0.343345
1909,98,0.377409,0.451719,0.387972
1909,99,0.426096,0.490672,0.434749
1909,100,0.432783,0.555185,0.447749
1909,101,0.495052,0.511259,0.496915
1909,102,0.535588,0.498722,0.531350
1909,103,0.583373,0.700114,0.596717
1909,104,0.568453,0.609937,0.572676
1909,105,0.619892,0.634467,0.621378
1909,106,0.601592,0.766660,0.616594
1909,107,0.742088,0.823045,0.748397
1909,108,0.698082,1.302111,0.733555
1909,109,0.830076,2.238806,0.863428
1910,80,0.067841,0.106582,0.079451
1910,81,0.074272,0.116202,0.086487
1910,82,0.080551,0.122455,0.092399
1910,83,0.089780,0.134122,0.101933
1910,84,0.097893,0.145765,0.110581
1910,85,0.112898,0.162358,0.125549
1910,86,0.118512,0.164411,0.129832
1910,87,0.132391,0.184005,0.144664
1910,88,0.149528,0.201686,0.161435
1910,89,0.164595,0.215933,0.175857
1910,90,0.176467,0.231369,0.188012
1910,91,0.201684,0.257508,0.212922
1910,92,0.230850,0.293477,0.242870
1910,93,0.244481,0.298624,0.254373
1910,94,0.265160,0.319077,0.274594
1910,95,0.292722,0.353373,0.302830
1910,96,0.312679,0.384439,0.323974
1910,97,0.362264,0.401071,0.368098
1910,98,0.394434,0.450736,0.402568
1910,99,0.403866,0.493245,0.415953
1910,100,0.458582,0.499014,0.463712
1910,101,0.488951,0.559290,0.497448
1910,102,0.535999,0.557688,0.538499
1910,103,0.585401,0.681022,0.596167
1910,104,0.595700,0.694650,0.605744
1910,105,0.658638,0.498339,0.642888
1910,106,0.619724,0.953895,0.652366
1910,107,0.668984,0.749196,0.674765
1910,108,0.759566,1.133721,0.780644
1910,109,0.766427,1.281690,0.786350
1911,79,0.059594,0.096200,0.071041
1911,80,0.064111,0.104044,0.076192
1911,81,0.071307,0.111855,0.083236
1911,82,0.079898,0.120966,0.091635
1911,83,0.087770,0.131316,0.099842
1911,84,0.099064,0.147097,0.111943
1911,85,0.105878,0.152737,0.118008
1911,86,0.115471,0.168442,0.128678
1911,87,0.132708,0.182688,0.144695
1911,88,0.145748,0.194585,0.157032
1911,89,0.157861,0.208591,0.169130
1911,90,0.178429,0.224014,0.188178
1911,91,0.208487,0.270267,0.221161
1911,92,0.221614,0.279330,0.232892
1911,93,0.239455,0.303634,0.251383
1911,94,0.261816,0.310171,0.270409
1911,95,0.280502,0.344710,0.291395
1911,96,0.317637,0.386253,0.328650
1911,97,0.358134,0.428960,0.368806
1911,98,0.369975,0.446905,0.380834
1911,99,0.394945,0.435681,0.400390
1911,100,0.454505,0.516271,0.462371
1911,101,0.511288,0.590617,0.520777
1911,102,0.508329,0.495649,0.506868
1911,103,0.623433,0.636175,0.624900
1911,104,0.578268,0.615049,0.582451
1911,105,0.600338,0.754173,0.616340
1911,106,0.683113,0.857792,0.698026
1911,107,0.702891,0.841658,0.712819
1911,108,0.704715,0.682127,0.703158
1912,78,0.052291,0.087930,0.063698
1912,79,0.056569,0.092736,0.067856
1912,80,0.062958,0.100721,0.074384
1912,81,0.070344,0.109720,0.081938
1912,82,0.076346,0.118414,0.088381
1912,83,0.086412,0.130999,0.098779
1912,84,0.093315,0.137256,0.105116
1912,85,0.103873,0.151151,0.116144
1912,86,0.117211,0.165062,0.129206
1912,87,0.128930,0.175993,0.140307
1912,88,0.138402,0.187318,0.149803
1912,89,0.157576,0.206117,0.168466
1912,90,0.183558,0.236907,0.195073
1912,91,0.201435,0.249685,0.211431
1912,92,0.220654,0.265667,0.229631
1912,93,0.237012,0.293947,0.247917
1912,94,0.259236,0.314964,0.269423
1912,95,0.294897,0.366912,0.307397
1912,96,0.328390,0.392929,0.338957
1912,97,0.345752,0.405806,0.355084
1912,98,0.378330,0.427906,0.385637
1912,99,0.425462,0.480208,0.433219
1912,100,0.449919,0.524592,0.459954
1912,101,0.457367,0.530520,0.466428
1912,102,0.538827,0.596625,0.545577
1912,103,0.542124,0.569019,0.545139
1912,104,0.598051,0.690062,0.607897
1912,105,0.702578,0.904192,0.721470
1912,106,0.659667,0.803671,0.670873
1912,107,0.671900,0.619273,0.667936
1913,77,0.045752,0.077484,0.056061
1913,78,0.050350,0.083176,0.060774
1913,79,0.054942,0.090114,0.065850
1913,80,0.061165,0.099886,0.072802
1913,81,0.067695,0.106727,0.079111
1913,82,0.077137,0.119452,0.089162
1913,83,0.082070,0.125129,0.093933
1913,84,0.090431,0.133985,0.102061
1913,85,0.103805,0.149287,0.115552
1913,86,0.112555,0.157876,0.123873
1913,87,0.123000,0.172812,0.134999
1913,88,0.139358,0.188304,0.150712
1913,89,0.163770,0.212446,0.174643
1913,90,0.175367,0.224910,0.186010
1913,91,0.193633,0.246902,0.204623
1913,92,0.214707,0.263285,0.224332
1913,93,0.234117,0.273270,0.241597
1913,94,0.267739,0.327654,0.278731
1913,95,0.303979,0.359597,0.313715
1913,96,0.320152,0.371574,0.328730
1913,97,0.344895,0.417249,0.356374
1913,98,0.385167,0.438041,0.393121
1913,99,0.425934,0.445135,0.428729
1913,100,0.435996,0.545913,0.451082
1913,101,0.516622,0.546059,0.520418
1913,102,0.500504,0.605045,0.513117
1913,103,0.558081,0.634420,0.566638
1913,104,0.583210,0.762924,0.601346
1913,105,0.659532,0.771742,0.669225
1913,106,0.645584,0.648965,0.645862
1914,76,0.040461,0.069684,0.050012
1914,77,0.044125,0.074715,0.053913
1914,78,0.048970,0.081691,0.059210
1914,79,0.053991,0.088554,0.064550
1914,80,0.059331,0.095988,0.070184
1914,81,0.068527,0.108992,0.080185
1914,82,0.073366,0.112022,0.084190
1914,83,0.081308,0.122312,0.092467
1914,84,0.090922,0.134344,0.102380
1914,85,0.099283,0.143015,0.110455
1914,86,0.108915,0.153974,0.120045
1914,87,0.123733,0.170574,0.134912
1914,88,0.143710,0.194802,0.155456
1914,89,0.154026,0.200946,0.164403
1914,90,0.173384,0.217425,0.182785
1914,91,0.191412,0.242921,0.202001
1914,92,0.207906,0.255811,0.217367
1914,93,0.240055,0.290862,0.249690
1914,94,0.273051,0.318841,0.281408
1914,95,0.282947,0.353138,0.295148
1914,96,0.320051,0.365445,0.327567
1914,97,0.351749,0.409053,0.360834
1914,98,0.390797,0.456425,0.400688
1914,99,0.388468,0.443593,0.396293
1914,100,0.480845,0.501396,0.483660
1914,101,0.455489,0.518596,0.463853
1914,102,0.557607,0.628949,0.566495
1914,103,0.570492,0.580425,0.571693
1914,104,0.566437,0.711426,0.582868
1914,105,0.617083,0.718678,0.627436
1915,75,0.035966,0.062645,0.044866
1915,76,0.039499,0.070174,0.049532
1915,77,0.043301,0.073459,0.052959
1915,78,0.048438,0.079829,0.058274
1915,79,0.053163,0.087207,0.063587
1915,80,0.061025,0.098051,0.072015
1915,81,0.064568,0.102713,0.075595
1915,82,0.071233,0.110732,0.082338
1915,83,0.080880,0.122052,0.092129
1915,84,0.089359,0.131012,0.100399
1915,85,0.096499,0.137665,0.107083
1915,86,0.111294,0.154750,0.122115
1915,87,0.128526,0.172038,0.139016
1915,88,0.139237,0.184889,0.149875
1915,89,0.153653,0.197442,0.163515
1915,90,0.171663,0.216355,0.181386
1915,91,0.188806,0.241222,0.199790
1915,92,0.219151,0.271256,0.229620
1915,93,0.246960,0.297250,0.256659
1915,94,0.261937,0.317864,0.272279
1915,95,0.288180,0.336149,0.296668
1915,96,0.325766,0.382802,0.335432
1915,97,0.362592,0.423767,0.372486
1915,98,0.368015,0.469275,0.383318
1915,99,0.415104,0.479816,0.424171
1915,100,0.435689,0.512851,0.445742
1915,101,0.494864,0.587053,0.506121
1915,102,0.525526,0.566836,0.530281
1915,103,0.577526,0.695810,0.589964
1915,104,0.569985,0.652884,0.578093
1916,74,0.031781,0.057420,0.040557
1916,75,0.034726,0.063771,0.044483
1916,76,0.038775,0.067735,0.048312
1916,77,0.042898,0.071765,0.052214
1916,78,0.046759,0.078003,0.056632
1916,79,0.052673,0.087096,0.063304
1916,80,0.056709,0.091631,0.067187
1916,81,0.063488,0.099387,0.073995
1916,82,0.071641,0.109757,0.082507
1916,83,0.078736,0.119685,0.090082
1916,84,0.085374,0.123765,0.095710
1916,85,0.096130,0.136781,0.106767
1916,86,0.111137,0.155601,0.122408
1916,87,0.123610,0.166551,0.134139
1916,88,0.137050,0.177841,0.146741
1916,89,0.154505,0.198091,0.164525
1916,90,0.167098,0.214925,0.177716
1916,91,0.193820,0.236944,0.203055
1916,92,0.219775,0.276382,0.231440
1916,93,0.238547,0.289452,0.248584
1916,94,0.264625,0.310459,0.273325
1916,95,0.294095,0.347049,0.303742
1916,96,0.332474,0.393696,0.343098
1916,97,0.336915,0.398102,0.347075
1916,98,0.395499,0.463995,0.406208
1916,99,0.401902,0.469460,0.411816
1916,100,0.460655,0.531446,0.470436
1916,101,0.495124,0.602590,0.508776
1916,102,0.516864,0.550733,0.520918
1916,103,0.530538,0.649468,0.543938
1917,73,0.029138,0.052661,0.037374
1917,74,0.031695,0.056266,0.040163
1917,75,0.034587,0.062345,0.043980
1917,76,0.038182,0.066580,0.047608
1917,77,0.041934,0.072393,0.051843
1917,78,0.048112,0.080139,0.058303
1917,79,0.050512,0.082903,0.060590
1917,80,0.055556,0.091085,0.066302
1917,81,0.064647,0.101768,0.075595
1917,82,0.069078,0.107387,0.080082
1917,83,0.075457,0.112626,0.085841
1917,84,0.085617,0.124404,0.096163
1917,85,0.100693,0.142551,0.111742
1917,86,0.109225,0.150967,0.119911
1917,87,0.120257,0.163359,0.130948
1917,88,0.135780,0.176133,0.145482
1917,89,0.149005,0.193191,0.159286
1917,90,0.169221,0.217485,0.180067
1917,91,0.197907,0.248996,0.208952
1917,92,0.211162,0.265476,0.222421
1917,93,0.238820,0.285437,0.248098
1917,94,0.265408,0.310699,0.274082
1917,95,0.301326,0.369268,0.313799
1917,96,0.306792,0.371348,0.317993
1917,97,0.369045,0.397881,0.373831
1917,98,0.365364,0.409580,0.372499
1917,99,0.418587,0.486915,0.429099
1917,100,0.454533,0.525731,0.464770
1917,101,0.474540,0.560117,0.486072
1917,102,0.526363,0.520131,0.525553
1918,72,0.026188,0.048751,0.034128
1918,73,0.028585,0.053110,0.037077
1918,74,0.031514,0.057602,0.040394
1918,75,0.034371,0.061502,0.043436
1918,76,0.037749,0.065948,0.046994
1918,77,0.043190,0.072385,0.052570
1918,78,0.045168,0.074940,0.054539
1918,79,0.049644,0.081868,0.059563
1918,80,0.056814,0.090416,0.066881
1918,81,0.062652,0.098525,0.073141
1918,82,0.067343,0.102669,0.077410
1918,83,0.076269,0.113238,0.086536
1918,84,0.089100,0.128473,0.099736
1918,85,0.096041,0.129544,0.104852
1918,86,0.107779,0.148123,0.118102
1918,87,0.118223,0.159770,0.128537
1918,88,0.133715,0.175398,0.143739
1918,89,0.153836,0.193294,0.163043
1918,90,0.177154,0.218550,0.186509
1918,91,0.190258,0.241320,0.201385
1918,92,0.214276,0.252469,0.222305
1918,93,0.236444,0.289354,0.247185
1918,94,0.268877,0.321570,0.279133
1918,95,0.277724,0.328083,0.287123
1918,96,0.329805,0.411616,0.344263
1918,97,0.336337,0.399981,0.346932
1918,98,0.385378,0.465489,0.397867
1918,99,0.407534,0.500666,0.421031
1918,100,0.448246,0.499425,0.455177
1918,101,0.458451,0.525406,0.466976
1919,71,0.023343,0.044350,0.030834
1919,72,0.024903,0.048579,0.033215
1919,73,0.027823,0.052006,0.036178
1919,74,0.030905,0.056213,0.039502
1919,75,0.033677,0.060032,0.042471
1919,76,0.037769,0.065925,0.046990
1919,77,0.040286,0.069406,0.049635
1919,78,0.044190,0.074120,0.053603
1919,79,0.049050,0.080261,0.058653
1919,80,0.053284,0.086521,0.063236
1919,81,0.059312,0.093541,0.069322
1919,82,0.066413,0.100633,0.076179
1919,83,0.077448,0.116166,0.088213
1919,84,0.083024,0.118067,0.092504
1919,85,0.095198,0.134422,0.105526
1919,86,0.105190,0.141732,0.114542
1919,87,0.116837,0.151345,0.125439
1919,88,0.135081,0.174172,0.144550
1919,89,0.156396,0.196103,0.165730
1919,90,0.168844,0.206926,0.177528
1919,91,0.185754,0.235105,0.196632
1919,92,0.210890,0.264430,0.222224
1919,93,0.243455,0.290421,0.252992
1919,94,0.249929,0.281857,0.256205
1919,95,0.297342,0.350297,0.307383
1919,96,0.300640,0.358884,0.311199
1919,97,0.350309,0.438932,0.365396
1919,98,0.375070,0.443767,0.385972
1919,99,0.410785,0.442285,0.415555
1919,100,0.428522,0.485420,0.436777
1920,70,0.020831,0.040597,0.027896
1920,71,0.022902,0.042999,0.029990
1920,72,0.024704,0.046275,0.032206
1920,73,0.027592,0.049734,0.035179
1920,74,0.029550,0.053761,0.037716
1920,75,0.033621,0.060331,0.042473
1920,76,0.035431,0.062267,0.044159
1920,77,0.038683,0.066981,0.047711
1920,78,0.043846,0.071292,0.052434
1920,79,0.047647,0.078350,0.057057
1920,80,0.052319,0.082512,0.061325
1920,81,0.058917,0.090843,0.068232
1920,82,0.067829,0.102944,0.077835
1920,83,0.073740,0.108151,0.083304
1920,84,0.082555,0.118828,0.092381
1920,85,0.093244,0.127333,0.102242
1920,86,0.103399,0.140110,0.112843
1920,87,0.119422,0.156404,0.128671
1920,88,0.137054,0.175109,0.146316
1920,89,0.147313,0.187481,0.156795
1920,90,0.164936,0.202726,0.173594
1920,91,0.188536,0.231892,0.198164
1920,92,0.220594,0.263703,0.229847
1920,93,0.228514,0.272021,0.237537
1920,94,0.270450,0.321719,0.280690
1920,95,0.279388,0.332710,0.289600
1920,96,0.325579,0.391422,0.337588
1920,97,0.354298,0.404811,0.363059
1920,98,0.367769,0.433601,0.378638
1920,99,0.386361,0.456630,0.397342
1921,69,0.018369,0.036032,0.024846
1921,70,0.019947,0.038707,0.026744
1921,71,0.021470,0.042485,0.028985
1921,72,0.024139,0.045480,0.031662
1921,73,0.025818,0.049314,0.033979
1921,74,0.029666,0.053824,0.037923
1921,75,0.031191,0.057023,0.039871
1921,76,0.033677,0.060006,0.042368
1921,77,0.037651,0.066082,0.046861
1921,78,0.041106,0.070151,0.050327
1921,79,0.045261,0.073598,0.054077
1921,80,0.051574,0.081432,0.060632
1921,81,0.059973,0.090199,0.068952
1921,82,0.063885,0.096193,0.073274
1921,83,0.072232,0.106835,0.082051
1921,84,0.079218,0.117204,0.089720
1921,85,0.089422,0.124448,0.098851
1921,86,0.102482,0.142983,0.113087
1921,87,0.121270,0.157247,0.130430
1921,88,0.131571,0.167247,0.140412
1921,89,0.147559,0.187065,0.157076
1921,90,0.168492,0.206028,0.177268
1921,91,0.193280,0.236197,0.203013
1921,92,0.202160,0.251492,0.212955
1921,93,0.242248,0.292516,0.252821
1921,94,0.251263,0.303826,0.261878
1921,95,0.288122,0.335002,0.297204
1921,96,0.322190,0.374017,0.331832
1921,97,0.339823,0.412063,0.352622
1921,98,0.365891,0.420367,0.375008
1922,68,0.016499,0.032775,0.022615
1922,69,0.017889,0.035180,0.024314
1922,70,0.018875,0.037714,0.025792
1922,71,0.021036,0.041287,0.028377
1922,72,0.022851,0.044236,0.030498
1922,73,0.026119,0.048624,0.034050
1922,74,0.028019,0.050663,0.035878
1922,75,0.029884,0.054998,0.038462
1922,76,0.033664,0.058781,0.042098
1922,77,0.035954,0.062767,0.044799
1922,78,0.038836,0.066614,0.047828
1922,79,0.044900,0.071738,0.053424
1922,80,0.052133,0.082235,0.061452
1922,81,0.056243,0.086514,0.065419
1922,82,0.062285,0.094873,0.071951
1922,83,0.070508,0.104218,0.080276
1922,84,0.077515,0.110337,0.086799
1922,85,0.090429,0.124708,0.099898
1922,86,0.104055,0.139090,0.113489
1922,87,0.114958,0.152986,0.124929
1922,88,0.128990,0.167664,0.138845
1922,89,0.147507,0.184768,0.156734
1922,90,0.170805,0.208532,0.179891
1922,91,0.180198,0.226938,0.191099
1922,92,0.214221,0.264935,0.225615
1922,93,0.227824,0.271876,0.237358
1922,94,0.263676,0.319918,0.275372
1922,95,0.291537,0.349431,0.303049
1922,96,0.306595,0.363363,0.317363
1922,97,0.332696,0.389961,0.343045
1923,67,0.014800,0.029766,0.020419
1923,68,0.016042,0.032087,0.022003
1923,69,0.017105,0.034633,0.023546
1923,70,0.018923,0.037373,0.025624
1923,71,0.020306,0.040468,0.027536
1923,72,0.023081,0.044898,0.030796
1923,73,0.024209,0.046424,0.031950
1923,74,0.026596,0.049951,0.034612
1923,75,0.029653,0.053527,0.037717
1923,76,0.032088,0.055587,0.039900
1923,77,0.034807,0.060602,0.043239
1923,78,0.039105,0.065856,0.047692
1923,79,0.044268,0.073100,0.053346
1923,80,0.048908,0.078182,0.057890
1923,81,0.054484,0.085310,0.063747
1923,82,0.061411,0.091533,0.070270
1923,83,0.068522,0.099599,0.077469
1923,84,0.077276,0.110928,0.086740
1923,85,0.091003,0.125955,0.100592
1923,86,0.100033,0.135286,0.109460
1923,87,0.112713,0.149943,0.122409
1923,88,0.127340,0.164532,0.136762
1923,89,0.150379,0.189829,0.160090
1923,90,0.156838,0.197774,0.166613
1923,91,0.190264,0.235325,0.200676
1923,92,0.201809,0.248438,0.212215
1923,93,0.235843,0.279336,0.245200
1923,94,0.258618,0.311843,0.269644
1923,95,0.278628,0.332791,0.289361
1923,96,0.307531,0.369096,0.319169
1924,66,0.013275,0.027795,0.018824
1924,67,0.014311,0.029627,0.020104
1924,68,0.015231,0.032038,0.021522
1924,69,0.017012,0.033934,0.023275
1924,70,0.018576,0.037537,0.025511
1924,71,0.020145,0.040829,0.027613
1924,72,0.021767,0.041771,0.028894
1924,73,0.023236,0.044282,0.030631
1924,74,0.026291,0.048366,0.033936
1924,75,0.028062,0.050482,0.035709
1924,76,0.031043,0.052940,0.038400
1924,77,0.034171,0.059094,0.042412
1924,78,0.039509,0.065217,0.047864
1924,79,0.042494,0.068770,0.050879
1924,80,0.047720,0.075744,0.056454
1924,81,0.053358,0.081101,0.061838
1924,82,0.059195,0.089664,0.068319
1924,83,0.068210,0.099073,0.077258
1924,84,0.078996,0.111086,0.088195
1924,85,0.087272,0.120346,0.096532
1924,86,0.098034,0.132435,0.107437
1924,87,0.112182,0.147078,0.121482
1924,88,0.131994,0.168614,0.141501
1924,89,0.138301,0.174518,0.147447
1924,90,0.167265,0.201558,0.175701
1924,91,0.179119,0.222867,0.189566
1924,92,0.210241,0.258532,0.221391
1924,93,0.232860,0.283238,0.244044
1924,94,0.250340,0.306718,0.262335
1924,95,0.275756,0.319765,0.284752
1925,65,0.012135,0.024960,0.017379
1925,66,0.012989,0.026652,0.018527
1925,67,0.013775,0.028806,0.019814
1925,68,0.015123,0.030767,0.021347
1925,69,0.016427,0.033229,0.023043
1925,70,0.018151,0.035972,0.025091
1925,71,0.019442,0.038417,0.026745
1925,72,0.021603,0.040909,0.028943
1925,73,0.023466,0.043889,0.031132
1925,74,0.024601,0.046525,0.032719
1925,75,0.027248,0.049751,0.035462
1925,76,0.030312,0.052704,0.038365
1925,77,0.034136,0.058677,0.042827
1925,78,0.037244,0.062707,0.046112
1925,79,0.041775,0.067418,0.050556
1925,80,0.046618,0.071928,0.055100
1925,81,0.052144,0.080264,0.061401
1925,82,0.059175,0.089287,0.068896
1925,83,0.068502,0.097491,0.077674
1925,84,0.075924,0.108484,0.086012
1925,85,0.085111,0.117123,0.094805
1925,86,0.097396,0.133338,0.108028
1925,87,0.113573,0.150185,0.124127
1925,88,0.121666,0.157112,0.131622
1925,89,0.145111,0.182595,0.155367
1925,90,0.158329,0.198149,0.168924
1925,91,0.185466,0.226715,0.196121
1925,92,0.207267,0.258666,0.220096
1925,93,0.228868,0.272467,0.239358
1925,94,0.245925,0.297399,0.257864
1926,64,0.010956,0.022688,0.015989
1926,65,0.011576,0.024304,0.016994
1926,66,0.012493,0.026449,0.018384
1926,67,0.013576,0.028196,0.019691
1926,68,0.014626,0.030220,0.021087
1926,69,0.016600,0.033571,0.023561
1926,70,0.017479,0.033907,0.024148
1926,71,0.018998,0.037045,0.026246
1926,72,0.021009,0.039927,0.028520
1926,73,0.022119,0.041641,0.029778
1926,74,0.024139,0.044872,0.032170
1926,75,0.026488,0.047538,0.034534
1926,76,0.030377,0.053180,0.038972
1926,77,0.032845,0.055981,0.041436
1926,78,0.036341,0.060415,0.045145
1926,79,0.040525,0.064988,0.049331
1926,80,0.046328,0.071580,0.055242
1926,81,0.051879,0.080073,0.061659
1926,82,0.060034,0.089469,0.070055
1926,83,0.065969,0.095379,0.075787
1926,84,0.074429,0.104456,0.084255
1926,85,0.085113,0.115873,0.094975
1926,86,0.098608,0.133584,0.109574
1926,87,0.106141,0.140736,0.116726
1926,88,0.126319,0.164530,0.137725
1926,89,0.138033,0.176767,0.149278
1926,90,0.161315,0.204172,0.173398
1926,91,0.183341,0.220757,0.193583
1926,92,0.201934,0.246535,0.213786
1926,93,0.222688,0.270423,0.234953
1927,63,0.009732,0.021362,0.015043
1927,64,0.010607,0.023048,0.016248
1927,65,0.011262,0.024338,0.017145
1927,66,0.012055,0.026932,0.018691
1927,67,0.013385,0.028877,0.020234
1927,68,0.014680,0.030736,0.021713
1927,69,0.015860,0.032038,0.022880
1927,70,0.016842,0.034321,0.024351
1927,71,0.018620,0.036883,0.026384
1927,72,0.019977,0.038512,0.027771
1927,73,0.021588,0.040176,0.029318
1927,74,0.023505,0.043809,0.031850
1927,75,0.027680,0.048638,0.036188
1927,76,0.029191,0.050988,0.037918
1927,77,0.031275,0.055911,0.041002
1927,78,0.034908,0.060001,0.044663
1927,79,0.038833,0.062608,0.047936
1927,80,0.045399,0.072490,0.055589
1927,81,0.051217,0.081055,0.062243
1927,82,0.057058,0.085101,0.067231
1927,83,0.064947,0.093415,0.075091
1927,84,0.073068,0.104631,0.084098
1927,85,0.085875,0.119143,0.097257
1927,86,0.093467,0.125729,0.104269
1927,87,0.110605,0.147142,0.122561
1927,88,0.119594,0.157989,0.131851
1927,89,0.139925,0.182110,0.153029
1927,90,0.160371,0.202625,0.173109
1927,91,0.177031,0.217469,0.188873
1927,92,0.202512,0.243531,0.214186
1928,62,0.009047,0.019833,0.014208
1928,63,0.009814,0.021288,0.015269
1928,64,0.010408,0.023209,0.016451
1928,65,0.011206,0.024531,0.017448
1928,66,0.012086,0.026175,0.018633
1928,67,0.013283,0.029292,0.020658
1928,68,0.014008,0.030678,0.021617
1928,69,0.015164,0.031908,0.022735
1928,70,0.016447,0.033933,0.024276
1928,71,0.017555,0.036317,0.025869
1928,72,0.019390,0.037419,0.027294
1928,73,0.021180,0.040919,0.029740
1928,74,0.023944,0.045349,0.033115
1928,75,0.026245,0.047693,0.035319
1928,76,0.028450,0.050945,0.037843
1928,77,0.031001,0.054327,0.040608
1928,78,0.034056,0.058777,0.044092
1928,79,0.038900,0.064695,0.049211
1928,80,0.044993,0.072457,0.055806
1928,81,0.049869,0.077510,0.060572
1928,82,0.056728,0.085157,0.067545
1928,83,0.063832,0.093359,0.074867
1928,84,0.075493,0.106046,0.086700
1928,85,0.080518,0.113443,0.092352
1928,86,0.096921,0.131726,0.109164
1928,87,0.105845,0.139386,0.117383
1928,88,0.123415,0.162847,0.136656
1928,89,0.139131,0.180655,0.152707
1928,90,0.156641,0.192837,0.168161
1928,91,0.175477,0.215140,0.187779
1929,61,0.008272,0.018231,0.013087
1929,62,0.008778,0.019490,0.013927
1929,63,0.009360,0.021056,0.014947
1929,64,0.010136,0.022960,0.016218
1929,65,0.010871,0.024375,0.017226
1929,66,0.012067,0.026427,0.018771
1929,67,0.012403,0.027535,0.019409
1929,68,0.013714,0.029352,0.020891
1929,69,0.014553,0.031533,0.022275
1929,70,0.015776,0.033213,0.023628
1929,71,0.016896,0.035325,0.025112
1929,72,0.018798,0.037710,0.027140
1929,73,0.021144,0.041183,0.029885
1929,74,0.022572,0.043314,0.031512
1929,75,0.024287,0.046605,0.033786
1929,76,0.027542,0.049586,0.036801
1929,77,0.030101,0.052688,0.039462
1929,78,0.034519,0.058979,0.044515
1929,79,0.038622,0.064240,0.048934
1929,80,0.043165,0.069025,0.053425
1929,81,0.048392,0.075864,0.059117
1929,82,0.055685,0.083472,0.066353
1929,83,0.064661,0.095447,0.076267
1929,84,0.069834,0.100333,0.081113
1929,85,0.082718,0.116530,0.094971
1929,86,0.091898,0.125100,0.103673
1929,87,0.106264,0.144445,0.119495
1929,88,0.122104,0.159493,0.134745
1929,89,0.137012,0.172984,0.148881
1929,90,0.153843,0.193799,0.166691
1930,60,0.007480,0.017147,0.012193
1930,61,0.008022,0.018021,0.012868
1930,62,0.008719,0.019510,0.013919
1930,63,0.009368,0.020901,0.014889
1930,64,0.009861,0.022420,0.015830
1930,65,0.011000,0.024350,0.017295
1930,66,0.011165,0.024675,0.017487
1930,67,0.012316,0.026570,0.018933
1930,68,0.013231,0.028764,0.020381
1930,69,0.014219,0.029622,0.021247
1930,70,0.015620,0.032251,0.023139
1930,71,0.017046,0.034312,0.024778
1930,72,0.018803,0.037481,0.027082
1930,73,0.020010,0.039022,0.028345
1930,74,0.021905,0.041544,0.030419
1930,75,0.024018,0.043935,0.032553
1930,76,0.026078,0.047914,0.035320
1930,77,0.029747,0.052295,0.039167
1930,78,0.034112,0.058058,0.043976
1930,79,0.037452,0.062048,0.047438
1930,80,0.042234,0.067284,0.052283
1930,81,0.048179,0.073989,0.058376
1930,82,0.056606,0.085039,0.067658
1930,83,0.060591,0.090364,0.071958
1930,84,0.072476,0.104171,0.084349
1930,85,0.079600,0.111687,0.091380
1930,86,0.093036,0.128263,0.105698
1930,87,0.105612,0.139072,0.117371
1930,88,0.119530,0.156377,0.132190
1930,89,0.134022,0.172689,0.146983
1931,59,0.006616,0.015380,0.010928
1931,60,0.007187,0.016326,0.011659
1931,61,0.007691,0.017264,0.012351
1931,62,0.008296,0.018923,0.013437
1931,63,0.008925,0.020276,0.014381
1931,64,0.009885,0.021807,0.015577
1931,65,0.010512,0.023338,0.016591
1931,66,0.011199,0.023984,0.017213
1931,67,0.011987,0.025791,0.018432
1931,68,0.013074,0.027682,0.019838
1931,69,0.013758,0.028752,0.020644
1931,70,0.015128,0.030719,0.022225
1931,71,0.016815,0.033721,0.024441
1931,72,0.017989,0.035573,0.025843
1931,73,0.019811,0.037968,0.027839
1931,74,0.021154,0.039771,0.029295
1931,75,0.023450,0.043044,0.031924
1931,76,0.026635,0.046768,0.035242
1931,77,0.029713,0.051681,0.038989
1931,78,0.033004,0.055528,0.042389
1931,79,0.036664,0.060626,0.046510
1931,80,0.041535,0.065365,0.051185
1931,81,0.048292,0.075028,0.058952
1931,82,0.052472,0.079452,0.063056
1931,83,0.061904,0.091335,0.073252
1931,84,0.068399,0.098200,0.079680
1931,85,0.081259,0.113350,0.093172
1931,86,0.091406,0.123402,0.103044
1931,87,0.102414,0.135337,0.114141
1931,88,0.114999,0.154314,0.128681
1932,58,0.006139,0.013513,0.009791
1932,59,0.006552,0.014868,0.010651
1932,60,0.007105,0.015989,0.011462
1932,61,0.007781,0.016833,0.012196
1932,62,0.008198,0.018282,0.013089
1932,63,0.008941,0.019769,0.014161
1932,64,0.009337,0.020752,0.014804
1932,65,0.009840,0.021937,0.015593
1932,66,0.011037,0.022959,0.016667
1932,67,0.011467,0.025267,0.017937
1932,68,0.012180,0.026130,0.018668
1932,69,0.013514,0.027689,0.020054
1932,70,0.015153,0.030527,0.022187
1932,71,0.016141,0.031469,0.023092
1932,72,0.017234,0.033406,0.024503
1932,73,0.018753,0.034930,0.025956
1932,74,0.020512,0.038798,0.028573
1932,75,0.023408,0.042667,0.031806
1932,76,0.025671,0.045490,0.034217
1932,77,0.029138,0.049060,0.037628
1932,78,0.032183,0.054370,0.041522
1932,79,0.035981,0.059129,0.045592
1932,80,0.041934,0.065475,0.051574
1932,81,0.044920,0.070558,0.055265
1932,82,0.054090,0.080497,0.064581
1932,83,0.059405,0.088216,0.070659
1932,84,0.069211,0.099198,0.080714
1932,85,0.079792,0.111402,0.091685
1932,86,0.088924,0.122378,0.101254
1932,87,0.101499,0.134273,0.113330
1933,57,0.005726,0.012484,0.009097
1933,58,0.006058,0.013381,0.009695
1933,59,0.006571,0.014474,0.010480
1933,60,0.006826,0.015491,0.011089
1933,61,0.007611,0.016367,0.011896
1933,62,0.008119,0.018164,0.013007
1933,63,0.008425,0.018911,0.013497
1933,64,0.009149,0.019616,0.014181
1933,65,0.009860,0.020959,0.015162
1933,66,0.010386,0.022665,0.016211
1933,67,0.011142,0.023476,0.016952
1933,68,0.012299,0.025157,0.018312
1933,69,0.013220,0.027379,0.019791
1933,70,0.014230,0.028590,0.020841
1933,71,0.015610,0.030419,0.022372
1933,72,0.017047,0.032386,0.023988
1933,73,0.018197,0.034660,0.025579
1933,74,0.020009,0.037891,0.027948
1933,75,0.023102,0.040959,0.030949
1933,76,0.025602,0.043672,0.033460
1933,77,0.027768,0.048592,0.036722
1933,78,0.032029,0.052443,0.040700
1933,79,0.036909,0.058620,0.046018
1933,80,0.039365,0.061647,0.048591
1933,81,0.046955,0.070962,0.056760
1933,82,0.051068,0.077746,0.061799
1933,83,0.059958,0.086321,0.070391
1933,84,0.068346,0.097294,0.079611
1933,85,0.075583,0.105154,0.086883
1933,86,0.087133,0.118320,0.098824
1934,56,0.005059,0.011346,0.008210
1934,57,0.005329,0.012096,0.008707
1934,58,0.005900,0.013138,0.009499
1934,59,0.006103,0.013831,0.009930
1934,60,0.006732,0.014998,0.010806
1934,61,0.007405,0.016222,0.011728
1934,62,0.007607,0.016694,0.012040
1934,63,0.008294,0.017994,0.013000
1934,64,0.008579,0.018791,0.013505
1934,65,0.009357,0.020420,0.014661
1934,66,0.009783,0.021156,0.015201
1934,67,0.010910,0.023211,0.016732
1934,68,0.012146,0.025130,0.018248
1934,69,0.012747,0.026018,0.018939
1934,70,0.013756,0.028025,0.020362
1934,71,0.014917,0.029371,0.021554
1934,72,0.016013,0.031460,0.023043
1934,73,0.017930,0.033483,0.024946
1934,74,0.019693,0.037516,0.027658
1934,75,0.022070,0.038973,0.029549
1934,76,0.024554,0.042577,0.032448
1934,77,0.027275,0.046703,0.035694
1934,78,0.031668,0.051270,0.040066
1934,79,0.033988,0.054895,0.042840
1934,80,0.040310,0.062576,0.049619
1934,81,0.044809,0.067642,0.054225
1934,82,0.052294,0.077006,0.062341
1934,83,0.058254,0.084372,0.068711
1934,84,0.065439,0.092688,0.076172
1934,85,0.073835,0.103255,0.085222
1935,55,0.004709,0.010097,0.007413
1935,56,0.004893,0.010765,0.007829
1935,57,0.005186,0.011642,0.008404
1935,58,0.005743,0.012614,0.009155
1935,59,0.006259,0.013454,0.009817
1935,60,0.006559,0.014666,0.010550
1935,61,0.006905,0.015743,0.011234
1935,62,0.007245,0.016174,0.011596
1935,63,0.007772,0.017252,0.012368
1935,64,0.008559,0.018175,0.013195
1935,65,0.008820,0.019036,0.013717
1935,66,0.010030,0.020586,0.015061
1935,67,0.010473,0.022734,0.016279
1935,68,0.011118,0.023688,0.017029
1935,69,0.012433,0.024754,0.018186
1935,70,0.012903,0.025901,0.018929
1935,71,0.014231,0.028242,0.020678
1935,72,0.016082,0.030403,0.022620
1935,73,0.017836,0.032904,0.024657
1935,74,0.018871,0.035309,0.026246
1935,75,0.021406,0.038373,0.028946
1935,76,0.023891,0.041040,0.031437
1935,77,0.027402,0.045943,0.035478
1935,78,0.029058,0.048064,0.037247
1935,79,0.034398,0.055155,0.043240
1935,80,0.038753,0.059807,0.047611
1935,81,0.044360,0.068282,0.054292
1935,82,0.050200,0.074676,0.060218
1935,83,0.056117,0.081128,0.066203
1935,84,0.063946,0.091119,0.074733
1936,54,0.004293,0.008848,0.006585
1936,55,0.004557,0.009713,0.007143
1936,56,0.004738,0.010505,0.007622
1936,57,0.005219,0.011439,0.008318
1936,58,0.005266,0.012103,0.008660
1936,59,0.005830,0.013317,0.009531
1936,60,0.006200,0.013793,0.009937
1936,61,0.006579,0.014572,0.010494
1936,62,0.007023,0.015752,0.011278
1936,63,0.007529,0.016777,0.012014
1936,64,0.008009,0.017102,0.012396
1936,65,0.008713,0.018731,0.013520
1936,66,0.009428,0.019890,0.014419
1936,67,0.009963,0.020914,0.015155
1936,68,0.010630,0.022553,0.016246
1936,69,0.011629,0.023492,0.017180
1936,70,0.012600,0.025429,0.018561
1936,71,0.013796,0.027125,0.019943
1936,72,0.015502,0.029264,0.021801
1936,73,0.016717,0.031419,0.023392
1936,74,0.018702,0.033945,0.025564
1936,75,0.021046,0.036548,0.027964
1936,76,0.023594,0.040801,0.031202
1936,77,0.025458,0.042780,0.033041
1936,78,0.029787,0.048702,0.037982
1936,79,0.033064,0.051965,0.041165
1936,80,0.038264,0.059246,0.047153
1936,81,0.042867,0.065318,0.052259
1936,82,0.048295,0.071643,0.057929
1936,83,0.054515,0.079796,0.064798
1937,53,0.003866,0.008422,0.006169
1937,54,0.004250,0.008845,0.006566
1937,55,0.004497,0.009308,0.006915
1937,56,0.004584,0.009970,0.007282
1937,57,0.004823,0.010962,0.007888
1937,58,0.005386,0.011555,0.008454
1937,59,0.005666,0.012236,0.008922
1937,60,0.006058,0.013026,0.009497
1937,61,0.006261,0.013926,0.010028
1937,62,0.006733,0.014684,0.010622
1937,63,0.007020,0.015558,0.011176
1937,64,0.007693,0.016499,0.011957
1937,65,0.008562,0.018267,0.013237
1937,66,0.008882,0.019289,0.013866
1937,67,0.009803,0.020059,0.014686
1937,68,0.010297,0.021579,0.015635
1937,69,0.011092,0.022528,0.016468
1937,70,0.012231,0.024396,0.017912
1937,71,0.013375,0.026259,0.019350
1937,72,0.014749,0.027829,0.020770
1937,73,0.016116,0.030171,0.022536
1937,74,0.018106,0.032577,0.024663
1937,75,0.020402,0.036503,0.027635
1937,76,0.021956,0.038515,0.029327
1937,77,0.025567,0.042834,0.033180
1937,78,0.028019,0.046972,0.036288
1937,79,0.032462,0.052188,0.040972
1937,80,0.036854,0.057964,0.045856
1937,81,0.041330,0.063647,0.050725
1937,82,0.046535,0.069814,0.056206
1938,52,0.003557,0.007431,0.005519
1938,53,0.003792,0.007845,0.005840
1938,54,0.003845,0.008700,0.006292
1938,55,0.004152,0.009092,0.006634
1938,56,0.004375,0.009783,0.007083
1938,57,0.004811,0.010735,0.007768
1938,58,0.004915,0.011091,0.007987
1938,59,0.005335,0.011972,0.008625
1938,60,0.005818,0.012513,0.009123
1938,61,0.006265,0.013505,0.009825
1938,62,0.006596,0.014161,0.010300
1938,63,0.007136,0.015315,0.011122
1938,64,0.007586,0.016365,0.011844
1938,65,0.008056,0.017311,0.012521
1938,66,0.008628,0.018384,0.013309
1938,67,0.009168,0.019302,0.014004
1938,68,0.009855,0.020509,0.014909
1938,69,0.011277,0.022072,0.016368
1938,70,0.012090,0.023799,0.017577
1938,71,0.013045,0.025435,0.018812
1938,72,0.014304,0.027453,0.020380
1938,73,0.015906,0.029540,0.022159
1938,74,0.017686,0.032519,0.024435
1938,75,0.019179,0.033849,0.025799
1938,76,0.022606,0.039205,0.030032
1938,77,0.024241,0.042121,0.032163
1938,78,0.028149,0.047110,0.036462
1938,79,0.031649,0.051847,0.040406
1938,80,0.035348,0.056191,0.044277
1938,81,0.039679,0.062135,0.049179
1939,51,0.003293,0.006917,0.005131
1939,52,0.003336,0.007302,0.005343
1939,53,0.003694,0.007873,0.005804
1939,54,0.003969,0.008272,0.006135
1939,55,0.004080,0.008948,0.006524
1939,56,0.004369,0.009947,0.007160
1939,57,0.004688,0.010268,0.007472
1939,58,0.004963,0.010704,0.007817
1939,59,0.005256,0.011559,0.008379
1939,60,0.005723,0.012286,0.008962
1939,61,0.006034,0.013070,0.009493
1939,62,0.006290,0.014038,0.010083
1939,63,0.006963,0.015031,0.010894
1939,64,0.007197,0.015858,0.011398
1939,65,0.007713,0.017080,0.012232
1939,66,0.008300,0.017676,0.012799
1939,67,0.008867,0.018659,0.013539
1939,68,0.010096,0.020244,0.014911
1939,69,0.010966,0.022104,0.016219
1939,70,0.011632,0.023381,0.017137
1939,71,0.012640,0.025199,0.018485
1939,72,0.014318,0.027257,0.020297
1939,73,0.015783,0.029775,0.022200
1939,74,0.016889,0.030653,0.023153
1939,75,0.019632,0.035640,0.026856
1939,76,0.021661,0.037550,0.028768
1939,77,0.024112,0.041826,0.031961
1939,78,0.027595,0.045855,0.035604
1939,79,0.030880,0.050239,0.039280
1939,80,0.034810,0.055462,0.043668
1940,50,0.002979,0.006371,0.004703
1940,51,0.003226,0.006666,0.004972
1940,52,0.003372,0.007183,0.005302
1940,53,0.003394,0.007505,0.005470
1940,54,0.003879,0.008376,0.006143
1940,55,0.004096,0.008856,0.006485
1940,56,0.004259,0.009296,0.006781
1940,57,0.004584,0.009955,0.007264
1940,58,0.004674,0.010266,0.007456
1940,59,0.005133,0.010939,0.008012
1940,60,0.005522,0.011970,0.008708
1940,61,0.005905,0.012719,0.009259
1940,62,0.006547,0.013926,0.010164
1940,63,0.006721,0.014459,0.010498
1940,64,0.007069,0.015249,0.011043
1940,65,0.007460,0.016562,0.011859
1940,66,0.008169,0.017685,0.012743
1940,67,0.009117,0.018645,0.013672
1940,68,0.009934,0.020007,0.014723
1940,69,0.010666,0.021474,0.015775
1940,70,0.011784,0.023352,0.017217
1940,71,0.012962,0.024625,0.018404
1940,72,0.014272,0.027006,0.020175
1940,73,0.015324,0.028370,0.021328
1940,74,0.017471,0.032448,0.024311
1940,75,0.018908,0.034622,0.026023
1940,76,0.021797,0.038353,0.029225
1940,77,0.024353,0.041543,0.031993
1940,78,0.027084,0.045143,0.035029
1940,79,0.030681,0.049558,0.038898
1941,49,0.002729,0.005813,0.004300
1941,50,0.002856,0.006344,0.004629
1941,51,0.003155,0.006417,0.004810
1941,52,0.003551,0.007025,0.005309
1941,53,0.003572,0.007431,0.005520
1941,54,0.003799,0.008139,0.005984
1941,55,0.003988,0.008408,0.006207
1941,56,0.004304,0.008825,0.006568
1941,57,0.004633,0.009380,0.007003
1941,58,0.004824,0.010185,0.007493
1941,59,0.005059,0.011145,0.008080
1941,60,0.005369,0.011788,0.008543
1941,61,0.005802,0.012543,0.009123
1941,62,0.006211,0.013347,0.009713
1941,63,0.006738,0.014152,0.010361
1941,64,0.006953,0.014669,0.010707
1941,65,0.007713,0.016048,0.011749
1941,66,0.008353,0.017471,0.012746
1941,67,0.009198,0.018345,0.013582
1941,68,0.009657,0.019814,0.014499
1941,69,0.010535,0.021291,0.015633
1941,70,0.011896,0.022406,0.016848
1941,71,0.012956,0.024724,0.018467
1941,72,0.013863,0.026194,0.019600
1941,73,0.015737,0.029741,0.022206
1941,74,0.017298,0.030851,0.023510
1941,75,0.019553,0.034367,0.026290
1941,76,0.022049,0.038049,0.029263
1941,77,0.023898,0.040651,0.031382
1941,78,0.026882,0.044687,0.034759
1942,48,0.002638,0.004938,0.003814
1942,49,0.002708,0.005330,0.004046
1942,50,0.002874,0.005966,0.004449
1942,51,0.003182,0.006169,0.004700
1942,52,0.003333,0.007013,0.005198
1942,53,0.003616,0.007352,0.005505
1942,54,0.003812,0.007537,0.005691
1942,55,0.003854,0.008057,0.005968
1942,56,0.004180,0.008527,0.006362
1942,57,0.004519,0.009299,0.006912
1942,58,0.004843,0.009862,0.007348
1942,59,0.004984,0.010544,0.007751
1942,60,0.005543,0.011394,0.008445
1942,61,0.005694,0.012073,0.008847
1942,62,0.006323,0.013192,0.009705
1942,63,0.006547,0.013570,0.009991
1942,64,0.007043,0.014663,0.010763
1942,65,0.007570,0.015913,0.011624
1942,66,0.008496,0.016905,0.012562
1942,67,0.009164,0.017965,0.013398
1942,68,0.010144,0.019209,0.014484
1942,69,0.010770,0.020626,0.015464
1942,70,0.012247,0.022584,0.017143
1942,71,0.012675,0.023886,0.017954
1942,72,0.014689,0.026306,0.020125
1942,73,0.016018,0.028255,0.021707
1942,74,0.017701,0.031112,0.023891
1942,75,0.019782,0.034462,0.026506
1942,76,0.021203,0.036516,0.028158
1942,77,0.023771,0.040051,0.031100
1943,47,0.002381,0.004597,0.003513
1943,48,0.002628,0.005018,0.003848
1943,49,0.002760,0.005498,0.004156
1943,50,0.003059,0.006009,0.004559
1943,51,0.003269,0.006313,0.004813
1943,52,0.003365,0.006765,0.005086
1943,53,0.003485,0.007181,0.005350
1943,54,0.003592,0.007511,0.005566
1943,55,0.003920,0.008022,0.005981
1943,56,0.004205,0.008698,0.006456
1943,57,0.004469,0.009260,0.006864
1943,58,0.004729,0.009919,0.007315
1943,59,0.005101,0.010798,0.007932
1943,60,0.005321,0.011241,0.008253
1943,61,0.005790,0.011904,0.008808
1943,62,0.006309,0.012748,0.009476
1943,63,0.006608,0.013698,0.010082
1943,64,0.007041,0.014722,0.010789
1943,65,0.008109,0.015589,0.011742
1943,66,0.008450,0.016603,0.012392
1943,67,0.009104,0.018130,0.013446
1943,68,0.009700,0.019318,0.014303
1943,69,0.010939,0.021069,0.015762
1943,70,0.011673,0.021924,0.016526
1943,71,0.013545,0.024976,0.018926
1943,72,0.014335,0.026286,0.019924
1943,73,0.016114,0.028904,0.022054
1943,74,0.018143,0.031636,0.024365
1943,75,0.019951,0.033588,0.026192
1943,76,0.022046,0.037179,0.028916
1944,46,0.002345,0.004219,0.003298
1944,47,0.002395,0.004563,0.003497
1944,48,0.002573,0.005201,0.003907
1944,49,0.002641,0.005394,0.004035
1944,50,0.003008,0.005814,0.004426
1944,51,0.003277,0.006356,0.004830
1944,52,0.003340,0.006837,0.005100
1944,53,0.003538,0.007161,0.005357
1944,54,0.003739,0.007462,0.005604
1944,55,0.003927,0.007947,0.005936
1944,56,0.004137,0.008316,0.006221
1944,57,0.004643,0.009135,0.006877
1944,58,0.004973,0.009947,0.007440
1944,59,0.005044,0.010496,0.007740
1944,60,0.005789,0.011012,0.008364
1944,61,0.006057,0.011601,0.008782
1944,62,0.006171,0.012636,0.009338
1944,63,0.006831,0.013750,0.010207
1944,64,0.007440,0.014406,0.010826
1944,65,0.007810,0.015445,0.011504
1944,66,0.008735,0.017116,0.012771
1944,67,0.009286,0.017828,0.013380
1944,68,0.010495,0.019933,0.014996
1944,69,0.011067,0.020074,0.015342
1944,70,0.012326,0.023122,0.017422
1944,71,0.013335,0.024544,0.018595
1944,72,0.015171,0.026689,0.020541
1944,73,0.016725,0.029644,0.022709
1944,74,0.018110,0.031414,0.024227
1944,75,0.020051,0.034647,0.026710
1945,45,0.002152,0.003936,0.003058
1945,46,0.002283,0.004266,0.003290
1945,47,0.002319,0.004632,0.003492
1945,48,0.002614,0.004963,0.003802
1945,49,0.002734,0.005462,0.004111
1945,50,0.002918,0.005955,0.004447
1945,51,0.002954,0.006003,0.004485
1945,52,0.003286,0.006447,0.004870
1945,53,0.003455,0.006685,0.005069
1945,54,0.003756,0.007600,0.005673
1945,55,0.003809,0.007987,0.005887
1945,56,0.004238,0.008191,0.006199
1945,57,0.004587,0.009104,0.006822
1945,58,0.004970,0.009767,0.007337
1945,59,0.005265,0.010363,0.007773
1945,60,0.005457,0.011058,0.008203
1945,61,0.006180,0.011715,0.008885
1945,62,0.006429,0.012803,0.009532
1945,63,0.007050,0.013707,0.010279
1945,64,0.007626,0.014576,0.010983
1945,65,0.007885,0.015576,0.011584
1945,66,0.008571,0.016508,0.012370
1945,67,0.009612,0.017854,0.013539
1945,68,0.010169,0.019263,0.014481
1945,69,0.011229,0.021155,0.015911
1945,70,0.012765,0.023396,0.017751
1945,71,0.014251,0.025179,0.019345
1945,72,0.015294,0.027246,0.020831
1945,73,0.017202,0.029019,0.022640
1945,74,0.018796,0.031811,0.024744
1946,44,0.001832,0.003390,0.002628
1946,45,0.001967,0.003991,0.003002
1946,46,0.002235,0.004112,0.003194
1946,47,0.002333,0.004434,0.003403
1946,48,0.002556,0.004721,0.003657
1946,49,0.002756,0.005340,0.004067
1946,50,0.002894,0.005436,0.004181
1946,51,0.003095,0.005909,0.004517
1946,52,0.003141,0.006110,0.004637
1946,53,0.003562,0.006861,0.005221
1946,54,0.003652,0.007215,0.005440
1946,55,0.003988,0.007830,0.005911
1946,56,0.004144,0.008341,0.006240
1946,57,0.004474,0.008958,0.006707
1946,58,0.004999,0.009507,0.007239
1946,59,0.005142,0.010180,0.007639
1946,60,0.005624,0.010809,0.008186
1946,61,0.005998,0.011819,0.008864
1946,62,0.006670,0.012729,0.009643
1946,63,0.006902,0.013581,0.010167
1946,64,0.007599,0.014576,0.010996
1946,65,0.008159,0.015861,0.011893
1946,66,0.009221,0.016762,0.012861
1946,67,0.009416,0.018153,0.013614
1946,68,0.010770,0.019300,0.014849
1946,69,0.011525,0.021639,0.016338
1946,70,0.013266,0.023264,0.017997
1946,71,0.014205,0.025569,0.019551
1946,72,0.015209,0.026994,0.020717
1946,73,0.016756,0.029147,0.022510
1947,43,0.001654,0.003160,0.002423
1947,44,0.001762,0.003487,0.002643
1947,45,0.001984,0.003594,0.002806
1947,46,0.002053,0.004022,0.003056
1947,47,0.002279,0.004569,0.003443
1947,48,0.002501,0.004628,0.003580
1947,49,0.002579,0.004946,0.003778
1947,50,0.002736,0.005382,0.004073
1947,51,0.002875,0.005609,0.004254
1947,52,0.003163,0.006160,0.004672
1947,53,0.003360,0.006267,0.004821
1947,54,0.003644,0.006982,0.005317
1947,55,0.003811,0.007741,0.005777
1947,56,0.004045,0.007848,0.005943
1947,57,0.004372,0.008556,0.006454
1947,58,0.004511,0.009293,0.006886
1947,59,0.004807,0.009717,0.007238
1947,60,0.005340,0.010796,0.008033
1947,61,0.005877,0.011597,0.008691
1947,62,0.006278,0.012149,0.009157
1947,63,0.006851,0.012951,0.009832
1947,64,0.007264,0.014259,0.010669
1947,65,0.008058,0.015434,0.011635
1947,66,0.008794,0.016287,0.012412
1947,67,0.009679,0.017604,0.013490
1947,68,0.010160,0.019226,0.014499
1947,69,0.011399,0.021092,0.016014
1947,70,0.012685,0.022696,0.017426
1947,71,0.013372,0.024263,0.018500
1947,72,0.015052,0.026379,0.020353
1948,42,0.001511,0.002863,0.002203
1948,43,0.001614,0.003243,0.002448
1948,44,0.001819,0.003331,0.002593
1948,45,0.002014,0.003705,0.002878
1948,46,0.002097,0.003877,0.003004
1948,47,0.002212,0.004372,0.003311
1948,48,0.002366,0.004449,0.003424
1948,49,0.002527,0.004694,0.003625
1948,50,0.002747,0.004984,0.003879
1948,51,0.002924,0.005557,0.004253
1948,52,0.003145,0.005738,0.004452
1948,53,0.003371,0.006195,0.004791
1948,54,0.003648,0.007047,0.005354
1948,55,0.003729,0.007191,0.005462
1948,56,0.004005,0.007876,0.005939
1948,57,0.004327,0.008389,0.006352
1948,58,0.004715,0.009236,0.006963
1948,59,0.004819,0.009771,0.007275
1948,60,0.005608,0.010660,0.008106
1948,61,0.005739,0.011312,0.008485
1948,62,0.006362,0.011986,0.009125
1948,63,0.006934,0.012758,0.009787
1948,64,0.007755,0.014363,0.010980
1948,65,0.007993,0.014829,0.011317
1948,66,0.008873,0.016873,0.012747
1948,67,0.009770,0.018160,0.013814
1948,68,0.010553,0.019465,0.014828
1948,69,0.011733,0.021233,0.016268
1948,70,0.012546,0.022217,0.017139
1948,71,0.013752,0.024663,0.018904
1949,41,0.001369,0.002606,0.002000
1949,42,0.001518,0.002885,0.002215
1949,43,0.001671,0.003185,0.002443
1949,44,0.001841,0.003426,0.002648
1949,45,0.001867,0.003656,0.002777
1949,46,0.002039,0.003815,0.002941
1949,47,0.002170,0.004141,0.003169
1949,48,0.002352,0.004350,0.003363
1949,49,0.002425,0.004583,0.003514
1949,50,0.002645,0.005169,0.003916
1949,51,0.002803,0.005311,0.004065
1949,52,0.003087,0.006002,0.004550
1949,53,0.003182,0.006533,0.004860
1949,54,0.003371,0.006761,0.005064
1949,55,0.003812,0.007538,0.005669
1949,56,0.003960,0.007881,0.005909
1949,57,0.004208,0.007733,0.005956
1949,58,0.004554,0.008990,0.006750
1949,59,0.004905,0.009904,0.007373
1949,60,0.005256,0.010652,0.007912
1949,61,0.005854,0.011523,0.008635
1949,62,0.006044,0.012094,0.009003
1949,63,0.006813,0.012987,0.009822
1949,64,0.007202,0.013895,0.010453
1949,65,0.008130,0.015462,0.011677
1949,66,0.008818,0.016325,0.012435
1949,67,0.009418,0.018057,0.013561
1949,68,0.010717,0.019564,0.014940
1949,69,0.011472,0.020790,0.015898
1949,70,0.012396,0.022580,0.017207
1950,40,0.001322,0.002617,0.001979
1950,41,0.001383,0.002917,0.002162
1950,42,0.001558,0.002808,0.002193
1950,43,0.001719,0.002985,0.002361
1950,44,0.001754,0.003478,0.002627
1950,45,0.001881,0.003672,0.002786
1950,46,0.002014,0.003900,0.002966
1950,47,0.002154,0.004046,0.003107
1950,48,0.002301,0.004478,0.003396
1950,49,0.002450,0.004751,0.003605
1950,50,0.002585,0.004950,0.003770
1950,51,0.002870,0.005540,0.004205
1950,52,0.003096,0.005959,0.004524
1950,53,0.003125,0.006384,0.004747
1950,54,0.003412,0.006917,0.005153
1950,55,0.003550,0.007216,0.005367
1950,56,0.003958,0.007780,0.005848
1950,57,0.004301,0.008230,0.006240
1950,58,0.004517,0.009001,0.006724
1950,59,0.004682,0.009640,0.007116
1950,60,0.005424,0.010484,0.007901
1950,61,0.005701,0.011233,0.008401
1950,62,0.006426,0.012049,0.009163
1950,63,0.006479,0.012624,0.009461
1950,64,0.007375,0.014519,0.010829
1950,65,0.008000,0.015663,0.011690
1950,66,0.008659,0.016310,0.012327
1950,67,0.009590,0.018278,0.013737
1950,68,0.010098,0.019378,0.014506
1950,69,0.011189,0.020780,0.015722
1951,39,0.001105,0.002293,0.001708
1951,40,0.001256,0.002652,0.001964
1951,41,0.001422,0.002805,0.002125
1951,42,0.001469,0.003022,0.002256
1951,43,0.001556,0.003224,0.002400
1951,44,0.001814,0.003496,0.002664
1951,45,0.001888,0.003683,0.002794
1951,46,0.001919,0.003856,0.002894
1951,47,0.002051,0.003908,0.002984
1951,48,0.002244,0.004287,0.003269
1951,49,0.002399,0.004664,0.003534
1951,50,0.002621,0.005097,0.003858
1951,51,0.002859,0.005294,0.004074
1951,52,0.003048,0.005868,0.004452
1951,53,0.003144,0.006293,0.004709
1951,54,0.003362,0.006794,0.005064
1951,55,0.003627,0.007265,0.005428
1951,56,0.003748,0.007652,0.005675
1951,57,0.004177,0.008046,0.006082
1951,58,0.004501,0.008899,0.006662
1951,59,0.004725,0.009693,0.007160
1951,60,0.005478,0.010500,0.007932
1951,61,0.005669,0.011251,0.008390
1951,62,0.005879,0.011857,0.008784
1951,63,0.006689,0.013372,0.009925
1951,64,0.007335,0.014382,0.010736
1951,65,0.007906,0.015584,0.011595
1951,66,0.008769,0.017234,0.012817
1951,67,0.009352,0.017861,0.013403
1951,68,0.010121,0.019817,0.014714
1952,38,0.001078,0.002230,0.001661
1952,39,0.001179,0.002388,0.001792
1952,40,0.001225,0.002533,0.001890
1952,41,0.001325,0.002759,0.002052
1952,42,0.001457,0.002931,0.002203
1952,43,0.001537,0.003133,0.002344
1952,44,0.001659,0.003297,0.002485
1952,45,0.001785,0.003539,0.002668
1952,46,0.001926,0.003682,0.002808
1952,47,0.002100,0.004024,0.003065
1952,48,0.002231,0.004404,0.003319
1952,49,0.002436,0.004619,0.003527
1952,50,0.002554,0.005027,0.003788
1952,51,0.002713,0.005242,0.003972
1952,52,0.002939,0.005845,0.004384
1952,53,0.003082,0.006026,0.004543
1952,54,0.003267,0.006489,0.004862
1952,55,0.003700,0.006955,0.005308
1952,56,0.003888,0.007739,0.005786
1952,57,0.004067,0.008354,0.006175
1952,58,0.004427,0.009088,0.006713
1952,59,0.004879,0.009544,0.007162
1952,60,0.005216,0.010559,0.007823
1952,61,0.005417,0.011028,0.008147
1952,62,0.006095,0.012595,0.009247
1952,63,0.006718,0.013285,0.009892
1952,64,0.007329,0.014066,0.010573
1952,65,0.008004,0.015508,0.011602
1952,66,0.008800,0.016797,0.012618
1952,67,0.009319,0.018068,0.013477
1953,37,0.001037,0.002198,0.001625
1953,38,0.001072,0.002347,0.001719
1953,39,0.001106,0.002473,0.001801
1953,40,0.001242,0.002576,0.001918
1953,41,0.001408,0.002755,0.002090
1953,42,0.001552,0.003052,0.002311
1953,43,0.001557,0.003094,0.002333
1953,44,0.001689,0.003155,0.002428
1953,45,0.001739,0.003431,0.002590
1953,46,0.001906,0.003667,0.002790
1953,47,0.001994,0.003889,0.002944
1953,48,0.002251,0.004211,0.003231
1953,49,0.002484,0.004659,0.003570
1953,50,0.002570,0.005042,0.003802
1953,51,0.002592,0.005159,0.003869
1953,52,0.002849,0.005825,0.004327
1953,53,0.002985,0.006031,0.004494
1953,54,0.003112,0.006641,0.004857
1953,55,0.003497,0.007020,0.005235
1953,56,0.003718,0.007607,0.005632
1953,57,0.003971,0.008232,0.006063
1953,58,0.004390,0.008756,0.006529
1953,59,0.004900,0.009726,0.007258
1953,60,0.005165,0.010051,0.007547
1953,61,0.005792,0.011463,0.008548
1953,62,0.006241,0.012108,0.009084
1953,63,0.006634,0.013085,0.009749
1953,64,0.007541,0.014470,0.010874
1953,65,0.007928,0.015239,0.011431
1953,66,0.008522,0.016698,0.012422
1954,36,0.001030,0.001838,0.001441
1954,37,0.000977,0.002094,0.001546
1954,38,0.001064,0.002255,0.001673
1954,39,0.001060,0.002391,0.001738
1954,40,0.001232,0.002568,0.001912
1954,41,0.001332,0.002632,0.001993
1954,42,0.001373,0.002799,0.002096
1954,43,0.001561,0.002935,0.002256
1954,44,0.001560,0.003041,0.002308
1954,45,0.001761,0.003405,0.002590
1954,46,0.001888,0.003669,0.002785
1954,47,0.002006,0.004007,0.003011
1954,48,0.002145,0.004255,0.003203
1954,49,0.002393,0.004577,0.003485
1954,50,0.002418,0.004817,0.003616
1954,51,0.002609,0.005316,0.003958
1954,52,0.002738,0.005615,0.004169
1954,53,0.003136,0.005969,0.004542
1954,54,0.003227,0.006534,0.004865
1954,55,0.003625,0.006978,0.005282
1954,56,0.003847,0.007361,0.005580
1954,57,0.004015,0.007988,0.005970
1954,58,0.004385,0.008883,0.006594
1954,59,0.004800,0.009330,0.007020
1954,60,0.005551,0.010347,0.007895
1954,61,0.005774,0.010855,0.008252
1954,62,0.005954,0.011799,0.008795
1954,63,0.006910,0.013222,0.009967
1954,64,0.007436,0.014416,0.010804
1954,65,0.008150,0.015183,0.011530
1955,35,0.000830,0.001800,0.001327
1955,36,0.000909,0.001966,0.001451
1955,37,0.001020,0.002003,0.001526
1955,38,0.000942,0.002091,0.001531
1955,39,0.001068,0.002410,0.001755
1955,40,0.001232,0.002326,0.001791
1955,41,0.001261,0.002511,0.001900
1955,42,0.001293,0.002724,0.002022
1955,43,0.001568,0.002869,0.002230
1955,44,0.001541,0.003054,0.002309
1955,45,0.001702,0.003236,0.002479
1955,46,0.001787,0.003491,0.002649
1955,47,0.001985,0.003995,0.003000
1955,48,0.002133,0.004147,0.003148
1955,49,0.002323,0.004340,0.003338
1955,50,0.002443,0.004635,0.003544
1955,51,0.002651,0.005125,0.003891
1955,52,0.002909,0.005428,0.004169
1955,53,0.003019,0.005781,0.004398
1955,54,0.003267,0.006534,0.004895
1955,55,0.003553,0.006853,0.005194
1955,56,0.003728,0.007068,0.005386
1955,57,0.004057,0.008139,0.006080
1955,58,0.004318,0.008527,0.006399
1955,59,0.005001,0.009341,0.007142
1955,60,0.005402,0.009911,0.007622
1955,61,0.005652,0.010865,0.008211
1955,62,0.006280,0.012188,0.009171
1955,63,0.006727,0.012903,0.009740
1955,64,0.007178,0.013826,0.010410
1956,34,0.000752,0.001736,0.001257
1956,35,0.000803,0.001858,0.001346
1956,36,0.000880,0.001753,0.001330
1956,37,0.000971,0.001984,0.001493
1956,38,0.000972,0.002018,0.001510
1956,39,0.001071,0.002103,0.001601
1956,40,0.001158,0.002178,0.001681
1956,41,0.001240,0.002417,0.001842
1956,42,0.001303,0.002627,0.001978
1956,43,0.001429,0.002781,0.002118
1956,44,0.001561,0.002979,0.002282
1956,45,0.001682,0.003292,0.002500
1956,46,0.001883,0.003587,0.002747
1956,47,0.001939,0.003645,0.002802
1956,48,0.002020,0.003921,0.002981
1956,49,0.002332,0.004238,0.003294
1956,50,0.002520,0.004489,0.003512
1956,51,0.002603,0.004859,0.003738
1956,52,0.002772,0.005326,0.004054
1956,53,0.003062,0.005711,0.004389
1956,54,0.003319,0.006316,0.004818
1956,55,0.003552,0.006661,0.005105
1956,56,0.003827,0.007183,0.005501
1956,57,0.003912,0.007629,0.005763
1956,58,0.004394,0.008467,0.006418
1956,59,0.004659,0.009294,0.006957
1956,60,0.005336,0.009916,0.007600
1956,61,0.005828,0.011006,0.008381
1956,62,0.006129,0.011667,0.008852
1956,63,0.006673,0.012727,0.009640
1957,33,0.000725,0.001606,0.001179
1957,34,0.000786,0.001700,0.001257
1957,35,0.000798,0.001737,0.001283
1957,36,0.000834,0.001934,0.001401
1957,37,0.000870,0.002062,0.001483
1957,38,0.000990,0.002120,0.001571
1957,39,0.000993,0.002057,0.001539
1957,40,0.001080,0.002233,0.001670
1957,41,0.001203,0.002333,0.001781
1957,42,0.001365,0.002512,0.001951
1957,43,0.001367,0.002700,0.002047
1957,44,0.001456,0.002812,0.002147
1957,45,0.001668,0.003315,0.002505
1957,46,0.001756,0.003469,0.002625
1957,47,0.001885,0.003647,0.002778
1957,48,0.002071,0.003870,0.002981
1957,49,0.002108,0.004244,0.003187
1957,50,0.002337,0.004454,0.003405
1957,51,0.002441,0.004957,0.003708
1957,52,0.002818,0.005185,0.004008
1957,53,0.003016,0.005724,0.004375
1957,54,0.003119,0.006024,0.004574
1957,55,0.003505,0.006559,0.005033
1957,56,0.003692,0.006959,0.005325
1957,57,0.004070,0.007859,0.005960
1957,58,0.004544,0.008511,0.006519
1957,59,0.004736,0.009025,0.006866
1957,60,0.005231,0.009880,0.007535
1957,61,0.005633,0.010556,0.008066
1957,62,0.006129,0.011722,0.008885
1958,32,0.000634,0.001417,0.001037
1958,33,0.000670,0.001605,0.001152
1958,34,0.000758,0.001599,0.001193
1958,35,0.000691,0.001712,0.001218
1958,36,0.000820,0.001854,0.001353
1958,37,0.000883,0.001820,0.001365
1958,38,0.000934,0.001891,0.001426
1958,39,0.000984,0.001964,0.001487
1958,40,0.001061,0.002096,0.001591
1958,41,0.001133,0.002298,0.001729
1958,42,0.001229,0.002393,0.001823
1958,43,0.001363,0.002586,0.001986
1958,44,0.001498,0.002813,0.002167
1958,45,0.001509,0.003012,0.002272
1958,46,0.001706,0.003199,0.002463
1958,47,0.001817,0.003489,0.002664
1958,48,0.001861,0.003714,0.002799
1958,49,0.002096,0.003981,0.003048
1958,50,0.002395,0.004251,0.003331
1958,51,0.002437,0.004829,0.003642
1958,52,0.002766,0.005017,0.003898
1958,53,0.002920,0.005291,0.004111
1958,54,0.003122,0.006107,0.004620
1958,55,0.003298,0.006099,0.004701
1958,56,0.003603,0.006872,0.005238
1958,57,0.003979,0.007432,0.005703
1958,58,0.004280,0.008312,0.006289
1958,59,0.004719,0.008921,0.006808
1958,60,0.005080,0.009451,0.007249
1958,61,0.005458,0.010546,0.007975
1959,31,0.000577,0.001398,0.000999
1959,32,0.000644,0.001517,0.001094
1959,33,0.000663,0.001536,0.001114
1959,34,0.000708,0.001638,0.001187
1959,35,0.000766,0.001639,0.001215
1959,36,0.000748,0.001767,0.001272
1959,37,0.000891,0.001753,0.001333
1959,38,0.000875,0.001759,0.001328
1959,39,0.000944,0.001912,0.001439
1959,40,0.000976,0.002038,0.001519
1959,41,0.001126,0.002109,0.001628
1959,42,0.001166,0.002327,0.001757
1959,43,0.001399,0.002602,0.002011
1959,44,0.001354,0.002600,0.001987
1959,45,0.001524,0.002864,0.002204
1959,46,0.001665,0.003095,0.002390
1959,47,0.001818,0.003329,0.002583
1959,48,0.001917,0.003648,0.002792
1959,49,0.002166,0.003895,0.003039
1959,50,0.002213,0.004182,0.003205
1959,51,0.002482,0.004822,0.003660
1959,52,0.002682,0.004950,0.003822
1959,53,0.002970,0.005233,0.004107
1959,54,0.003049,0.005672,0.004365
1959,55,0.003255,0.006398,0.004829
1959,56,0.003668,0.006948,0.005309
1959,57,0.004049,0.007390,0.005717
1959,58,0.004373,0.008050,0.006205
1959,59,0.004581,0.008795,0.006677
1959,60,0.005056,0.009490,0.007255
1960,30,0.000534,0.001328,0.000942
1960,31,0.000508,0.001460,0.000998
1960,32,0.000586,0.001330,0.000970
1960,33,0.000730,0.001574,0.001165
1960,34,0.000723,0.001578,0.001164
1960,35,0.000775,0.001512,0.001154
1960,36,0.000764,0.001540,0.001163
1960,37,0.000800,0.001587,0.001203
1960,38,0.000842,0.001561,0.001210
1960,39,0.000951,0.001848,0.001409
1960,40,0.000963,0.001966,0.001474
1960,41,0.001110,0.001958,0.001542
1960,42,0.001201,0.002320,0.001770
1960,43,0.001276,0.002429,0.001862
1960,44,0.001339,0.002661,0.002010
1960,45,0.001514,0.002685,0.002107
1960,46,0.001631,0.002874,0.002260
1960,47,0.001805,0.003249,0.002535
1960,48,0.001834,0.003488,0.002669
1960,49,0.002056,0.003804,0.002937
1960,50,0.002177,0.004027,0.003108
1960,51,0.002447,0.004342,0.003400
1960,52,0.002647,0.004886,0.003772
1960,53,0.002889,0.005207,0.004053
1960,54,0.003085,0.005781,0.004437
1960,55,0.003443,0.006195,0.004821
1960,56,0.003582,0.006702,0.005141
1960,57,0.003827,0.007221,0.005520
1960,58,0.004127,0.007592,0.005852
1960,59,0.004516,0.008542,0.006516
1961,29,0.000490,0.001297,0.000905
1961,30,0.000580,0.001379,0.000991
1961,31,0.000544,0.001315,0.000942
1961,32,0.000588,0.001336,0.000973
1961,33,0.000646,0.001371,0.001019
1961,34,0.000667,0.001423,0.001056
1961,35,0.000658,0.001549,0.001116
1961,36,0.000801,0.001494,0.001156
1961,37,0.000803,0.001553,0.001187
1961,38,0.000856,0.001663,0.001268
1961,39,0.000849,0.001735,0.001301
1961,40,0.000995,0.001957,0.001485
1961,41,0.001050,0.002001,0.001534
1961,42,0.001060,0.002210,0.001644
1961,43,0.001161,0.002353,0.001766
1961,44,0.001258,0.002484,0.001880
1961,45,0.001489,0.002643,0.002073
1961,46,0.001535,0.002932,0.002241
1961,47,0.001732,0.003079,0.002412
1961,48,0.001833,0.003426,0.002636
1961,49,0.002102,0.003599,0.002856
1961,50,0.002239,0.003932,0.003091
1961,51,0.002362,0.004260,0.003317
1961,52,0.002555,0.004596,0.003581
1961,53,0.002850,0.005148,0.004004
1961,54,0.003030,0.005572,0.004305
1961,55,0.003248,0.006002,0.004627
1961,56,0.003666,0.006572,0.005119
1961,57,0.003803,0.007270,0.005533
1961,58,0.004203,0.007676,0.005933
1962,28,0.000407,0.001129,0.000780
1962,29,0.000510,0.001317,0.000927
1962,30,0.000504,0.001228,0.000879
1962,31,0.000472,0.001216,0.000857
1962,32,0.000595,0.001298,0.000958
1962,33,0.000581,0.001375,0.000991
1962,34,0.000632,0.001337,0.000995
1962,35,0.000702,0.001372,0.001047
1962,36,0.000668,0.001433,0.001061
1962,37,0.000714,0.001446,0.001089
1962,38,0.000825,0.001579,0.001211
1962,39,0.000896,0.001630,0.001271
1962,40,0.000892,0.001736,0.001323
1962,41,0.000989,0.001943,0.001475
1962,42,0.001080,0.002057,0.001577
1962,43,0.001257,0.002188,0.001731
1962,44,0.001203,0.002424,0.001823
1962,45,0.001391,0.002516,0.001962
1962,46,0.001624,0.002752,0.002195
1962,47,0.001605,0.003068,0.002345
1962,48,0.001738,0.003246,0.002500
1962,49,0.001993,0.003461,0.002734
1962,50,0.002116,0.003747,0.002939
1962,51,0.002358,0.004110,0.003242
1962,52,0.002473,0.004522,0.003505
1962,53,0.002709,0.005025,0.003875
1962,54,0.002885,0.005335,0.004117
1962,55,0.003218,0.005802,0.004515
1962,56,0.003454,0.006163,0.004812
1962,57,0.003679,0.006906,0.005294
1963,27,0.000398,0.001148,0.000786
1963,28,0.000483,0.001209,0.000859
1963,29,0.000500,0.001128,0.000826
1963,30,0.000514,0.001189,0.000864
1963,31,0.000493,0.001228,0.000874
1963,32,0.000481,0.001260,0.000884
1963,33,0.000530,0.001266,0.000910
1963,34,0.000585,0.001242,0.000924
1963,35,0.000609,0.001171,0.000899
1963,36,0.000622,0.001377,0.001010
1963,37,0.000753,0.001349,0.001059
1963,38,0.000723,0.001474,0.001108
1963,39,0.000840,0.001613,0.001236
1963,40,0.000844,0.001661,0.001261
1963,41,0.000901,0.001783,0.001351
1963,42,0.001056,0.001923,0.001498
1963,43,0.001080,0.002159,0.001630
1963,44,0.001090,0.002209,0.001659
1963,45,0.001339,0.002447,0.001902
1963,46,0.001477,0.002599,0.002046
1963,47,0.001661,0.002866,0.002271
1963,48,0.001722,0.002958,0.002348
1963,49,0.001804,0.003419,0.002622
1963,50,0.002035,0.003506,0.002779
1963,51,0.002270,0.003962,0.003126
1963,52,0.002426,0.004440,0.003444
1963,53,0.002583,0.004653,0.003627
1963,54,0.002880,0.005295,0.004097
1963,55,0.003073,0.005704,0.004397
1963,56,0.003351,0.006236,0.004800
1964,26,0.000385,0.001124,0.000767
1964,27,0.000391,0.001181,0.000800
1964,28,0.000470,0.001063,0.000778
1964,29,0.000431,0.001125,0.000791
1964,30,0.000492,0.001207,0.000863
1964,31,0.000521,0.001170,0.000857
1964,32,0.000503,0.001196,0.000862
1964,33,0.000504,0.001175,0.000850
1964,34,0.000555,0.001063,0.000817
1964,35,0.000569,0.001137,0.000861
1964,36,0.000645,0.001233,0.000947
1964,37,0.000694,0.001347,0.001029
1964,38,0.000734,0.001435,0.001093
1964,39,0.000787,0.001557,0.001181
1964,40,0.000841,0.001616,0.001237
1964,41,0.000851,0.001673,0.001270
1964,42,0.001019,0.001833,0.001434
1964,43,0.001063,0.002013,0.001546
1964,44,0.001166,0.002131,0.001656
1964,45,0.001281,0.002343,0.001820
1964,46,0.001329,0.002475,0.001910
1964,47,0.001612,0.002680,0.002153
1964,48,0.001684,0.002890,0.002295
1964,49,0.001795,0.003247,0.002530
1964,50,0.001969,0.003616,0.002803
1964,51,0.002153,0.003723,0.002948
1964,52,0.002311,0.004143,0.003236
1964,53,0.002571,0.004647,0.003619
1964,54,0.002727,0.005051,0.003899
1964,55,0.003068,0.005371,0.004228
1965,25,0.000430,0.001123,0.000788
1965,26,0.000441,0.001152,0.000809
1965,27,0.000411,0.000999,0.000716
1965,28,0.000381,0.001084,0.000747
1965,29,0.000413,0.001073,0.000755
1965,30,0.000449,0.001116,0.000795
1965,31,0.000462,0.001112,0.000799
1965,32,0.000438,0.001069,0.000764
1965,33,0.000501,0.000974,0.000745
1965,34,0.000512,0.001210,0.000872
1965,35,0.000593,0.001156,0.000883
1965,36,0.000623,0.001208,0.000924
1965,37,0.000653,0.001247,0.000958
1965,38,0.000708,0.001333,0.001028
1965,39,0.000726,0.001433,0.001088
1965,40,0.000819,0.001608,0.001222
1965,41,0.000916,0.001685,0.001308
1965,42,0.001024,0.001763,0.001401
1965,43,0.001048,0.001918,0.001491
1965,44,0.001194,0.002075,0.001641
1965,45,0.001263,0.002210,0.001744
1965,46,0.001369,0.002401,0.001893
1965,47,0.001601,0.002640,0.002128
1965,48,0.001578,0.002892,0.002245
1965,49,0.001864,0.003180,0.002531
1965,50,0.002001,0.003467,0.002744
1965,51,0.002104,0.003763,0.002944
1965,52,0.002318,0.004093,0.003216
1965,53,0.002444,0.004527,0.003496
1965,54,0.002753,0.004904,0.003838
1966,24,0.000380,0.001045,0.000722
1966,25,0.000360,0.001147,0.000766
1966,26,0.000386,0.001055,0.000733
1966,27,0.000345,0.001048,0.000709
1966,28,0.000393,0.001055,0.000735
1966,29,0.000448,0.001090,0.000780
1966,30,0.000422,0.001008,0.000725
1966,31,0.000427,0.001024,0.000735
1966,32,0.000444,0.000967,0.000713
1966,33,0.000496,0.001036,0.000774
1966,34,0.000484,0.001015,0.000756
1966,35,0.000560,0.001100,0.000837
1966,36,0.000626,0.001197,0.000918
1966,37,0.000583,0.001233,0.000915
1966,38,0.000617,0.001331,0.000981
1966,39,0.000762,0.001428,0.001101
1966,40,0.000765,0.001482,0.001130
1966,41,0.000854,0.001526,0.001195
1966,42,0.000935,0.001580,0.001263
1966,43,0.001056,0.001872,0.001470
1966,44,0.001101,0.001973,0.001543
1966,45,0.001127,0.002196,0.001669
1966,46,0.001393,0.002366,0.001886
1966,47,0.001444,0.002424,0.001940
1966,48,0.001530,0.002881,0.002214
1966,49,0.001801,0.003106,0.002462
1966,50,0.001788,0.003271,0.002538
1966,51,0.002155,0.003699,0.002935
1966,52,0.002312,0.004022,0.003175
1966,53,0.002526,0.004452,0.003497
1967,23,0.000401,0.001132,0.000776
1967,24,0.000386,0.000989,0.000696
1967,25,0.000431,0.001065,0.000759
1967,26,0.000358,0.000977,0.000678
1967,27,0.000376,0.001009,0.000703
1967,28,0.000400,0.001040,0.000730
1967,29,0.000402,0.000959,0.000689
1967,30,0.000400,0.000948,0.000682
1967,31,0.000377,0.000956,0.000674
1967,32,0.000487,0.000952,0.000725
1967,33,0.000442,0.000971,0.000713
1967,34,0.000486,0.000982,0.000740
1967,35,0.000562,0.001122,0.000848
1967,36,0.000541,0.001124,0.000838
1967,37,0.000615,0.001129,0.000876
1967,38,0.000616,0.001198,0.000912
1967,39,0.000725,0.001312,0.001023
1967,40,0.000696,0.001413,0.001059
1967,41,0.000814,0.001476,0.001149
1967,42,0.000880,0.001587,0.001238
1967,43,0.001005,0.001774,0.001394
1967,44,0.001089,0.001996,0.001548
1967,45,0.001198,0.002145,0.001677
1967,46,0.001264,0.002241,0.001758
1967,47,0.001449,0.002652,0.002058
1967,48,0.001674,0.002697,0.002192
1967,49,0.001714,0.002996,0.002362
1967,50,0.001830,0.003332,0.002589
1967,51,0.002109,0.003541,0.002831
1967,52,0.002192,0.003917,0.003061
1968,22,0.000382,0.001130,0.000765
1968,23,0.000361,0.001117,0.000749
1968,24,0.000377,0.001052,0.000726
1968,25,0.000376,0.000987,0.000692
1968,26,0.000367,0.000940,0.000663
1968,27,0.000353,0.001018,0.000696
1968,28,0.000412,0.001024,0.000728
1968,29,0.000359,0.000928,0.000652
1968,30,0.000382,0.000882,0.000639
1968,31,0.000414,0.000875,0.000651
1968,32,0.000411,0.000945,0.000685
1968,33,0.000403,0.000926,0.000671
1968,34,0.000488,0.001011,0.000755
1968,35,0.000516,0.001052,0.000789
1968,36,0.000535,0.001101,0.000823
1968,37,0.000573,0.001049,0.000815
1968,38,0.000568,0.001184,0.000881
1968,39,0.000706,0.001205,0.000959
1968,40,0.000746,0.001410,0.001083
1968,41,0.000861,0.001482,0.001176
1968,42,0.000921,0.001584,0.001256
1968,43,0.000994,0.001723,0.001363
1968,44,0.001046,0.001877,0.001466
1968,45,0.001141,0.002028,0.001590
1968,46,0.001327,0.002234,0.001786
1968,47,0.001448,0.002367,0.001914
1968,48,0.001593,0.002683,0.002144
1968,49,0.001819,0.002879,0.002355
1968,50,0.001860,0.003206,0.002540
1968,51,0.002003,0.003501,0.002759
1969,21,0.000404,0.001165,0.000792
1969,22,0.000335,0.001173,0.000764
1969,23,0.000340,0.001056,0.000709
1969,24,0.000371,0.001037,0.000715
1969,25,0.000314,0.000972,0.000653
1969,26,0.000333,0.000892,0.000622
1969,27,0.000350,0.000963,0.000666
1969,28,0.000389,0.000901,0.000653
1969,29,0.000379,0.000878,0.000636
1969,30,0.000355,0.000922,0.000646
1969,31,0.000393,0.000907,0.000657
1969,32,0.000365,0.000902,0.000640
1969,33,0.000405,0.000926,0.000671
1969,34,0.000482,0.000974,0.000733
1969,35,0.000467,0.001021,0.000749
1969,36,0.000537,0.000991,0.000767
1969,37,0.000562,0.001078,0.000824
1969,38,0.000628,0.001088,0.000861
1969,39,0.000713,0.001214,0.000967
1969,40,0.000749,0.001370,0.001063
1969,41,0.000780,0.001396,0.001091
1969,42,0.000846,0.001527,0.001191
1969,43,0.000951,0.001628,0.001294
1969,44,0.001065,0.001760,0.001417
1969,45,0.001068,0.002111,0.001596
1969,46,0.001209,0.002183,0.001702
1969,47,0.001351,0.002442,0.001903
1969,48,0.001524,0.002654,0.002095
1969,49,0.001622,0.002917,0.002276
1969,50,0.001910,0.003108,0.002514
1970,20,0.000409,0.001146,0.000785
1970,21,0.000364,0.001152,0.000767
1970,22,0.000379,0.001055,0.000727
1970,23,0.000336,0.001047,0.000702
1970,24,0.000332,0.000998,0.000675
1970,25,0.000352,0.000926,0.000648
1970,26,0.000309,0.000909,0.000618
1970,27,0.000354,0.000878,0.000623
1970,28,0.000321,0.000862,0.000598
1970,29,0.000360,0.000897,0.000635
1970,30,0.000297,0.000834,0.000572
1970,31,0.000348,0.000816,0.000587
1970,32,0.000375,0.000828,0.000606
1970,33,0.000417,0.000867,0.000646
1970,34,0.000394,0.000903,0.000653
1970,35,0.000487,0.000916,0.000704
1970,36,0.000512,0.000971,0.000745
1970,37,0.000515,0.001022,0.000771
1970,38,0.000625,0.001139,0.000884
1970,39,0.000665,0.001209,0.000939
1970,40,0.000683,0.001263,0.000975
1970,41,0.000799,0.001357,0.001080
1970,42,0.000896,0.001484,0.001193
1970,43,0.000931,0.001656,0.001297
1970,44,0.001006,0.001763,0.001388
1970,45,0.001123,0.002023,0.001578
1970,46,0.001261,0.002221,0.001745
1970,47,0.001320,0.002356,0.001842
1970,48,0.001464,0.002593,0.002033
1970,49,0.001689,0.002800,0.002248
1971,19,0.000445,0.001216,0.000840
1971,20,0.000401,0.001127,0.000772
1971,21,0.000345,0.001175,0.000771
1971,22,0.000385,0.001028,0.000715
1971,23,0.000293,0.000934,0.000622
1971,24,0.000375,0.001028,0.000710
1971,25,0.000301,0.000908,0.000613
1971,26,0.000301,0.000830,0.000572
1971,27,0.000295,0.000795,0.000551
1971,28,0.000369,0.000912,0.000646
1971,29,0.000359,0.000806,0.000587
1971,30,0.000338,0.000838,0.000593
1971,31,0.000386,0.000831,0.000612
1971,32,0.000344,0.000810,0.000581
1971,33,0.000394,0.000905,0.000653
1971,34,0.000443,0.000875,0.000662
1971,35,0.000468,0.000934,0.000703
1971,36,0.000463,0.000964,0.000716
1971,37,0.000531,0.001072,0.000804
1971,38,0.000550,0.001200,0.000877
1971,39,0.000659,0.001221,0.000942
1971,40,0.000724,0.001321,0.001025
1971,41,0.000759,0.001364,0.001064
1971,42,0.000854,0.001471,0.001165
1971,43,0.000890,0.001749,0.001323
1971,44,0.001028,0.001852,0.001445
1971,45,0.001132,0.002028,0.001584
1971,46,0.001201,0.002180,0.001695
1971,47,0.001361,0.002392,0.001881
1971,48,0.001529,0.002567,0.002052
1972,18,0.000428,0.001081,0.000763
1972,19,0.000486,0.001221,0.000861
1972,20,0.000332,0.001092,0.000721
1972,21,0.000287,0.001082,0.000694
1972,22,0.000306,0.001072,0.000698
1972,23,0.000339,0.001014,0.000685
1972,24,0.000312,0.000877,0.000601
1972,25,0.000313,0.000911,0.000619
1972,26,0.000347,0.000874,0.000616
1972,27,0.000355,0.000839,0.000602
1972,28,0.000342,0.000802,0.000576
1972,29,0.000292,0.000813,0.000557
1972,30,0.000319,0.000753,0.000539
1972,31,0.000361,0.000817,0.000592
1972,32,0.000370,0.000864,0.000620
1972,33,0.000356,0.000855,0.000608
1972,34,0.000399,0.000898,0.000651
1972,35,0.000448,0.000862,0.000656
1972,36,0.000486,0.000927,0.000708
1972,37,0.000557,0.000937,0.000748
1972,38,0.000603,0.001137,0.000871
1972,39,0.000641,0.001087,0.000865
1972,40,0.000684,0.001186,0.000937
1972,41,0.000760,0.001293,0.001028
1972,42,0.000849,0.001551,0.001202
1972,43,0.000946,0.001592,0.001272
1972,44,0.000990,0.001799,0.001398
1972,45,0.001220,0.001943,0.001584
1972,46,0.001177,0.002062,0.001622
1972,47,0.001232,0.002251,0.001744
1973,17,0.000276,0.000769,0.000529
1973,18,0.000404,0.001076,0.000748
1973,19,0.000416,0.001167,0.000800
1973,20,0.000412,0.001084,0.000755
1973,21,0.000357,0.001067,0.000719
1973,22,0.000336,0.000989,0.000669
1973,23,0.000284,0.001082,0.000691
1973,24,0.000312,0.000900,0.000611
1973,25,0.000355,0.000800,0.000582
1973,26,0.000293,0.000853,0.000577
1973,27,0.000340,0.000879,0.000613
1973,28,0.000302,0.000712,0.000510
1973,29,0.000290,0.000749,0.000522
1973,30,0.000370,0.000703,0.000538
1973,31,0.000319,0.000799,0.000561
1973,32,0.000341,0.000741,0.000542
1973,33,0.000441,0.000714,0.000578
1973,34,0.000379,0.000827,0.000604
1973,35,0.000423,0.000962,0.000693
1973,36,0.000495,0.000960,0.000728
1973,37,0.000541,0.001021,0.000782
1973,38,0.000494,0.001020,0.000758
1973,39,0.000660,0.001196,0.000929
1973,40,0.000689,0.001158,0.000925
1973,41,0.000773,0.001340,0.001058
1973,42,0.000750,0.001449,0.001102
1973,43,0.000873,0.001550,0.001213
1973,44,0.000940,0.001784,0.001364
1973,45,0.001016,0.001847,0.001433
1973,46,0.001199,0.002025,0.001613
1974,16,0.000236,0.000590,0.000418
1974,17,0.000317,0.000768,0.000548
1974,18,0.000366,0.001080,0.000732
1974,19,0.000412,0.001161,0.000795
1974,20,0.000309,0.001031,0.000677
1974,21,0.000379,0.001117,0.000754
1974,22,0.000336,0.000977,0.000662
1974,23,0.000280,0.000955,0.000623
1974,24,0.000288,0.000870,0.000583
1974,25,0.000303,0.000820,0.000566
1974,26,0.000270,0.000776,0.000526
1974,27,0.000337,0.000715,0.000528
1974,28,0.000313,0.000773,0.000546
1974,29,0.000303,0.000687,0.000497
1974,30,0.000337,0.000716,0.000528
1974,31,0.000337,0.000755,0.000547
1974,32,0.000342,0.000760,0.000552
1974,33,0.000362,0.000787,0.000575
1974,34,0.000422,0.000787,0.000605
1974,35,0.000462,0.000901,0.000682
1974,36,0.000457,0.000885,0.000671
1974,37,0.000520,0.000932,0.000726
1974,38,0.000594,0.000997,0.000796
1974,39,0.000616,0.001079,0.000849
1974,40,0.000636,0.001241,0.000940
1974,41,0.000732,0.001313,0.001025
1974,42,0.000856,0.001431,0.001145
1974,43,0.000877,0.001536,0.001208
1974,44,0.000957,0.001706,0.001334
1974,45,0.001015,0.001890,0.001454
1975,15,0.000227,0.000417,0.000325
1975,16,0.000292,0.000587,0.000444
1975,17,0.000306,0.000715,0.000517
1975,18,0.000385,0.001088,0.000747
1975,19,0.000379,0.001148,0.000773
1975,20,0.000424,0.001052,0.000745
1975,21,0.000327,0.000857,0.000597
1975,22,0.000311,0.000871,0.000596
1975,23,0.000247,0.000886,0.000573
1975,24,0.000305,0.000993,0.000655
1975,25,0.000263,0.000809,0.000540
1975,26,0.000285,0.000778,0.000536
1975,27,0.000279,0.000759,0.000523
1975,28,0.000300,0.000794,0.000550
1975,29,0.000290,0.000706,0.000501
1975,30,0.000303,0.000686,0.000496
1975,31,0.000288,0.000766,0.000529
1975,32,0.000342,0.000784,0.000565
1975,33,0.000365,0.000794,0.000581
1975,34,0.000467,0.000861,0.000665
1975,35,0.000358,0.000795,0.000578
1975,36,0.000490,0.000850,0.000671
1975,37,0.000485,0.000904,0.000695
1975,38,0.000570,0.001092,0.000834
1975,39,0.000621,0.001047,0.000836
1975,40,0.000716,0.001279,0.001001
1975,41,0.000736,0.001312,0.001027
1975,42,0.000769,0.001421,0.001098
1975,43,0.000911,0.001593,0.001254
1975,44,0.000937,0.001674,0.001308
1976,14,0.000269,0.000314,0.000292
1976,15,0.000208,0.000325,0.000268
1976,16,0.000260,0.000503,0.000385
1976,17,0.000302,0.000619,0.000465
1976,18,0.000441,0.001135,0.000797
1976,19,0.000380,0.001092,0.000744
1976,20,0.000359,0.001092,0.000733
1976,21,0.000301,0.001035,0.000674
1976,22,0.000277,0.001011,0.000650
1976,23,0.000310,0.000886,0.000602
1976,24,0.000284,0.000831,0.000561
1976,25,0.000254,0.000790,0.000525
1976,26,0.000272,0.000735,0.000506
1976,27,0.000281,0.000732,0.000509
1976,28,0.000228,0.000709,0.000471
1976,29,0.000284,0.000644,0.000465
1976,30,0.000300,0.000639,0.000471
1976,31,0.000383,0.000726,0.000555
1976,32,0.000333,0.000784,0.000559
1976,33,0.000347,0.000760,0.000554
1976,34,0.000403,0.000822,0.000613
1976,35,0.000456,0.000773,0.000615
1976,36,0.000434,0.000895,0.000666
1976,37,0.000466,0.000855,0.000662
1976,38,0.000580,0.001018,0.000801
1976,39,0.000574,0.001116,0.000848
1976,40,0.000709,0.001289,0.001001
1976,41,0.000728,0.001415,0.001074
1976,42,0.000849,0.001407,0.001130
1976,43,0.000877,0.001576,0.001228
1977,13,0.000155,0.000199,0.000177
1977,14,0.000128,0.000252,0.000191
1977,15,0.000225,0.000361,0.000295
1977,16,0.000319,0.000547,0.000436
1977,17,0.000297,0.000700,0.000504
1977,18,0.000403,0.001126,0.000774
1977,19,0.000375,0.001215,0.000805
1977,20,0.000379,0.001026,0.000709
1977,21,0.000331,0.000945,0.000644
1977,22,0.000311,0.000909,0.000614
1977,23,0.000320,0.000844,0.000585
1977,24,0.000309,0.000785,0.000550
1977,25,0.000306,0.000759,0.000535
1977,26,0.000304,0.000741,0.000525
1977,27,0.000294,0.000712,0.000505
1977,28,0.000248,0.000638,0.000445
1977,29,0.000330,0.000641,0.000487
1977,30,0.000285,0.000633,0.000460
1977,31,0.000309,0.000770,0.000541
1977,32,0.000366,0.000736,0.000551
1977,33,0.000391,0.000835,0.000614
1977,34,0.000418,0.000756,0.000588
1977,35,0.000445,0.000865,0.000657
1977,36,0.000491,0.000838,0.000666
1977,37,0.000443,0.000889,0.000668
1977,38,0.000575,0.001036,0.000809
1977,39,0.000603,0.001098,0.000853
1977,40,0.000677,0.001202,0.000943
1977,41,0.000707,0.001369,0.001041
1977,42,0.000769,0.001375,0.001074
1978,12,0.000133,0.000188,0.000162
1978,13,0.000129,0.000227,0.000179
1978,14,0.000170,0.000250,0.000211
1978,15,0.000186,0.000386,0.000289
1978,16,0.000296,0.000526,0.000414
1978,17,0.000279,0.000712,0.000501
1978,18,0.000437,0.001132,0.000794
1978,19,0.000356,0.001070,0.000721
1978,20,0.000319,0.001017,0.000675
1978,21,0.000342,0.001016,0.000685
1978,22,0.000254,0.000828,0.000545
1978,23,0.000254,0.000775,0.000517
1978,24,0.000253,0.000720,0.000489
1978,25,0.000231,0.000788,0.000512
1978,26,0.000245,0.000714,0.000482
1978,27,0.000249,0.000663,0.000457
1978,28,0.000253,0.000662,0.000459
1978,29,0.000313,0.000674,0.000495
1978,30,0.000296,0.000732,0.000515
1978,31,0.000301,0.000746,0.000524
1978,32,0.000343,0.000781,0.000563
1978,33,0.000404,0.000710,0.000557
1978,34,0.000389,0.000782,0.000587
1978,35,0.000409,0.000820,0.000616
1978,36,0.000445,0.000934,0.000692
1978,37,0.000485,0.000994,0.000743
1978,38,0.000611,0.001071,0.000843
1978,39,0.000626,0.001136,0.000883
1978,40,0.000588,0.001265,0.000930
1978,41,0.000719,0.001493,0.001109
1979,11,0.000144,0.000248,0.000197
1979,12,0.000140,0.000215,0.000178
1979,13,0.000136,0.000217,0.000178
1979,14,0.000157,0.000248,0.000203
1979,15,0.000249,0.000337,0.000294
1979,16,0.000275,0.000539,0.000411
1979,17,0.000264,0.000601,0.000437
1979,18,0.000414,0.001107,0.000769
1979,19,0.000358,0.000949,0.000660
1979,20,0.000311,0.000978,0.000650
1979,21,0.000293,0.000937,0.000619
1979,22,0.000277,0.000885,0.000584
1979,23,0.000277,0.000860,0.000571
1979,24,0.000272,0.000744,0.000510
1979,25,0.000234,0.000608,0.000422
1979,26,0.000231,0.000665,0.000450
1979,27,0.000269,0.000613,0.000442
1979,28,0.000259,0.000640,0.000450
1979,29,0.000236,0.000686,0.000461
1979,30,0.000251,0.000704,0.000478
1979,31,0.000318,0.000710,0.000515
1979,32,0.000328,0.000782,0.000556
1979,33,0.000401,0.000687,0.000545
1979,34,0.000356,0.000838,0.000599
1979,35,0.000386,0.000903,0.000647
1979,36,0.000460,0.000859,0.000662
1979,37,0.000463,0.001024,0.000746
1979,38,0.000623,0.001045,0.000836
1979,39,0.000633,0.001120,0.000879
1979,40,0.000651,0.001149,0.000901
1980,10,0.000136,0.000188,0.000162
1980,11,0.000165,0.000162,0.000163
1980,12,0.000154,0.000191,0.000173
1980,13,0.000162,0.000209,0.000186
1980,14,0.000172,0.000225,0.000199
1980,15,0.000266,0.000350,0.000309
1980,16,0.000271,0.000551,0.000414
1980,17,0.000238,0.000649,0.000448
1980,18,0.000354,0.000991,0.000679
1980,19,0.000374,0.000926,0.000655
1980,20,0.000385,0.000990,0.000691
1980,21,0.000281,0.000838,0.000562
1980,22,0.000254,0.000782,0.000520
1980,23,0.000274,0.000727,0.000502
1980,24,0.000255,0.000716,0.000487
1980,25,0.000246,0.000664,0.000456
1980,26,0.000258,0.000688,0.000474
1980,27,0.000247,0.000653,0.000451
1980,28,0.000274,0.000638,0.000456
1980,29,0.000280,0.000709,0.000495
1980,30,0.000300,0.000649,0.000475
1980,31,0.000269,0.000683,0.000477
1980,32,0.000297,0.000672,0.000485
1980,33,0.000360,0.000753,0.000558
1980,34,0.000416,0.000778,0.000598
1980,35,0.000444,0.000881,0.000666
1980,36,0.000451,0.000911,0.000684
1980,37,0.000473,0.000998,0.000738
1980,38,0.000544,0.001003,0.000776
1980,39,0.000648,0.001162,0.000907
1981,9,0.000179,0.000189,0.000184
1981,10,0.000126,0.000167,0.000147
1981,11,0.000136,0.000165,0.000151
1981,12,0.000135,0.000201,0.000169
1981,13,0.000125,0.000209,0.000168
1981,14,0.000156,0.000260,0.000209
1981,15,0.000191,0.000273,0.000233
1981,16,0.000274,0.000479,0.000379
1981,17,0.000300,0.000646,0.000477
1981,18,0.000333,0.000994,0.000671
1981,19,0.000396,0.000953,0.000680
1981,20,0.000337,0.000902,0.000624
1981,21,0.000241,0.000869,0.000558
1981,22,0.000299,0.000773,0.000538
1981,23,0.000244,0.000671,0.000459
1981,24,0.000230,0.000597,0.000414
1981,25,0.000209,0.000693,0.000452
1981,26,0.000264,0.000624,0.000445
1981,27,0.000260,0.000632,0.000447
1981,28,0.000259,0.000586,0.000423
1981,29,0.000304,0.000677,0.000491
1981,30,0.000270,0.000616,0.000444
1981,31,0.000316,0.000627,0.000473
1981,32,0.000338,0.000709,0.000525
1981,33,0.000360,0.000709,0.000537
1981,34,0.000420,0.000799,0.000612
1981,35,0.000397,0.000829,0.000616
1981,36,0.000447,0.000827,0.000639
1981,37,0.000528,0.000927,0.000730
1981,38,0.000547,0.001039,0.000796
1982,8,0.000141,0.000257,0.000201
1982,9,0.000138,0.000175,0.000157
1982,10,0.000166,0.000149,0.000157
1982,11,0.000140,0.000209,0.000175
1982,12,0.000105,0.000158,0.000132
1982,13,0.000154,0.000174,0.000164
1982,14,0.000137,0.000244,0.000192
1982,15,0.000222,0.000267,0.000245
1982,16,0.000222,0.000413,0.000320
1982,17,0.000326,0.000582,0.000458
1982,18,0.000337,0.000982,0.000667
1982,19,0.000316,0.000859,0.000593
1982,20,0.000307,0.000843,0.000579
1982,21,0.000241,0.000761,0.000505
1982,22,0.000234,0.000668,0.000454
1982,23,0.000267,0.000603,0.000437
1982,24,0.000202,0.000647,0.000427
1982,25,0.000253,0.000583,0.000419
1982,26,0.000273,0.000634,0.000456
1982,27,0.000277,0.000680,0.000481
1982,28,0.000231,0.000642,0.000439
1982,29,0.000248,0.000617,0.000435
1982,30,0.000281,0.000676,0.000481
1982,31,0.000278,0.000648,0.000466
1982,32,0.000374,0.000695,0.000537
1982,33,0.000355,0.000714,0.000539
1982,34,0.000372,0.000798,0.000589
1982,35,0.000423,0.000791,0.000610
1982,36,0.000502,0.000889,0.000699
1982,37,0.000521,0.000993,0.000760
1983,7,0.000174,0.000278,0.000228
1983,8,0.000177,0.000198,0.000188
1983,9,0.000116,0.000167,0.000142
1983,10,0.000148,0.000163,0.000156
1983,11,0.000117,0.000185,0.000152
1983,12,0.000116,0.000144,0.000130
1983,13,0.000111,0.000167,0.000140
1983,14,0.000141,0.000224,0.000183
1983,15,0.000192,0.000323,0.000259
1983,16,0.000221,0.000437,0.000331
1983,17,0.000243,0.000498,0.000374
1983,18,0.000365,0.000869,0.000623
1983,19,0.000292,0.000875,0.000589
1983,20,0.000334,0.000741,0.000541
1983,21,0.000254,0.000707,0.000483
1983,22,0.000260,0.000585,0.000424
1983,23,0.000254,0.000633,0.000446
1983,24,0.000208,0.000570,0.000391
1983,25,0.000225,0.000600,0.000414
1983,26,0.000271,0.000649,0.000462
1983,27,0.000304,0.000640,0.000473
1983,28,0.000268,0.000548,0.000410
1983,29,0.000313,0.000576,0.000447
1983,30,0.000284,0.000572,0.000430
1983,31,0.000333,0.000758,0.000550
1983,32,0.000338,0.000740,0.000544
1983,33,0.000351,0.000715,0.000537
1983,34,0.000419,0.000741,0.000583
1983,35,0.000437,0.000693,0.000567
1983,36,0.000472,0.000918,0.000699
1984,6,0.000183,0.000241,0.000213
1984,7,0.000145,0.000177,0.000162
1984,8,0.000127,0.000173,0.000150
1984,9,0.000097,0.000169,0.000134
1984,10,0.000087,0.000155,0.000122
1984,11,0.000124,0.000134,0.000129
1984,12,0.000121,0.000173,0.000148
1984,13,0.000156,0.000228,0.000193
1984,14,0.000142,0.000241,0.000193
1984,15,0.000197,0.000247,0.000223
1984,16,0.000217,0.000437,0.000330
1984,17,0.000228,0.000531,0.000383
1984,18,0.000306,0.000846,0.000582
1984,19,0.000293,0.000815,0.000559
1984,20,0.000289,0.000689,0.000492
1984,21,0.000209,0.000641,0.000428
1984,22,0.000259,0.000691,0.000477
1984,23,0.000249,0.000617,0.000435
1984,24,0.000246,0.000579,0.000414
1984,25,0.000240,0.000562,0.000403
1984,26,0.000220,0.000585,0.000405
1984,27,0.000240,0.000591,0.000418
1984,28,0.000250,0.000570,0.000412
1984,29,0.000253,0.000595,0.000427
1984,30,0.000279,0.000622,0.000454
1984,31,0.000316,0.000688,0.000507
1984,32,0.000329,0.000665,0.000501
1984,33,0.000378,0.000782,0.000584
1984,34,0.000387,0.000701,0.000547
1984,35,0.000517,0.000777,0.000650
1985,5,0.000212,0.000280,0.000247
1985,6,0.000183,0.000202,0.000193
1985,7,0.000129,0.000184,0.000157
1985,8,0.000120,0.000178,0.000150
1985,9,0.000155,0.000150,0.000152
1985,10,0.000135,0.000129,0.000132
1985,11,0.000072,0.000151,0.000112
1985,12,0.000114,0.000135,0.000124
1985,13,0.000095,0.000175,0.000136
1985,14,0.000153,0.000207,0.000181
1985,15,0.000182,0.000214,0.000198
1985,16,0.000200,0.000473,0.000340
1985,17,0.000238,0.000532,0.000388
1985,18,0.000266,0.000726,0.000501
1985,19,0.000234,0.000690,0.000466
1985,20,0.000204,0.000599,0.000404
1985,21,0.000226,0.000643,0.000437
1985,22,0.000231,0.000577,0.000406
1985,23,0.000204,0.000555,0.000382
1985,24,0.000235,0.000582,0.000411
1985,25,0.000208,0.000535,0.000374
1985,26,0.000219,0.000564,0.000394
1985,27,0.000221,0.000485,0.000355
1985,28,0.000241,0.000583,0.000415
1985,29,0.000244,0.000530,0.000391
1985,30,0.000295,0.000577,0.000441
1985,31,0.000312,0.000657,0.000489
1985,32,0.000327,0.000582,0.000458
1985,33,0.000348,0.000713,0.000535
1985,34,0.000383,0.000703,0.000547
1986,4,0.000232,0.000277,0.000255
1986,5,0.000213,0.000267,0.000241
1986,6,0.000190,0.000203,0.000197
1986,7,0.000148,0.000184,0.000167
1986,8,0.000125,0.000140,0.000133
1986,9,0.000094,0.000152,0.000124
1986,10,0.000099,0.000137,0.000118
1986,11,0.000114,0.000130,0.000122
1986,12,0.000105,0.000168,0.000138
1986,13,0.000123,0.000149,0.000136
1986,14,0.000167,0.000204,0.000186
1986,15,0.000186,0.000252,0.000220
1986,16,0.000199,0.000418,0.000311
1986,17,0.000225,0.000503,0.000367
1986,18,0.000268,0.000651,0.000464
1986,19,0.000243,0.000614,0.000432
1986,20,0.000230,0.000657,0.000447
1986,21,0.000200,0.000637,0.000422
1986,22,0.000210,0.000569,0.000392
1986,23,0.000253,0.000482,0.000369
1986,24,0.000203,0.000599,0.000404
1986,25,0.000234,0.000559,0.000399
1986,26,0.000221,0.000555,0.000391
1986,27,0.000224,0.000520,0.000375
1986,28,0.000255,0.000553,0.000408
1986,29,0.000271,0.000621,0.000452
1986,30,0.000342,0.000560,0.000454
1986,31,0.000362,0.000537,0.000452
1986,32,0.000340,0.000598,0.000472
1986,33,0.000360,0.000680,0.000524
1987,3,0.000326,0.000391,0.000359
1987,4,0.000215,0.000274,0.000245
1987,5,0.000176,0.000205,0.000191
1987,6,0.000105,0.000221,0.000164
1987,7,0.000136,0.000184,0.000161
1987,8,0.000124,0.000151,0.000138
1987,9,0.000099,0.000161,0.000131
1987,10,0.000099,0.000148,0.000124
1987,11,0.000106,0.000136,0.000121
1987,12,0.000090,0.000163,0.000127
1987,13,0.000112,0.000187,0.000151
1987,14,0.000136,0.000189,0.000163
1987,15,0.000164,0.000257,0.000212
1987,16,0.000233,0.000337,0.000286
1987,17,0.000194,0.000433,0.000317
1987,18,0.000258,0.000679,0.000474
1987,19,0.000269,0.000675,0.000477
1987,20,0.000220,0.000661,0.000445
1987,21,0.000233,0.000513,0.000375
1987,22,0.000250,0.000534,0.000395
1987,23,0.000239,0.000575,0.000410
1987,24,0.000177,0.000557,0.000371
1987,25,0.000217,0.000535,0.000380
1987,26,0.000200,0.000500,0.000354
1987,27,0.000241,0.000534,0.000392
1987,28,0.000261,0.000474,0.000371
1987,29,0.000266,0.000544,0.000410
1987,30,0.000293,0.000554,0.000428
1987,31,0.000287,0.000610,0.000454
1987,32,0.000345,0.000638,0.000496
1988,2,0.000321,0.000460,0.000393
1988,3,0.000256,0.000337,0.000298
1988,4,0.000228,0.000242,0.000235
1988,5,0.000140,0.000192,0.000167
1988,6,0.000165,0.000155,0.000160
1988,7,0.000134,0.000166,0.000151
1988,8,0.000080,0.000135,0.000108
1988,9,0.000097,0.000118,0.000108
1988,10,0.000086,0.000121,0.000104
1988,11,0.000097,0.000153,0.000126
1988,12,0.000116,0.000153,0.000135
1988,13,0.000154,0.000175,0.000165
1988,14,0.000124,0.000201,0.000164
1988,15,0.000175,0.000262,0.000220
1988,16,0.000177,0.000333,0.000257
1988,17,0.000198,0.000398,0.000301
1988,18,0.000249,0.000585,0.000421
1988,19,0.000205,0.000584,0.000399
1988,20,0.000216,0.000554,0.000389
1988,21,0.000208,0.000571,0.000393
1988,22,0.000208,0.000526,0.000370
1988,23,0.000203,0.000591,0.000401
1988,24,0.000250,0.000474,0.000365
1988,25,0.000201,0.000512,0.000360
1988,26,0.000167,0.000461,0.000318
1988,27,0.000209,0.000523,0.000372
1988,28,0.000214,0.000476,0.000350
1988,29,0.000277,0.000503,0.000394
1988,30,0.000315,0.000546,0.000435
1988,31,0.000342,0.000594,0.000472
1989,1,0.000602,0.000676,0.000640
1989,2,0.000321,0.000455,0.000390
1989,3,0.000245,0.000315,0.000281
1989,4,0.000176,0.000262,0.000220
1989,5,0.000185,0.000214,0.000200
1989,6,0.000151,0.000186,0.000168
1989,7,0.000117,0.000114,0.000115
1989,8,0.000099,0.000154,0.000127
1989,9,0.000086,0.000118,0.000102
1989,10,0.000110,0.000114,0.000112
1989,11,0.000095,0.000128,0.000112
1989,12,0.000099,0.000174,0.000137
1989,13,0.000090,0.000155,0.000123
1989,14,0.000118,0.000174,0.000147
1989,15,0.000171,0.000211,0.000192
1989,16,0.000125,0.000341,0.000235
1989,17,0.000184,0.000390,0.000289
1989,18,0.000214,0.000563,0.000392
1989,19,0.000200,0.000494,0.000350
1989,20,0.000226,0.000532,0.000382
1989,21,0.000223,0.000609,0.000420
1989,22,0.000254,0.000536,0.000398
1989,23,0.000202,0.000470,0.000339
1989,24,0.000195,0.000462,0.000331
1989,25,0.000199,0.000501,0.000354
1989,26,0.000206,0.000477,0.000347
1989,27,0.000213,0.000480,0.000351
1989,28,0.000250,0.000470,0.000364
1989,29,0.000252,0.000442,0.000350
1989,30,0.000267,0.000478,0.000376
1990,0,0.006008,0.007985,0.007023
1990,1,0.000527,0.000643,0.000587
1990,2,0.000213,0.000400,0.000309
1990,3,0.000234,0.000282,0.000259
1990,4,0.000189,0.000236,0.000213
1990,5,0.000133,0.000214,0.000174
1990,6,0.000146,0.000163,0.000155
1990,7,0.000113,0.000139,0.000126
1990,8,0.000087,0.000147,0.000118
1990,9,0.000113,0.000116,0.000115
1990,10,0.000083,0.000118,0.000101
1990,11,0.000102,0.000147,0.000125
1990,12,0.000087,0.000132,0.000110
1990,13,0.000085,0.000105,0.000095
1990,14,0.000115,0.000179,0.000148
1990,15,0.000154,0.000182,0.000168
1990,16,0.000182,0.000322,0.000254
1990,17,0.000180,0.000302,0.000242
1990,18,0.000184,0.000559,0.000376
1990,19,0.000228,0.000501,0.000368
1990,20,0.000227,0.000547,0.000391
1990,21,0.000189,0.000520,0.000358
1990,22,0.000171,0.000479,0.000329
1990,23,0.000235,0.000478,0.000359
1990,24,0.000171,0.000484,0.000332
1990,25,0.000172,0.000443,0.000314
1990,26,0.000206,0.000448,0.000332
1990,27,0.000209,0.000451,0.000335
1990,28,0.000220,0.000505,0.000368
1990,29,0.000220,0.000549,0.000391
