Year,Age,qx
1909,81,0.08481859641142885
1909,82,0.09231115549667156
1909,83,0.09890449371450298
1909,84,0.1078658382272595
1909,85,0.118003088356932
1909,86,0.13039468770346563
1909,87,0.13762660065173757
1909,88,0.1490796066979256
1909,89,0.16540018125846212
1909,90,0.17752293473481817
1909,91,0.1907681229626353
1909,92,0.2089381152297574
1909,93,0.23359551191947672
1909,94,0.24470097164577714
1909,95,0.26557663939864073
1909,96,0.28150864637443435
1909,97,0.29303837036373215
1909,98,0.3249384833658016
1909,99,0.3571201795339068
1909,100,0.3658455176572435
1909,101,0.3980231605801559
1909,102,0.4198155134611966
1909,103,0.45959340197641874
1909,104,0.445198695832666
1909,105,0.474085004146674
1909,106,0.4712951264124277
1909,107,0.5446061831678611
1909,108,0.5367040355873578
1909,109,0.6030729601023668
1910,80,0.07641536155456415
1910,81,0.08290202622877592
1910,82,0.08831871932647645
1910,83,0.09698977084426573
1910,84,0.10478726000091919
1910,85,0.11813324463468027
1910,86,0.12191759725649723
1910,87,0.13490598061048256
1910,88,0.14937761255832352
1910,89,0.16164389479639518
1910,90,0.17185646148192973
1910,91,0.19243516038974715
1910,92,0.21657073303401447
1910,93,0.2256707297328348
1910,94,0.2414444072216844
1910,95,0.2630068220407064
1910,96,0.27881034813642497
1910,97,0.31088071524066996
1910,98,0.33511476053955597
1910,99,0.34433865228338467
1910,100,0.3764336091231443
1910,101,0.39836505104410586
1910,102,0.4242656782610511
1910,103,0.45926706563946
1910,104,0.4649297858884065
1910,105,0.48650415757307913
1910,106,0.49191250377964435
1910,107,0.5045415204700225
1910,108,0.5614843180212928
1910,109,0.5644301685000089
1911,79,0.06860414641718826
1911,80,0.07339590943419491
1911,81,0.07991029340890807
1911,82,0.08762045003071758
1911,83,0.09509477379726665
1911,84,0.10600948983945116
1911,85,0.11143300686305245
1911,86,0.12089945026913418
1911,87,0.13493293918249447
1911,88,0.1456000652748777
1911,89,0.1559427051398487
1911,90,0.17199514847512404
1911,91,0.1991399993066689
1911,92,0.20860122209224627
1911,93,0.22331429170425468
1911,94,0.23820289648252807
1911,95,0.25433851431115106
1911,96,0.2822665492882142
1911,97,0.3113855672435818
1911,98,0.3199164662467018
1911,99,0.33360412266340056
1911,100,0.3755494196447245
1911,101,0.41318767983046506
1911,102,0.404383477710035
1911,103,0.47613242409234635
1911,104,0.4510838734210253
1911,105,0.47114671640536016
1911,106,0.5174345984805188
1911,107,0.5255190265181716
1911,108,0.5202492788064922
1912,78,0.061731900694772204
1912,79,0.06562932815437826
1912,80,0.07171671204560004
1912,81,0.07871319895213018
1912,82,0.08464068577524886
1912,83,0.09412996794803075
1912,84,0.09986718071593204
1912,85,0.10976946748425438
1912,86,0.12136542917876428
1912,87,0.13110922872279537
1912,88,0.1393643975750336
1912,89,0.15537804143574305
1912,90,0.17773714131602913
1912,91,0.19121645667443388
1912,92,0.20598116908134126
1912,93,0.22057486997963002
1912,94,0.2374374455533411
1912,95,0.2664448293900009
1912,96,0.2898360252026865
1912,97,0.301546781346228
1912,98,0.3232989763321075
1912,99,0.35608714217668036
1912,100,0.373953334086735
1912,101,0.3782214603467038
1912,102,0.4286470218736263
1912,103,0.4283766033996572
1912,104,0.46619709290666006
1912,105,0.5302061018493681
1912,106,0.5023623362099209
1912,107,0.5007136602976983
1913,77,0.05453242875576162
1913,78,0.058981722401389
1913,79,0.06375099837839146
1913,80,0.07024501134213496
1913,81,0.07610079500324898
1913,82,0.08535671240430374
1913,83,0.08971920304995433
1913,84,0.09710565012147603
1913,85,0.10924051973196593
1913,86,0.11664821766649888
1913,87,0.12646282269921438
1913,88,0.14015079657341384
1913,89,0.16061762781293296
1913,90,0.17018220410702606
1913,91,0.1856308312124114
1913,92,0.20170729909024374
1913,93,0.215557925889444
1913,94,0.244637037017533
1913,95,0.27117860237756164
1913,96,0.28232555942509435
1913,97,0.30247660176185953
1913,98,0.3285425183264866
1913,99,0.3530480345892852
1913,100,0.36806765338736114
1913,101,0.41296165953425185
1913,102,0.40835106363929735
1913,103,0.44154103539338224
1913,104,0.46233449914006064
1913,105,0.5014376832226582
1913,106,0.48820535613724375
1914,76,0.04879190951077359
1914,77,0.05249784192417108
1914,78,0.05750749073673884
1914,79,0.06253178658787628
1914,80,0.06780460094368423
1914,81,0.07709410461088798
1914,82,0.08078917948939396
1914,83,0.08838084423792585
1914,84,0.09739438160560887
1914,85,0.10467411055909745
1914,86,0.11324759615951548
1914,87,0.12638647400923317
1914,88,0.1442441877727961
1914,89,0.15191533184901332
1914,90,0.16747870266654755
1914,91,0.18347039806067297
1914,92,0.19605865876059309
1914,93,0.22197725019891626
1914,94,0.24669677672735435
1914,95,0.25719300018996594
1914,96,0.28146730040424184
1914,97,0.3056834999834804
1914,98,0.3338109741873996
1914,99,0.3307550453972031
1914,100,0.3894735994459789
1914,101,0.37652652167154455
1914,102,0.4414542011576099
1914,103,0.44460439095957416
1914,104,0.4513339435077596
1914,105,0.4776032603648576
1915,75,0.043881603977962376
1915,76,0.048334936951460135
1915,77,0.05159284720250137
1915,78,0.05662414236394183
1915,79,0.06162764157750558
1915,80,0.06951204503828398
1915,81,0.07284176344614436
1915,82,0.07908226234165634
1915,83,0.08807200703207116
1915,84,0.09559993125115752
1915,85,0.10164098898809397
1915,86,0.11508801360906454
1915,87,0.1299812624122494
1915,88,0.13942671085528227
1915,89,0.15115679808090077
1915,90,0.1663034419401243
1915,91,0.18164461153110067
1915,92,0.20597231815286907
1915,93,0.22746812876912287
1915,94,0.23965278911612525
1915,95,0.2583464392763778
1915,96,0.2872547777027976
1915,97,0.3140048034003151
1915,98,0.3216675240148398
1915,99,0.34995138544269366
1915,100,0.3645045143764142
1915,101,0.40390787196627775
1915,102,0.4191479128207499
1915,103,0.45557698871490104
1915,104,0.44846559065169483
1916,74,0.03975091114827961
1916,75,0.04351515762175572
1916,76,0.04717250106429099
1916,77,0.05088553143093264
1916,78,0.0550725652425908
1916,79,0.0613617770333407
1916,80,0.06500331126308359
1916,81,0.07135504183954157
1916,82,0.07923814901942706
1916,83,0.08619948882388347
1916,84,0.09133897342666686
1916,85,0.10135624869764905
1916,86,0.11534822710807724
1916,87,0.12570783814924893
1916,88,0.1367104834723891
1916,89,0.15201949619431518
1916,90,0.1632132013540792
1916,91,0.18433947404853715
1916,92,0.20743555730828522
1916,93,0.22110270285655326
1916,94,0.24046275829456853
1916,95,0.2636944588413112
1916,96,0.2928584293102551
1916,97,0.29575109444734404
1916,98,0.33763332180759104
1916,99,0.3414986881254623
1916,100,0.3808526106322933
1916,101,0.4055969923181663
1916,102,0.413276433426236
1916,103,0.4276346357497707
1917,73,0.036688403798222614
1917,74,0.03937234426857069
1917,75,0.04303368917504085
1917,76,0.04650108809889393
1917,77,0.05053310609047574
1917,78,0.05665152312366061
1917,79,0.058808399536055204
1917,80,0.06417454950921986
1917,81,0.07284176344614436
1917,82,0.07699888754385645
1917,83,0.08230828716091017
1917,84,0.09175145253494123
1917,85,0.10582921587959135
1917,86,0.11312833416119827
1917,87,0.12290116886944215
1917,88,0.13561707812044102
1917,89,0.14753580581729334
1917,90,0.1651940055053354
1917,91,0.18918654638036497
1917,92,0.20016099559894365
1917,93,0.22071813595314796
1917,94,0.2410484758245305
1917,95,0.2712413653908572
1917,96,0.27436924960515413
1917,97,0.3149600792979787
1917,98,0.31401404173405345
1917,99,0.3532988980687901
1917,100,0.3771305233348345
1917,101,0.39103614054621105
1917,102,0.4161884545681679
1918,72,0.033555410475643616
1918,73,0.03640215858310707
1918,74,0.03959431364726616
1918,75,0.042512708986236915
1918,76,0.045915132140103974
1918,77,0.051223587989690976
1918,78,0.053091228737930984
1918,79,0.05784042537179004
1918,80,0.06471683662484681
1918,81,0.07056056486268902
1918,82,0.07452549087565767
1918,83,0.08294704716333674
1918,84,0.09499860934898482
1918,85,0.09962885751587285
1918,86,0.11151682024756127
1918,87,0.12077497360863354
1918,88,0.1341012128808591
1918,89,0.15075335996556702
1918,90,0.17059980086978832
1918,91,0.18296208977530054
1918,92,0.20006704750248053
1918,93,0.21999523848726293
1918,94,0.24494665295970006
1918,95,0.2510778825625032
1918,96,0.2937068067874637
1918,97,0.2956472535207667
1918,98,0.3318507657013504
1918,99,0.3478113250098821
1918,100,0.3707895601824227
1918,101,0.37858171299599186
1919,71,0.030365849695248356
1919,72,0.03267239322944204
1919,73,0.03553520370026589
1919,74,0.03873690734306708
1919,75,0.04158786097819749
1919,76,0.04591131368497159
1919,77,0.048433013682924034
1919,78,0.0522038582919873
1919,79,0.05698191973100857
1919,80,0.06129788351889944
1919,81,0.06699972261446019
1919,82,0.07338384599786435
1919,83,0.0844865921244624
1919,84,0.08841464580234973
1919,85,0.10023718538740439
1919,86,0.10833740828983297
1919,87,0.11803585047606635
1919,88,0.13480683593294632
1919,89,0.15304770216047245
1919,90,0.1630546197339368
1919,91,0.17903044296905443
1919,92,0.20000143999884798
1919,93,0.22458313211942166
1919,94,0.22711145485450127
1919,95,0.26643431107882826
1919,96,0.26929658588464256
1919,97,0.3089512284623801
1919,98,0.32353439185371835
1919,99,0.344065856500887
1919,100,0.35848746110128255
1920,70,0.027512259011310245
1920,71,0.02954694358100286
1920,72,0.03169560566202442
1920,73,0.0345709148924984
1920,74,0.037017916137479415
1920,75,0.041589778665372806
1920,76,0.0432050540099865
1920,77,0.0465993492245732
1920,78,0.051094456630517725
1920,79,0.05547439861899792
1920,80,0.0595005639576486
1920,81,0.0659809924611939
1920,82,0.07491932708805078
1920,83,0.07997296601936156
1920,84,0.08830227382106796
1920,85,0.09726948657671192
1920,86,0.10681626604532378
1920,87,0.120893270965781
1920,88,0.1363415265972019
1920,89,0.14539629403814455
1920,90,0.15972992196334734
1920,91,0.18029955908658316
1920,92,0.20615495143837223
1920,93,0.21232006442798487
1920,94,0.2461448070540056
1920,95,0.2529699510831586
1920,96,0.2888344738251565
1920,97,0.307278827993715
1920,98,0.3183653838877542
1920,99,0.3314854534730547
1921,69,0.024541125596712045
1921,70,0.02639109823440948
1921,71,0.0285709357141625
1921,72,0.031168570362589847
1921,73,0.03341135773771509
1921,74,0.03721730408852542
1921,75,0.03909168766064128
1921,76,0.04148909501128102
1921,77,0.04578816050528102
1921,78,0.049091681473247925
1921,79,0.05265333285947898
1921,80,0.0588479650903218
1921,81,0.06665403547303175
1921,82,0.07068433791192096
1921,83,0.07881747373143118
1921,84,0.08586796317209962
1921,85,0.09419534783555383
1921,86,0.10703487362328194
1921,87,0.12244476467192068
1921,88,0.13120090898387787
1921,89,0.14563789129358445
1921,90,0.16283525960056364
1921,91,0.1843048588455901
1921,92,0.19246211513564443
1921,93,0.22444836939996565
1921,94,0.23155802390756708
1921,95,0.25875281429076397
1921,96,0.2846105551343322
1921,97,0.2997693637141878
1921,98,0.31579514679529497
1922,68,0.02236214010081009
1922,69,0.02402196497183737
1922,70,0.025463621141755915
1922,71,0.027980005689277686
1922,72,0.03003992124099605
1922,73,0.03348000294977999
1922,74,0.035245726905050304
1922,75,0.03773629334272604
1922,76,0.041230146643305064
1922,77,0.04381750969166163
1922,78,0.04671095424029753
1922,79,0.05203406602825329
1922,80,0.05962011242561068
1922,81,0.06334695284588746
1922,82,0.06945241465652421
1922,83,0.07717822058226889
1922,84,0.08318865401028082
1922,85,0.09514557373739105
1922,86,0.1073949284808201
1922,87,0.11758416398853798
1922,88,0.12983175498925822
1922,89,0.14534383934226475
1922,90,0.16504586697224768
1922,91,0.17443210005572546
1922,92,0.20274396065806533
1922,93,0.21217704095634227
1922,94,0.24204569626417133
1922,95,0.2631719950378824
1922,96,0.2739001183672994
1922,97,0.2928198135332441
1923,67,0.0202126390615016
1923,68,0.02176356810548748
1923,69,0.023272018525894642
1923,70,0.02529985821652982
1923,71,0.02716203312789514
1923,72,0.03032899414810744
1923,73,0.031447624203351454
1923,74,0.03402319459435017
1923,75,0.03701887946167206
1923,76,0.03911956468454336
1923,77,0.042323976783920046
1923,78,0.046581224129410084
1923,79,0.05196006907749595
1923,80,0.05626151057636705
1923,81,0.06177792142156959
1923,82,0.0678848652591208
1923,83,0.07458017424086713
1923,84,0.08313445853340617
1923,85,0.0957749053600128
1923,86,0.10378011434205911
1923,87,0.11534911508573512
1923,88,0.12800864111211263
1923,89,0.1482253054270887
1923,90,0.15380042490283222
1923,91,0.1823766878904482
1923,92,0.19185748220674753
1923,93,0.21842152146802066
1923,94,0.2376090699686823
1923,95,0.2527875682341055
1923,96,0.27524427930866613
1924,66,0.018648480501519696
1924,67,0.01990392573847683
1924,68,0.021292867453334665
1924,69,0.02300725309214022
1924,70,0.02518969287256401
1924,71,0.027236953008291025
1924,72,0.028482513132770858
1924,73,0.030168947484796597
1924,74,0.033369781546715334
1924,75,0.035082617407497824
1924,76,0.037676609105180524
1924,77,0.04153128751691627
1924,78,0.04674529167952559
1924,79,0.049616774075896236
1924,80,0.05490421862098544
1924,81,0.05998337405751567
1924,82,0.0660623433812676
1924,83,0.07438459738751757
1924,84,0.08447008061986548
1924,85,0.09208731371617511
1924,86,0.10195986878848573
1924,87,0.11452560050002783
1924,88,0.13215123411102772
1924,89,0.13732306315359585
1924,90,0.161512082772403
1924,91,0.1731539492301214
1924,92,0.19932645806163796
1924,93,0.21750375661083293
1924,94,0.2319152556982056
1924,95,0.24926293969761268
1925,65,0.017229286118275247
1925,66,0.01835695039006166
1925,67,0.01961962834201565
1925,68,0.021121559039590926
1925,69,0.02278053407663604
1925,70,0.024780120992093684
1925,71,0.026392072016953292
1925,72,0.028530126277574088
1925,73,0.030654826963486374
1925,74,0.03219234926224431
1925,75,0.034844177881974706
1925,76,0.03764291478709652
1925,77,0.04192915014340421
1925,78,0.045072801488872556
1925,79,0.049309553116325525
1925,80,0.053622694759379114
1925,81,0.05957210654307434
1925,82,0.06660170448393732
1925,83,0.07477015162147671
1925,84,0.08246548917264138
1925,85,0.09051439155434515
1925,86,0.10249199725999844
1925,87,0.11687342611811817
1925,88,0.12349469089735421
1925,89,0.14416755939939696
1925,90,0.1557675603202325
1925,91,0.17860673432839083
1925,92,0.19827611058260547
1925,93,0.21377376908917642
1925,94,0.22841411174455145
1926,64,0.01586218972424949
1926,65,0.016850818594403353
1926,66,0.01821655344077242
1926,67,0.01949902237520492
1926,68,0.020866988902506423
1926,69,0.023286671367949867
1926,70,0.023859915381681578
1926,71,0.02590603510136479
1926,72,0.02811902273578767
1926,73,0.029341139769964993
1926,74,0.03166073704463701
1926,75,0.03394782294127304
1926,76,0.03822710660077726
1926,77,0.04059495374824389
1926,78,0.04414845891122634
1926,79,0.04814351610354794
1926,80,0.05375717312121882
1926,81,0.059814935447617665
1926,82,0.06768419196591395
1926,83,0.07302001602283856
1926,84,0.0808490323880715
1926,85,0.09066933972959106
1926,86,0.10388258482518273
1926,87,0.11028919189351857
1926,88,0.12885193371457973
1926,89,0.13890990369789297
1926,90,0.15956396389432584
1926,91,0.1764993620027143
1926,92,0.19314061973469887
1926,93,0.21025319100670126
1927,63,0.014930698749356715
1927,64,0.016117064964230588
1927,65,0.016999273725984
1927,66,0.01851794058625119
1927,67,0.020031342903841832
1927,68,0.021479804502419483
1927,69,0.02262121331962351
1927,70,0.024058080836771887
1927,71,0.026040474066119746
1927,72,0.027390666894831814
1927,73,0.02889443645599162
1927,74,0.03135073947387849
1927,75,0.03554485145772394
1927,76,0.03721248843182111
1927,77,0.0401783045778495
1927,78,0.043687394939899635
1927,79,0.04681396293634176
1927,80,0.05408571460540021
1927,81,0.06036437025122646
1927,82,0.06504449672049228
1927,83,0.07237369349103244
1927,84,0.08070445823564919
1927,85,0.09274685935009395
1927,86,0.09910234860657074
1927,87,0.11548407796053918
1927,88,0.12369626207460088
1927,89,0.14215228870581864
1927,90,0.15931920580145773
1927,91,0.1725755674267077
1927,92,0.19346703483808497
1928,62,0.014107778342653787
1928,63,0.01515331203923645
1928,64,0.016316786274499107
1928,65,0.017297100098738607
1928,66,0.018461008018792916
1928,67,0.020446804951654362
1928,68,0.021385851029151418
1928,69,0.02247946468519109
1928,70,0.023984871628177185
1928,71,0.025538670071954307
1928,72,0.02692653359601518
1928,73,0.029304245864002286
1928,74,0.032575629022460605
1928,75,0.034706107494697394
1928,76,0.03714025074551867
1928,77,0.03979990277407517
1928,78,0.0431409153795426
1928,79,0.04802921709867846
1928,80,0.05429111501766217
1928,81,0.05879144237619457
1928,82,0.06533836022916066
1928,83,0.07216558940886332
1928,84,0.08309771409402406
1928,85,0.08827577768941364
1928,86,0.10351399891141704
1928,87,0.11087554778705601
1928,88,0.12791577118637723
1928,89,0.14187439349618877
1928,90,0.15511855438779684
1928,91,0.1716617629111533
1929,61,0.013001921923891019
1929,62,0.013830689990252876
1929,63,0.014836122240436102
1929,64,0.016087546088766197
1929,65,0.017078899439130768
1929,66,0.01859646289747574
1929,67,0.01922245567886446
1929,68,0.020675038881364703
1929,69,0.022029644830698098
1929,70,0.023352118077037874
1929,71,0.024800603620935533
1929,72,0.026776640981875943
1929,73,0.029445017821206617
1929,74,0.031023198484675447
1929,75,0.033224734559093236
1929,76,0.036136078095012715
1929,77,0.03869844105945588
1929,78,0.04354577980596865
1929,79,0.04776532577428067
1929,80,0.0520350146706113
1929,81,0.05741975808076957
1929,82,0.06422232793719175
1929,83,0.07346550323248406
1929,84,0.07795155765208328
1929,85,0.09066569417906023
1929,86,0.09856379770049813
1929,87,0.11275799188014125
1929,88,0.1262399021897229
1929,89,0.13856607229530163
1929,90,0.1538668873411114
1930,60,0.012119115810461522
1930,61,0.01278573657090281
1930,62,0.013822800221855993
1930,63,0.014778977899030665
1930,64,0.015705689467861876
1930,65,0.017146723706745918
1930,66,0.017335427688009886
1930,67,0.018755451518202928
1930,68,0.02017540256021018
1930,69,0.021023655198993494
1930,70,0.022874355148113895
1930,71,0.02447478192670999
1930,72,0.02672018201533041
1930,73,0.02794889429559567
1930,74,0.029963273590327907
1930,75,0.03203163705940263
1930,76,0.03470707308924395
1930,77,0.038414705612634964
1930,78,0.04302985945040451
1930,79,0.046338887917485166
1930,80,0.05095106279202235
1930,81,0.05672044368958829
1930,82,0.06544409181789251
1930,83,0.06945893690895279
1930,84,0.08093558228492445
1930,85,0.08738727538754315
1930,86,0.10039236395722465
1930,87,0.1108648413527908
1930,88,0.12399457834433142
1930,89,0.13692050658994506
1931,59,0.010868613893684907
1931,60,0.011591427771804268
1931,61,0.012275194536142058
1931,62,0.01334732599033394
1931,63,0.014278331656225905
1931,64,0.015456616145153474
1931,65,0.016454501681302754
1931,66,0.017066120434480643
1931,67,0.018263681907540113
1931,68,0.01964315950091047
1931,69,0.02043308964864667
1931,70,0.02198073903744638
1931,71,0.024145924726875222
1931,72,0.025513329512701625
1931,73,0.027456814865479948
1931,74,0.02887209597421765
1931,75,0.03142243509107624
1931,76,0.03463175386514233
1931,77,0.03824346281416918
1931,78,0.04150923257028901
1931,79,0.045452990701242604
1931,80,0.049907736259771796
1931,81,0.05726408386402402
1931,82,0.061128733296624035
1931,83,0.07066386527059904
1931,84,0.07662717341129403
1931,85,0.08902469553385962
1931,86,0.09799509663135911
1931,87,0.10797860691410838
1931,88,0.12090209852955891
1932,58,0.009743301666690716
1932,59,0.010594578571815795
1932,60,0.011396685594855882
1932,61,0.012122079558850134
1932,62,0.013003896002610914
1932,63,0.014061437988323674
1932,64,0.014695225937609814
1932,65,0.015472369669868867
1932,66,0.016529253466239097
1932,67,0.01777756193577897
1932,68,0.01849536426990471
1932,69,0.01985491476960517
1932,70,0.0219435690171087
1932,71,0.022828423027721922
1932,72,0.024206434863272615
1932,73,0.025623458752312492
1932,74,0.028170541558031188
1932,75,0.031308107171649266
1932,76,0.033641445332528434
1932,77,0.03693313990581205
1932,78,0.040677494535939364
1932,79,0.04457584894739518
1932,80,0.05027749425563007
1932,81,0.05377895307904334
1932,82,0.06256087796991254
1932,83,0.06824783800712719
1932,84,0.07758298353353704
1932,85,0.08766616388222892
1932,86,0.09637483141019601
1932,87,0.1072525350986358
1933,57,0.009055809649807848
1933,58,0.009648230204085697
1933,59,0.010425371055668299
1933,60,0.011027856052119025
1933,61,0.01182566096855901
1933,62,0.01292295555852513
1933,63,0.01340652605889157
1933,64,0.014081157552374886
1933,65,0.015047921705550223
1933,66,0.016080658224759212
1933,67,0.016809522487396825
1933,68,0.018145856537542263
1933,69,0.019597077123326125
1933,70,0.020626066078429723
1933,71,0.022124515173271783
1933,72,0.023703697848010952
1933,73,0.02525598853463627
1933,74,0.027562836916922923
1933,75,0.03047737781697128
1933,76,0.03290942531448861
1933,77,0.03605990410080511
1933,78,0.039888273631597
1933,79,0.044982986464439705
1933,80,0.04743845892127809
1933,81,0.0551936054765748
1933,82,0.05994667763443478
1933,83,0.06799778399345824
1933,84,0.07656335728172241
1933,85,0.08326580838504125
1933,86,0.09417083090340114
1934,56,0.00817643573132292
1934,57,0.008669258383626881
1934,58,0.00945409776267617
1934,59,0.00988094112730294
1934,60,0.010747928939937517
1934,61,0.01165962794174958
1934,62,0.011967952923401127
1934,63,0.012916045702930949
1934,64,0.013414419134792315
1934,65,0.014554309633233583
1934,66,0.01508633630094467
1934,67,0.01659318144403917
1934,68,0.018083010611183562
1934,69,0.01876133949564598
1934,70,0.020156783784292125
1934,71,0.021324189212853083
1934,72,0.02278053407663604
1934,73,0.024638681722870634
1934,74,0.027280734719563157
1934,75,0.02911878451813679
1934,76,0.031929968195988284
1934,77,0.03506813892461244
1934,78,0.039279121361759865
1934,79,0.041941610698831046
1934,80,0.04841777910919055
1934,81,0.052793632635178715
1934,82,0.06045653943746451
1934,83,0.06642880518351765
1934,84,0.07337735023880487
1934,85,0.0817390186752298
1935,55,0.007385625180269331
1935,56,0.007798472877919384
1935,57,0.008368834158864451
1935,58,0.009113283942752053
1935,59,0.009769048624825047
1935,60,0.010494640769938576
1935,61,0.01117125108266865
1935,62,0.011529153965309138
1935,63,0.012291986356372195
1935,64,0.01310851656198232
1935,65,0.013623562794573416
1935,66,0.014948430841547723
1935,67,0.016147566879385244
1935,68,0.01688523070317779
1935,69,0.018022124819020647
1935,70,0.01875152618046499
1935,71,0.020466397911987955
1935,72,0.022367028903105875
1935,73,0.024356718199675303
1935,74,0.02590603510136479
1935,75,0.028533041293361185
1935,76,0.03095050449509387
1935,77,0.03485962511017068
1935,78,0.0365660128595109
1935,79,0.04232493490730409
1935,80,0.04650395021319968
1935,81,0.052857140075510206
1935,82,0.058457891349362065
1935,83,0.06408179641593784
1935,84,0.07204107709281145
1936,54,0.006563390038298901
1936,55,0.007117579564585084
1936,56,0.0075930628375261875
1936,57,0.008283548720869902
1936,58,0.008622663865462546
1936,59,0.009485795441821997
1936,60,0.009887872107434213
1936,61,0.01043922538440801
1936,62,0.011214759968537418
1936,63,0.011942262827197027
1936,64,0.012319642853593429
1936,65,0.013429218483054551
1936,66,0.01431579030976177
1936,67,0.015041026620781031
1936,68,0.016115097066528587
1936,69,0.0170336806829336
1936,70,0.01839032855583755
1936,71,0.01974610174643542
1936,72,0.02156592068161011
1936,73,0.023121570115924153
1936,74,0.025241364874178253
1936,75,0.027578398827592603
1936,76,0.0307226952316904
1936,77,0.032504017380859514
1936,78,0.03727412705313394
1936,79,0.04033480879791688
1936,80,0.04606690364618571
1936,81,0.05092826977491633
1936,82,0.05629834654159594
1936,83,0.06276449318528979
1937,53,0.006150030231750167
1937,54,0.006544514359358228
1937,55,0.00689117376670163
1937,56,0.007255582424392786
1937,57,0.007857011944889357
1937,58,0.008418415358280548
1937,59,0.008882375721904583
1937,60,0.009452116624209939
1937,61,0.009977970456132948
1937,62,0.010565884586958662
1937,63,0.01111389555165734
1937,64,0.011885939908258475
1937,65,0.013149966943782574
1937,66,0.013770528922977
1937,67,0.014578946793693903
1937,68,0.015513721482312025
1937,69,0.016333509879650952
1937,70,0.017753004095322295
1937,71,0.019164582662738006
1937,72,0.020556520534251794
1937,73,0.02228489381647595
1937,74,0.024362572931890397
1937,75,0.027258357643264196
1937,76,0.028903178245792818
1937,77,0.0326385268397289
1937,78,0.035641323820599057
1937,79,0.04014949739633861
1937,80,0.0448281795004145
1937,81,0.049470309280864086
1937,82,0.054669619678184
1938,52,0.005503812230150898
1938,53,0.005822996849200335
1938,54,0.006272267446612955
1938,55,0.00661206777120292
1938,56,0.007058004078555794
1938,57,0.007737945818441175
1938,58,0.00795523078585668
1938,59,0.008587964403509864
1938,60,0.00908157439838178
1938,61,0.009776970631771423
1938,62,0.010247226782072327
1938,63,0.011060492600647799
1938,64,0.011774272756734618
1938,65,0.012443099972621403
1938,66,0.0132210207176345
1938,67,0.01390662580610565
1938,68,0.014798683215966578
1938,69,0.01623513168231196
1938,70,0.017423870315730203
1938,71,0.018636703169983136
1938,72,0.020174422633366
1938,73,0.021916179687156156
1938,74,0.02414006871052911
1938,75,0.02547044400752493
1938,76,0.02958771093263555
1938,77,0.031653956892237475
1938,78,0.035809163146673005
1938,79,0.039605843150823904
1938,80,0.043318004360465824
1938,81,0.04799873510318035
1939,51,0.005117870104247553
1939,52,0.005328764206422542
1939,53,0.0057872055295532365
1939,54,0.006116238438589626
1939,55,0.006502787905851113
1939,56,0.007134458638075689
1939,57,0.007444188511720214
1939,58,0.0077865662059839105
1939,59,0.008344042633387422
1939,60,0.008922020426468993
1939,61,0.0094481543354468
1939,62,0.01003242154677195
1939,63,0.01083498185384212
1939,64,0.01133341089133031
1939,65,0.012157643850212103
1939,66,0.012717613631564801
1939,67,0.013447964007650212
1939,68,0.014800653726144728
1939,69,0.01608853006543436
1939,70,0.01699140911103212
1939,71,0.018315716985759123
1939,72,0.020093085323593513
1939,73,0.021956285233903666
1939,74,0.022888036643793127
1939,75,0.026500155906487684
1939,76,0.0283600687708008
1939,77,0.031458280941415714
1939,78,0.03498126354634791
1939,79,0.03852340041583304
1939,80,0.0427349256337135
1940,50,0.004691966839975796
1940,51,0.0049596702597343
1940,52,0.005287981560882102
1940,53,0.005455080355228451
1940,54,0.006124189551791673
1940,55,0.006464040349167823
1940,56,0.006758086707019848
1940,57,0.007237712627736061
1940,58,0.007428307270495592
1940,59,0.007980031991840686
1940,60,0.008670249732663981
1940,61,0.009216332986439278
1940,62,0.010112607727528698
1940,63,0.010443183728608533
1940,64,0.010982360894322002
1940,65,0.011789096551994947
1940,66,0.012662322015279647
1940,67,0.013579172774910709
1940,68,0.014615408669082548
1940,69,0.01565154841190113
1940,70,0.017070052453454436
1940,71,0.01823619057433497
1940,72,0.019973517145791823
1940,73,0.0211029580552983
1940,74,0.02401903660060139
1940,75,0.025688750818722197
1940,76,0.02880410008747182
1940,77,0.031489281705202724
1940,78,0.03442604503424766
1940,79,0.03815590578832291
1941,49,0.00429077483410667
1941,50,0.004618310919377102
1941,51,0.004798459704410892
1941,52,0.005294944569639891
1941,53,0.005504806733415772
1941,54,0.0059661492813502
1941,55,0.006187796174572216
1941,56,0.0065465012897644136
1941,57,0.0069785645562064425
1941,58,0.007465032256650458
1941,59,0.008047488147882555
1941,60,0.008506663785639641
1941,61,0.00908157439838178
1941,62,0.009666056795174235
1941,63,0.010307601470581651
1941,64,0.010649985303676765
1941,65,0.011680383586620399
1941,66,0.012665284144149337
1941,67,0.013490386783354243
1941,68,0.014394646013723512
1941,69,0.015511752387463395
1941,70,0.01670725805811841
1941,71,0.018298045001478847
1941,72,0.01940978411566647
1941,73,0.021962154201896344
1941,74,0.02323685081862704
1941,75,0.025948901687320176
1941,76,0.028841012722352895
1941,77,0.03089719215785116
1941,78,0.03416522546404758
1942,48,0.0038067405457791986
1942,49,0.004037831466942375
1942,50,0.004439125166068081
1942,51,0.004688980894896992
1942,52,0.0051845254184374814
1942,53,0.005489889080306457
1942,54,0.005674852208042016
1942,55,0.005950244470500027
1942,56,0.0063418266494281676
1942,57,0.0068881944001530715
1942,58,0.007321102270259069
1942,59,0.007721076966217425
1942,60,0.008409490924570998
1942,61,0.008808037645475242
1942,62,0.009658133905224898
1942,63,0.009941338045792246
1942,64,0.010705388949368972
1942,65,0.01155683169419335
1942,66,0.012483590567644625
1942,67,0.013308844053684368
1942,68,0.014379861046302676
1942,69,0.015345349755689013
1942,70,0.016997307578094364
1942,71,0.01779426091972364
1942,72,0.019924509621929334
1942,73,0.02147393267174719
1942,74,0.02360897894204777
1942,75,0.026159310655877652
1942,76,0.027767067457269107
1942,77,0.03062379991137807
1943,47,0.0035068402351269997
1943,48,0.0038406106650803852
1943,49,0.004147381740742737
1943,50,0.0045486313947357
1943,51,0.004801445321833009
1943,52,0.0050730991089659
1943,53,0.005335726930461016
1943,54,0.005550552811525524
1943,55,0.005963167148641987
1943,56,0.006435227086963282
1943,57,0.006840523323952196
1943,58,0.007288342885894839
1943,59,0.00790066595880737
1943,60,0.008219083950079996
1943,61,0.008769379652012537
1943,62,0.009431314432220141
1943,63,0.010031431553538611
1943,64,0.010731111021594011
1943,65,0.011673465086477293
1943,66,0.012315691972538153
1943,67,0.013356206225545656
1943,68,0.014201438413188085
1943,69,0.01563875100334266
1943,70,0.016390564763360354
1943,71,0.01874858216695411
1943,72,0.019727474895095062
1943,73,0.021813462944115243
1943,74,0.02407174595490438
1943,75,0.025853423564992855
1943,76,0.02850389074757161
1944,46,0.0032925705511611353
1944,47,0.0034908961680501648
1944,48,0.003899382556176509
1944,49,0.004026875778117648
1944,50,0.004416226889892668
1944,51,0.004818363651780949
1944,52,0.00508702807840008
1944,53,0.005342689605890622
1944,54,0.00558834146720888
1944,55,0.00591843408762792
1944,56,0.006201709582344119
1944,57,0.006853434465590069
1944,58,0.007412425776112861
1944,59,0.00771016167432038
1944,60,0.008329167421841858
1944,61,0.008743606822442653
1944,62,0.009294603496275889
1944,63,0.010155173074215741
1944,64,0.010767714362157642
1944,65,0.011438207430857708
1944,66,0.012689968208007767
1944,67,0.013291082657024505
1944,68,0.014884396792847232
1944,69,0.015225207433775508
1944,70,0.017271547549298067
1944,71,0.018423705597209943
1944,72,0.020332178362131723
1944,73,0.022454045539917013
1944,74,0.023937038681926485
1944,75,0.02635798905615505
1945,45,0.003053331456203465
1945,46,0.0032845968382011594
1945,47,0.0034859135948633684
1945,48,0.003794786111601845
1945,49,0.004102567173175538
1945,50,0.004437134032478784
1945,51,0.004474964891231414
1945,52,0.0048581703551851246
1945,53,0.005056185098866921
1945,54,0.005656954049837636
1945,55,0.005869722471903951
1945,56,0.006179845568659938
1945,57,0.0067988092616086526
1945,58,0.007310182595149693
1945,59,0.007742907191201397
1945,60,0.008169492825177534
1945,61,0.008845702964579856
1945,62,0.009486785978028715
1945,63,0.010226441205424718
1945,64,0.010923016256228919
1945,65,0.01151729184563011
1945,66,0.012293961845982597
1945,67,0.013447964007650212
1945,68,0.014376904026396874
1945,69,0.015785419098362976
1945,70,0.017594837023993545
1945,71,0.019159678014405664
1945,72,0.02061627122703482
1945,73,0.022386583870584977
1945,74,0.024441608420620087
1946,44,0.0026245513395398447
1946,45,0.0029975007513721903
1946,46,0.0031889073150179158
1946,47,0.003397219630798197
1946,48,0.0036503253800425923
1946,49,0.00405874653891312
1946,50,0.004172277853147994
1946,51,0.004506821343994588
1946,52,0.004626273983768633
1946,53,0.0052074060664634965
1946,54,0.005425243338120313
1946,55,0.0058935815198181765
1946,56,0.006220591753728367
1946,57,0.006684583250070888
1946,58,0.007212892934025295
1946,59,0.007609933857630778
1946,60,0.008152631280170264
1946,61,0.008824888095958711
1946,62,0.0095967293693457
1946,63,0.010115577461972065
1946,64,0.010935874561659994
1946,65,0.011822696336236569
1946,66,0.012778825760944247
1946,67,0.01352195604520032
1946,68,0.014739566091553262
1946,69,0.016205616320279632
1946,70,0.017836498270314576
1946,71,0.019361729414112346
1946,72,0.02050460306910864
1946,73,0.02225946966887679
1947,43,0.002420068087511979
1947,44,0.0026395118850439147
1947,45,0.0028020686976172426
1947,46,0.003051337556214105
1947,47,0.0034370830615096113
1947,48,0.003573603250182174
1947,49,0.0037708768136989227
1947,50,0.00406472219325344
1947,51,0.004244970946796165
1947,52,0.0046611116432014816
1947,53,0.004809406924608232
1947,54,0.005302902234409821
1947,55,0.00576036119668338
1947,56,0.005925392695605011
1947,57,0.006433239934730623
1947,58,0.006862372850276497
1947,59,0.007211900133417163
1947,60,0.008000864527624794
1947,61,0.008653396664793143
1947,62,0.009115265755737356
1947,63,0.009783902336115657
1947,64,0.010612388215066725
1947,65,0.011567704876878757
1947,66,0.012335446220754
1947,67,0.013399619566027147
1947,68,0.014394646013723512
1947,69,0.015886794436943394
1947,70,0.017275478753619712
1947,71,0.01833044339856329
1947,72,0.020147964241892382
1948,42,0.0022005760654638913
1948,43,0.0024450073110512736
1948,44,0.002589642528461849
1948,45,0.00287386450897159
1948,46,0.0029994947588721744
1948,47,0.0033055276988944804
1948,48,0.003418148130400754
1948,49,0.0036184415746459545
1948,50,0.0038714912427347163
1948,51,0.004243975186765343
1948,52,0.004442111859001862
1948,53,0.004779550586569872
1948,54,0.005339705608087151
1948,55,0.005447123904616492
1948,56,0.005921416354136392
1948,57,0.0063318899176216335
1948,58,0.006938842420114372
1948,59,0.007248633097109266
1948,60,0.00807327900021214
1948,61,0.008449154462194141
1948,62,0.009083556274497603
1948,63,0.00973934053708179
1948,64,0.010920048931366796
1948,65,0.01125332307140048
1948,66,0.012666271518476987
1948,67,0.013719241201024523
1948,68,0.014718874266190462
1948,69,0.01613674372652842
1948,70,0.01699337527061844
1948,71,0.018726992467200027
1949,41,0.0019980019980019984
1949,42,0.002212549601316542
1949,43,0.002440019516161009
1949,44,0.0026444986837427247
1949,45,0.0027731494819443203
1949,46,0.0029366816096929468
1949,47,0.0031639866631322667
1949,48,0.003357354608226268
1949,49,0.0035078367308638723
1949,50,0.003908347455681776
1949,51,0.004056754646181635
1949,52,0.004539672245641166
1949,53,0.004848218828247359
1949,54,0.00505121033543069
1949,55,0.005652976637720381
1949,56,0.005891593287631692
1949,57,0.0059383156958577364
1949,58,0.006727295378098917
1949,59,0.007345919268616247
1949,60,0.007880823462382813
1949,61,0.008597878658890242
1949,62,0.008962654610271863
1949,63,0.009773999886557116
1949,64,0.010398651448205952
1949,65,0.011609219571531612
1949,66,0.012358163120796448
1949,67,0.013469668909956042
1949,68,0.014829225684139477
1949,69,0.015772623416462538
1949,70,0.017060222376781363
1950,40,0.001977043715243766
1950,41,0.002159665401700761
1950,42,0.0021905980092828212
1950,43,0.002358216125863418
1950,44,0.0026235539618710826
1950,45,0.002782124500570705
1950,46,0.002961607935431755
1950,47,0.003102180762185944
1950,48,0.0033902433667632364
1950,49,0.0035985136790934345
1950,50,0.0037629069204549426
1950,51,0.004196177536729028
1950,52,0.004513789807455536
1950,53,0.004735759674412782
1950,54,0.0051397574150202005
1950,55,0.0053526362007552735
1950,56,0.005830950301318943
1950,57,0.006220591753728367
1950,58,0.00670146965900642
1950,59,0.007090771036651594
1950,60,0.007869909920857652
1950,61,0.008365859208395136
1950,62,0.009121211171019971
1950,63,0.009416455457458494
1950,64,0.010770682141544606
1950,65,0.011622069006656095
1950,66,0.012251487953995548
1950,67,0.013643291055386081
1950,68,0.014401545589836914
1950,69,0.015599373326282098
1951,39,0.0017065426126088323
1951,40,0.001962073244074319
1951,41,0.002122744583879628
1951,42,0.0022534580992640304
1951,43,0.00239712345185777
1951,44,0.002660456272245369
1951,45,0.0027901022271886173
1951,46,0.002889818432727843
1951,47,0.0029795545046790188
1951,48,0.0032636655386770325
1951,49,0.0035277664367063394
1951,50,0.003850572246137201
1951,51,0.00406571813216478
1951,52,0.004442111859001862
1951,53,0.004697938703323025
1951,54,0.00505121033543069
1951,55,0.005413308281324484
1951,56,0.005658942749947026
1951,57,0.006063560711875187
1951,58,0.00663988255122188
1951,59,0.007134458638075689
1951,60,0.00790066595880737
1951,61,0.008354950980636232
1951,62,0.008745589371480459
1951,63,0.009875990397651654
1951,64,0.010678676862601556
1951,65,0.011528165460741353
1951,66,0.012735385283411258
1951,67,0.013313777718618677
1951,68,0.014606539687518922
1952,38,0.0016596216841912792
1952,39,0.0017903958053583989
1952,40,0.0018882156362237685
1952,41,0.00204989680587717
1952,42,0.0022005760654638913
1952,43,0.0023412560479118476
1952,44,0.0024819162190977706
1952,45,0.0026644456295302067
1952,46,0.002804063095414039
1952,47,0.0030603100748103533
1952,48,0.0033135012446844463
1952,49,0.0035207910849217408
1952,50,0.0037808390907620964
1952,51,0.003964127243294816
1952,52,0.0043744112904513304
1952,53,0.004532703962948164
1952,54,0.004850209141576826
1952,55,0.005293949857079312
1952,56,0.005769309387940688
1952,57,0.0061559933704686785
1952,58,0.006690543191776801
1952,59,0.0071364443926299915
1952,60,0.007792519559742068
1952,61,0.008113947833500236
1952,62,0.009204443256603096
1952,63,0.009843314964187132
1952,64,0.010517399766136321
1952,65,0.01153508497207698
1952,66,0.012538892129554642
1952,67,0.013386793094731154
1953,37,0.001623680759383001
1953,38,0.0017175237883039528
1953,39,0.0017993796586174152
1953,40,0.0019161624002581525
1953,41,0.0020878182299497025
1953,42,0.00230833272154026
1953,43,0.0023302817263661938
1953,44,0.002425055982037806
1953,45,0.002586650287877199
1953,46,0.0027861133718462745
1953,47,0.002939672801635992
1953,48,0.003225788738293287
1953,49,0.0035636389045553686
1953,50,0.003794786111601845
1953,51,0.0038615298704655844
1953,52,0.004317658745304534
1953,53,0.004483924621375768
1953,54,0.004845233350807564
1953,55,0.005221333160452516
1953,56,0.005616184823536921
1953,57,0.006044675566021605
1953,58,0.0065077554323909595
1953,59,0.0072317559576297605
1953,60,0.007518628455523083
1953,61,0.008511621330433726
1953,62,0.009042927025450403
1953,63,0.00970170901938501
1953,64,0.010815197769726
1953,65,0.011366037413165055
1953,66,0.012345323197619586
1954,36,0.0014399625070136968
1954,37,0.001544805865066304
1954,38,0.0016716017051736224
1954,39,0.001736490989330272
1954,40,0.0019101738737766698
1954,41,0.0019910159526032307
1954,42,0.0020938056916351665
1954,43,0.0022534580992640304
1954,44,0.0023053396380576813
1954,45,0.002586650287877199
1954,46,0.0027811272802622353
1954,47,0.0030064737537637085
1954,48,0.003197878597426222
1954,49,0.003478937950621043
1954,50,0.003609474070879849
1954,51,0.003950182588657048
1954,52,0.004160327796707762
1954,53,0.0045317084900191665
1954,54,0.004853194604125465
1954,55,0.0052680869822798
1954,56,0.005564475114430738
1954,57,0.005952232585731591
1954,58,0.006572331024611854
1954,59,0.006995445984594076
1954,60,0.007863957029625553
1954,61,0.008218092151781748
1954,62,0.008756493320622562
1954,63,0.009917575761194088
1954,64,0.010745950376068479
1954,65,0.011463910555646696
1955,35,0.001326120119300844
1955,36,0.0014499480626805254
1955,37,0.0015248365497125692
1955,38,0.001529828915964829
1955,39,0.001753461337676189
1955,40,0.0017893975944541665
1955,41,0.0018981967131225337
1955,42,0.0020199578226413094
1955,43,0.002227516319303976
1955,44,0.0023063373335484184
1955,45,0.002475931083422098
1955,46,0.002645496040494365
1955,47,0.0029955067398901645
1955,48,0.003143052834837965
1955,49,0.0033324381607097754
1955,50,0.003537731140419177
1955,51,0.0038834447582228775
1955,52,0.004160327796707762
1955,53,0.004388350018309737
1955,54,0.004883048738213223
1955,55,0.005180546121721888
1955,56,0.0053715344577053995
1955,57,0.006061572818631362
1955,58,0.006378591695869067
1955,59,0.007116586669004983
1955,60,0.0075930628375261875
1955,61,0.008177427571106819
1955,62,0.009129138336159541
1955,63,0.009692796083075423
1955,64,0.01035609651762576
1956,34,0.0012562104717185251
1956,35,0.0013450947512324207
1956,36,0.0013291161377683841
1956,37,0.00149188630687192
1956,38,0.0015088608100883832
1956,39,0.0015997194246006072
1956,40,0.0016795883060287827
1956,41,0.0018403050790222208
1956,42,0.0019760456908117876
1956,43,0.0021157594107839802
1956,44,0.0022793992055065173
1956,45,0.0024968789013732834
1956,46,0.002743232170613662
1956,47,0.002798079890074006
1956,48,0.0029765634322042995
1956,49,0.0032885837026417493
1956,50,0.003505843738395377
1956,51,0.0037310267110769973
1956,52,0.004045799165092358
1956,53,0.004379389429896092
1956,54,0.004806421331013588
1956,55,0.005092002663202177
1956,56,0.005485911001789577
1956,57,0.005746441628447628
1956,58,0.006397470517110592
1956,59,0.006932883963134237
1956,60,0.007571229328551504
1956,61,0.00834602597813861
1956,62,0.008812993689928376
1956,63,0.009593758086025356
1957,33,0.0011783053889732002
1957,34,0.0012562104717185251
1957,35,0.0012821774831445628
1957,36,0.0014000192864898138
1957,37,0.0014819011702822357
1957,38,0.0015697669480622969
1957,39,0.0015378166500877573
1957,40,0.0016686067133943158
1957,41,0.0017794154305590874
1957,42,0.0019490986542627666
1957,43,0.0020449070376469683
1957,44,0.0021446976670544174
1957,45,0.0025018664123185705
1957,46,0.0026215592035453467
1957,47,0.002774146710219505
1957,48,0.0029765634322042995
1957,49,0.0031819295951900648
1957,50,0.0033992128401396627
1957,51,0.003701138089981175
1957,52,0.003999984031999873
1957,53,0.004365450576863113
1957,54,0.004563563131119131
1957,55,0.005020366248336063
1957,56,0.005310859835687482
1957,57,0.00594229196992961
1957,58,0.00649782035455433
1957,59,0.006842509664322381
1957,60,0.007506718438283767
1957,61,0.008033600489226949
1957,62,0.008845702964579856
1958,32,0.0010364625941449357
1958,33,0.0011513368299859283
1958,34,0.0011922887997309604
1958,35,0.0012172586894581199
1958,36,0.0013520853142848864
1958,37,0.0013640690228918762
1958,38,0.0014249839864176842
1958,39,0.0014858952368913712
1958,40,0.0015897353655167316
1958,41,0.0017275065705697425
1958,42,0.0018213398487278846
1958,43,0.0019840298583506575
1958,44,0.0021646545967444275
1958,45,0.0022694219366799317
1958,46,0.0024599705462722654
1958,47,0.002660456272245369
1958,48,0.002795088273960592
1958,49,0.003043361916439346
1958,50,0.003325461443965076
1958,51,0.003635379973069041
1958,52,0.0038904175761440953
1958,53,0.004102567173175538
1958,54,0.00460935239596532
1958,55,0.004689976210916242
1958,56,0.005224317512434933
1958,57,0.005686784135038936
1958,58,0.00626928622945149
1958,59,0.006784904186150345
1958,60,0.007222820885699782
1958,61,0.007943325987624348
1959,31,0.000998501248626311
1959,32,0.0010934019091556916
1959,33,0.0011133798474249844
1959,34,0.0011862959333635487
1959,35,0.0012142623356311039
1959,36,0.0012711915221918857
1959,37,0.0013321121472538555
1959,38,0.0013271187931213674
1959,39,0.0014379653839062794
1959,40,0.0015178471950553555
1959,41,0.0016266758858289351
1959,42,0.001755457830296085
1959,43,0.002008979970639522
1959,44,0.0019850278748063796
1959,45,0.0022015738656001086
1959,46,0.002387147358906107
1959,47,0.002579668358315236
1959,48,0.0027881078015090936
1959,49,0.0030343892455414003
1959,50,0.0031998722047918214
1959,51,0.00365331443458471
1959,52,0.003814710089019883
1959,53,0.004098583558662288
1959,54,0.00435549413405243
1959,55,0.004817368463844049
1959,56,0.005294944569639891
1959,57,0.005700704536083605
1959,58,0.006185808529038657
1959,59,0.00665478300693136
1959,60,0.007228777609222546
1960,30,0.0009415565268758414
1960,31,0.0009975022463790569
1960,32,0.000969529778057642
1960,33,0.001164321782561658
1960,34,0.0011633229460454016
1960,35,0.0011533345259785103
1960,36,0.0011623241085308893
1960,37,0.0012022768304864625
1960,38,0.0012092683926224633
1960,39,0.0014080080583229115
1960,40,0.0014729144620414755
1960,41,0.0015408120339218461
1960,42,0.0017684349350824522
1960,43,0.0018602680904078303
1960,44,0.0020079819781119975
1960,45,0.002104782611518765
1960,46,0.002257449082536733
1960,47,0.0025317909549645826
1960,48,0.0026654429663613907
1960,49,0.0029326933398304586
1960,50,0.0031031776619133864
1960,51,0.003394229809324149
1960,52,0.0037648993997321054
1960,53,0.004044803206302429
1960,54,0.004427178304930512
1960,55,0.004809406924608232
1960,56,0.005127818941411102
1960,57,0.005504806733415772
1960,58,0.005834927003587504
1960,59,0.006494839811892853
1961,29,0.000904590672720594
1961,30,0.000990509202690067
1961,31,0.0009415565268758414
1961,32,0.0009725268656798467
1961,33,0.0010184810838877593
1961,34,0.0010554427262405449
1961,35,0.001115377619288437
1961,36,0.0011553322179780087
1961,37,0.0011862959333635487
1961,38,0.0012671965973572756
1961,39,0.0013001542496605958
1961,40,0.001483898205582355
1961,41,0.0015328243237436887
1961,42,0.0016426497419121482
1961,43,0.0017644419977160168
1961,44,0.0018782344596079685
1961,45,0.002070853560284765
1961,46,0.0022384917699717465
1961,47,0.00240909463187396
1961,48,0.0026325303250316085
1961,49,0.0028519274476048206
1961,50,0.0030862302311777147
1961,51,0.0033115078642072123
1961,52,0.003574599679274259
1961,53,0.003996000007984016
1961,54,0.004295753390826247
1961,55,0.004616320143348363
1961,56,0.00510593136866191
1961,57,0.005517735185609013
1961,58,0.0059154518121991104
1962,28,0.0007796959185917493
1962,29,0.0009265705345572327
1962,30,0.0008786138492132709
1962,31,0.0008566329327883002
1962,32,0.0009575413376992422
1962,33,0.000990509202690067
1962,34,0.0009945052336462609
1962,35,0.0010464521822825751
1962,36,0.0010604374379391734
1962,37,0.0010884073621912867
1962,38,0.00121026718322056
1962,39,0.0012701927924803787
1962,40,0.0013221254140386132
1962,41,0.0014739129891704866
1962,42,0.0015757575151992653
1962,43,0.0017295031150539209
1962,44,0.0018213398487278846
1962,45,0.00196007716430182
1962,46,0.0021925936284927293
1962,47,0.0023422537075279233
1962,48,0.0024968789013732834
1962,49,0.0027302677240212633
1962,50,0.002934687476752912
1962,51,0.0032367532230254755
1962,52,0.0034988682334209293
1962,53,0.003867506705757595
1962,54,0.004108542565129681
1962,55,0.0045048303454950445
1962,56,0.004800450117018454
1962,57,0.005280023777062116
1963,27,0.0007856912233492237
1963,28,0.0008586312178919153
1963,29,0.0008256590028318304
1963,30,0.0008636269131735091
1963,31,0.0008736182288339995
1963,32,0.0008836094446254755
1963,33,0.0009095861383070702
1963,34,0.0009235733091311815
1963,35,0.0008985960810615628
1963,36,0.0010094902074452403
1963,37,0.0010584395562549629
1963,38,0.0011073865078746377
1963,39,0.0012352366237665122
1963,40,0.0012602054404697838
1963,41,0.0013500880155454989
1963,42,0.0014968788377505246
1963,43,0.0016286726318050788
1963,44,0.0016576250000624483
1963,45,0.0019001929165363741
1963,46,0.0020439090810101266
1963,47,0.0022684242043159992
1963,48,0.0023452466803972134
1963,49,0.0026185670585861937
1963,50,0.0027751439374988454
1963,51,0.003121121686803526
1963,52,0.0034380796268825083
1963,53,0.0036204343423202026
1963,54,0.004088624452808423
1963,55,0.004387354401348635
1963,56,0.004788507581803671
1964,26,0.0007667059682611718
1964,27,0.0007996801279488206
1964,28,0.0007776974756819598
1964,29,0.0007906872831795025
1964,30,0.0008626277761146066
1964,31,0.0008566329327883002
1964,32,0.0008616286380569975
1964,33,0.0008496389034660269
1964,34,0.0008166663917789583
1964,35,0.0008606294990006802
1964,36,0.0009465518077190451
1964,37,0.0010284708517467763
1964,38,0.0010924030017595385
1964,39,0.001180303031060159
1964,40,0.001236235388412267
1964,41,0.0012691940617707757
1964,42,0.0014329725586754295
1964,43,0.001544805865066304
1964,44,0.0016546299663878308
1964,45,0.0018183453057717478
1964,46,0.001908177690305758
1964,47,0.0021506847878259056
1964,48,0.002292369505991874
1964,49,0.0025268035934542803
1964,50,0.0027990770934535245
1964,51,0.002943661043621702
1964,52,0.0032307726099171544
1964,53,0.00361246324775319
1964,54,0.0038914136890132686
1964,55,0.004219080863055501
1965,25,0.0007876896502777905
1965,26,0.0008086728918152608
1965,27,0.0007157437637325836
1965,28,0.0007467210996692736
1965,29,0.0007547150950516181
1965,30,0.0007946841130650566
1965,31,0.0007986809269696756
1965,32,0.0007637082634433645
1965,33,0.0007447225908349139
1965,34,0.0008716199736914705
1965,35,0.0008826103275403909
1965,36,0.0009235733091311815
1965,37,0.0009575413376992422
1965,38,0.001027471879453961
1965,39,0.0010874084498033068
1965,40,0.0012212538139196951
1965,41,0.001307145127086885
1965,42,0.0014000192864898138
1965,43,0.0014898892875361417
1965,44,0.0016396546633487227
1965,45,0.001742480556954336
1965,46,0.0018912099697636188
1965,47,0.00212573821453973
1965,48,0.00224248281304236
1965,49,0.002527801067748764
1965,50,0.002740240390184667
1965,51,0.002939672801635992
1965,52,0.003210836974145574
1965,53,0.0034898996554023564
1965,54,0.0038306489845985553
1966,24,0.0007217394520578071
1966,25,0.0007657067343207551
1966,26,0.0007327314539221376
1966,27,0.0007087487485686324
1966,28,0.0007347299867298767
1966,29,0.0007796959185917493
1966,30,0.0007247372827350085
1966,31,0.0007347299867298767
1966,32,0.0007127459060844808
1966,33,0.0007737005778763619
1966,34,0.0007557143399794878
1966,35,0.0008366498620327392
1966,36,0.0009175788313164258
1966,37,0.0009145815789276407
1966,38,0.0009805190554033247
1966,39,0.0011003942329747475
1966,40,0.0011293619105205558
1966,41,0.001194286413867714
1966,42,0.001262202918856742
1966,43,0.0014689203435474926
1966,44,0.0015418104932044929
1966,45,0.001667608380806217
1966,46,0.0018842231775435766
1966,47,0.0019381200235771305
1966,48,0.0022115518121439567
1966,49,0.002458973004231791
1966,50,0.002534783359916266
1966,51,0.002930699198925577
1966,52,0.0031699676763138514
1966,53,0.0034908961680501648
1967,23,0.0007756990287768346
1967,24,0.0006957578762590618
1967,25,0.0007587120687699018
1967,26,0.0006777702358900333
1967,27,0.0007027529823267121
1967,28,0.0007297336472187651
1967,29,0.000688762721242532
1967,30,0.0006817675172766087
1967,31,0.0006737729385197189
1967,32,0.0007247372827350085
1967,33,0.0007127459060844808
1967,34,0.0007397263012685306
1967,35,0.0008476406003854366
1967,36,0.0008376490250585005
1967,37,0.000875616479981768
1967,38,0.0009115843175511967
1967,39,0.001022477003012959
1967,40,0.0010584395562549629
1967,41,0.0011483402785099962
1967,42,0.001237234152059875
1967,43,0.001393029058746054
1967,44,0.001546802774652419
1967,45,0.0016755950135811124
1967,46,0.0017564560751099781
1967,47,0.0020558844948547943
1967,48,0.0021896001981827917
1967,49,0.0023592137685393547
1967,50,0.0025856528723567345
1967,51,0.0028269983837877484
1967,52,0.0030563222987218057
1968,22,0.0007647074993814866
1968,23,0.0007487196045081118
1968,24,0.0007257365576295805
1968,25,0.0006917606508148181
1968,26,0.0006627802883344172
1968,27,0.0006957578762590618
1968,28,0.0007277351044219904
1968,29,0.0006517875172693702
1968,30,0.0006387959047084457
1968,31,0.0006507881684511692
1968,32,0.0006847654678272692
1968,33,0.0006707749550025966
1968,34,0.0007547150950516181
1968,35,0.0007886888622438447
1968,36,0.0008226614748031185
1968,37,0.0008146680227807169
1968,38,0.00088061209037419
1968,39,0.0009585403798878439
1968,40,0.0010824138728878312
1968,41,0.0011753089183560066
1968,42,0.0012552117270354217
1968,43,0.0013620717481036674
1968,44,0.001464926209088738
1968,45,0.0015887369541214733
1968,46,0.001784406524973199
1968,47,0.0019121700532590308
1968,48,0.002141704093212077
1968,49,0.0023522302488819414
1968,50,0.0025367782915697063
1968,51,0.0027551992026998754
1969,21,0.0007916864921491089
1969,22,0.0007637082634433645
1969,23,0.0007087487485686324
1969,24,0.0007147444788488115
1969,25,0.0006527868650885487
1969,26,0.000621806618141758
1969,27,0.0006657782958274896
1969,28,0.0006527868650885487
1969,29,0.0006357978162944184
1969,30,0.0006457914093747719
1969,31,0.0006567842463750658
1969,32,0.0006397952655150352
1969,33,0.0006707749550025966
1969,34,0.0007327314539221376
1969,35,0.0007487196045081118
1969,36,0.0007667059682611718
1969,37,0.0008236606518114536
1969,38,0.0008606294990006802
1969,39,0.0009665326814485196
1969,40,0.0010624353156297429
1969,41,0.001090405183972143
1969,42,0.0011902911816013564
1969,43,0.0012931633233298056
1969,44,0.0014159967662910828
1969,45,0.001594727407528792
1969,46,0.0017005528295420597
1969,47,0.0019011910167475647
1969,48,0.002092807783846421
1969,49,0.0022734128561696784
1969,50,0.002510843869256345
1970,20,0.0007846920083867082
1970,21,0.0007667059682611718
1970,22,0.0007267358315252406
1970,23,0.0007017536844567558
1970,24,0.0006747722643607782
1970,25,0.0006477901160024152
1970,26,0.0006178090969890304
1970,27,0.000622805995932267
1970,28,0.0005978212514458176
1970,29,0.0006347984514916515
1970,30,0.0005718364547739347
1970,31,0.0005868277660506641
1970,32,0.0006058164376194013
1970,33,0.0006457914093747719
1970,34,0.0006527868650885487
1970,35,0.0007037522791977224
1970,36,0.0007447225908349139
1970,37,0.0007707028940343498
1970,38,0.0008836094446254755
1970,39,0.0009385593463868714
1970,40,0.0009745249191019378
1970,41,0.0010794171147580306
1970,42,0.0011922887997309604
1970,43,0.001296159440602769
1970,44,0.0013870373960471432
1970,45,0.0015767559395636844
1970,46,0.0017434788147341444
1970,47,0.0018403050790222208
1970,48,0.0020309355540093495
1970,49,0.0022454760848805945
1971,19,0.0008396473481137921
1971,20,0.0007717021229805295
1971,21,0.0007707028940343498
1971,22,0.0007147444788488115
1971,23,0.000621806618141758
1971,24,0.0007097480394459967
1971,25,0.0006128121730689545
1971,26,0.0005718364547739347
1971,27,0.0005508482413095191
1971,28,0.0006457914093747719
1971,29,0.0005868277660506641
1971,30,0.0005928242276165117
1971,31,0.000611812785287702
1971,32,0.000580831268516496
1971,33,0.0006527868650885487
1971,34,0.0006617809505053827
1971,35,0.0007027529823267121
1971,36,0.0007157437637325836
1971,37,0.0008036769218774053
1971,38,0.0008766156040576207
1971,39,0.0009415565268758414
1971,40,0.0010244749565847505
1971,41,0.0010634342529774162
1971,42,0.001164321782561658
1971,43,0.0013221254140386132
1971,44,0.0014439567412544438
1971,45,0.0015827464647998786
1971,46,0.0016935647039134335
1971,47,0.0018792325817568577
1971,48,0.00204989680587717
1972,18,0.0007627090265063878
1972,19,0.0008606294990006802
1972,20,0.000720740173167573
1972,21,0.0006937592655348592
1972,22,0.0006977564829874375
1972,23,0.0006847654678272692
1972,24,0.0006008194537541468
1972,25,0.0006188084787758189
1972,26,0.0006158103304182312
1972,27,0.0006018188525253898
1972,28,0.0005758341597619885
1972,29,0.0005568449186901447
1972,30,0.0005388547786371573
1972,31,0.0005918248198533234
1972,32,0.0006198078595635353
1972,33,0.0006078152241718517
1972,34,0.0006507881684511692
1972,35,0.0006557849025519629
1972,36,0.0007077494566923309
1972,37,0.000747720352588132
1972,38,0.000870620844622167
1972,39,0.0008646260492337064
1972,40,0.0009365612210679297
1972,41,0.001027471879453961
1972,42,0.0012012780319028262
1972,43,0.0012711915221918857
1972,44,0.0013970234805870695
1972,45,0.0015827464647998786
1972,46,0.0016206856239589693
1972,47,0.001742480556954336
1973,17,0.000528860116499186
1973,18,0.000747720352588132
1973,19,0.0007996801279488206
1973,20,0.0007547150950516181
1973,21,0.0007187416123903456
1973,22,0.0006687762943295468
1973,23,0.000690761341956354
1973,24,0.000610813396507367
1973,25,0.0005818306872700044
1973,26,0.0005768335835111572
1973,27,0.0006128121730689545
1973,28,0.0005098699831542957
1973,29,0.0005218637935498835
1973,30,0.0005378553169197485
1973,31,0.0005608426836272426
1973,32,0.0005418531577942378
1973,33,0.0005778330062611905
1973,34,0.0006038176470705847
1973,35,0.0006927599586743193
1973,36,0.0007277351044219904
1973,37,0.000781694357506215
1973,38,0.0007577128268386282
1973,39,0.0009285686798482104
1973,40,0.0009245723852718118
1973,41,0.0010574406139152387
1973,42,0.0011013931323840564
1973,43,0.0012122647614221977
1973,44,0.00136307038599675
1973,45,0.0014319739906357095
1973,46,0.0016117001638178811
1974,16,0.0004179126562548428
1974,17,0.0005478498891303781
1974,18,0.0007317321860199166
1974,19,0.0007946841130650566
1974,20,0.0006767709130459339
1974,21,0.0007537158491248799
1974,22,0.0006617809505053827
1974,23,0.000622805995932267
1974,24,0.0005828301050243855
1974,25,0.0005658398673175491
1974,26,0.0005258616983733279
1974,27,0.0005278606447897755
1974,28,0.0005458509826817279
1974,29,0.0004968765261832435
1974,30,0.0005278606447897755
1974,31,0.0005468504364056429
1974,32,0.0005518476900375496
1974,33,0.0005748347350136836
1974,34,0.0006048170428445394
1974,35,0.0006817675172766087
1974,36,0.0006707749550025966
1974,37,0.0007257365576295805
1974,38,0.0007956833180394205
1974,39,0.0008486397524250955
1974,40,0.0009395584075484522
1974,41,0.0010244749565847505
1974,42,0.0011443448625661806
1974,43,0.0012072708084317073
1974,44,0.0013331108150863374
1974,45,0.0014529437099228863
1975,15,0.0003249471960806369
1975,16,0.0004439014538772393
1975,17,0.0005168663900381752
1975,18,0.0007467210996692736
1975,19,0.0007727013509278664
1975,20,0.0007447225908349139
1975,21,0.0005968218486781696
1975,22,0.0005958224449114164
1975,23,0.0005728358825196581
1975,24,0.0006547855577298434
1975,25,0.000539854239355374
1975,26,0.0005358563904873494
1975,27,0.000522863271254567
1975,28,0.0005498487915823149
1975,29,0.0005008745309300021
1975,30,0.0004958770224984204
1975,31,0.000528860116499186
1975,32,0.0005648404325777968
1975,33,0.000580831268516496
1975,34,0.000664778960995469
1975,35,0.0005778330062611905
1975,36,0.0006707749550025966
1975,37,0.0006947585713964398
1975,38,0.0008336523669629765
1975,39,0.0008356506980082325
1975,40,0.0010004992501253121
1975,41,0.0010264729061626853
1975,42,0.0010973975287567126
1975,43,0.0012532142346748589
1975,44,0.001307145127086885
1976,14,0.00029195737422336337
1976,15,0.0002679640928115632
1976,16,0.0003849259017639104
1976,17,0.00046489191263031343
1976,18,0.000796682522014977
1976,19,0.00074372333491941
1976,20,0.0007327314539221376
1976,21,0.0006737729385197189
1976,22,0.000649788818633944
1976,23,0.0006018188525253898
1976,24,0.0005608426836272426
1976,25,0.0005248622236662875
1976,26,0.0005058720143803618
1976,27,0.000508870492459669
1976,28,0.0004708891056156275
1976,29,0.00046489191263031343
1976,30,0.0004708891056156275
1976,31,0.0005548460302266122
1976,32,0.0005588438031570176
1976,33,0.0005538465844960945
1976,34,0.0006128121730689545
1976,35,0.0006148109456342176
1976,36,0.0006657782958274896
1976,37,0.0006617809505053827
1976,38,0.0008006793279291643
1976,39,0.0008476406003854366
1976,40,0.0010004992501253121
1976,41,0.0010734235715420819
1976,42,0.0011293619105205558
1976,43,0.0012272464706670106
1977,13,0.00017698433688618557
1977,14,0.0001909817612418014
1977,15,0.0002949564939171472
1977,16,0.0004359049727159479
1977,17,0.0005038730239979526
1977,18,0.0007737005778763619
1977,19,0.0008046761178625603
1977,20,0.0007087487485686324
1977,21,0.0006437926987510023
1977,22,0.0006138115598511257
1977,23,0.0005848289375357708
1977,24,0.0005498487915823149
1977,25,0.0005348569257723558
1977,26,0.0005248622236662875
1977,27,0.0005048725196887786
1977,28,0.0004449010095253806
1977,29,0.0004868814443682963
1977,30,0.0004598942243284045
1977,31,0.0005408536990744004
1977,32,0.0005508482413095191
1977,33,0.0006138115598511257
1977,34,0.00058782717880943
1977,35,0.0006567842463750658
1977,36,0.0006657782958274896
1977,37,0.0006677769624945268
1977,38,0.0008086728918152608
1977,39,0.0008526363505964705
1977,40,0.0009425555850416529
1977,41,0.0010404584413812611
1977,42,0.0010734235715420819
1978,12,0.00016198687906279592
1978,13,0.0001789839809337064
1978,14,0.000210977741848235
1978,15,0.0002889582455335204
1978,16,0.00041391431973581463
1978,17,0.0005008745309300021
1978,18,0.0007936849070918846
1978,19,0.000720740173167573
1978,20,0.0006747722643607782
1978,21,0.0006847654678272692
1978,22,0.0005448515279586313
1978,23,0.0005168663900381752
1978,24,0.0004888804687253966
1978,25,0.0005118689615458442
1978,26,0.00048188386598829687
1978,27,0.00045689559935554726
1978,28,0.00045889468367009764
1978,29,0.000494877517814341
1978,30,0.000514867421638928
1978,31,0.0005238627479600346
1978,32,0.0005628415601008316
1978,33,0.0005568449186901447
1978,34,0.0005868277660506641
1978,35,0.0006158103304182312
1978,36,0.0006917606508148181
1978,37,0.0007427240780050211
1978,38,0.0008426448252061756
1978,39,0.0008826103275403909
1978,40,0.0009295677509957871
1978,41,0.001108385400295536
1979,11,0.000196980597411155
1979,12,0.0001779841594098125
1979,13,0.0001779841594098125
1979,14,0.0002029793975911445
1979,15,0.00029395678835211227
1979,16,0.0004109155568530667
1979,17,0.0004369045363588056
1979,18,0.0007687044331454556
1979,19,0.0006597822718502895
1979,20,0.000649788818633944
1979,21,0.0006188084787758189
1979,22,0.0005838295217796403
1979,23,0.0005708370260290687
1979,24,0.0005098699831542957
1979,25,0.0004219109767838986
1979,26,0.0004498987727761254
1979,27,0.0004419023395829522
1979,28,0.0004498987727761254
1979,29,0.0004608937639874009
1979,30,0.00047788578529731393
1979,31,0.000514867421638928
1979,32,0.0005558454749579616
1979,33,0.0005448515279586313
1979,34,0.0005988206532143624
1979,35,0.0006467907631881087
1979,36,0.0006617809505053827
1979,37,0.0007457218457515347
1979,38,0.0008356506980082325
1979,39,0.0008786138492132709
1979,40,0.0009005942822758349
1980,10,0.00016198687906279592
1980,11,0.00016298671658259852
1980,12,0.00017298503679431728
1980,13,0.0001859827036085644
1980,14,0.00019898020146995378
1980,15,0.0003089522668747678
1980,16,0.00041391431973581463
1980,17,0.00044789967047381387
1980,18,0.0006787695577351489
1980,19,0.0006547855577298434
1980,20,0.000690761341956354
1980,21,0.0005618421223636159
1980,22,0.0005198648351428628
1980,23,0.0005018740296185657
1980,24,0.0004868814443682963
1980,25,0.00045589605569930065
1980,26,0.00047388768861779753
1980,27,0.00045089832242829243
1980,28,0.00045589605569930065
1980,29,0.000494877517814341
1980,30,0.00047488721428660697
1980,31,0.00047688626262636357
1980,32,0.0004848824160141166
1980,33,0.000557844361423163
1980,34,0.0005978212514458176
1980,35,0.0006657782958274896
1980,36,0.0006837661519760241
1980,37,0.000737727778449752
1980,38,0.0007756990287768346
1980,39,0.0009065888619511052
1981,9,0.00018398307355723274
1981,10,0.00014698919629407237
1981,11,0.0001509886003606728
1981,12,0.00016898572070660027
1981,13,0.00016798588918530842
1981,14,0.0002089781617820938
1981,15,0.00023297285866196585
1981,16,0.0003789281931074061
1981,17,0.00047688626262636357
1981,18,0.0006707749550025966
1981,19,0.0006797688785812825
1981,20,0.0006238053727237101
1981,21,0.000557844361423163
1981,22,0.0005378553169197485
1981,23,0.00045889468367009764
1981,24,0.00041391431973581463
1981,25,0.0004518978710811356
1981,26,0.0004449010095253806
1981,27,0.0004469001178236665
1981,28,0.00042291055441774064
1981,29,0.0004908794890854295
1981,30,0.0004439014538772393
1981,31,0.0004728881619496989
1981,32,0.0005248622236662875
1981,33,0.0005368558542031465
1981,34,0.000611812785287702
1981,35,0.0006158103304182312
1981,36,0.0006387959047084457
1981,37,0.0007297336472187651
1981,38,0.0007956833180394205
1982,8,0.00020097980152994623
1982,9,0.0001569876764673973
1982,10,0.0001569876764673973
1982,11,0.00017498468883972651
1982,12,0.00013199128857495408
1982,13,0.0001639865531026456
1982,14,0.00019198156976930214
1982,15,0.00024496999117608093
1982,16,0.0003199488081906895
1982,17,0.00045789514201247913
1982,18,0.0006667776296605082
1982,19,0.0005928242276165117
1982,20,0.0005788324280120904
1982,21,0.0005048725196887786
1982,22,0.0004538969653888567
1982,23,0.0004369045363588056
1982,24,0.00042690885495946616
1982,25,0.0004189122378861629
1982,26,0.00045589605569930065
1982,27,0.0004808843473144708
1982,28,0.00043890366064648807
1982,29,0.000434905408073744
1982,30,0.0004808843473144708
1982,31,0.0004658914472927808
1982,32,0.0005368558542031465
1982,33,0.0005388547786371573
1982,34,0.0005888265905690773
1982,35,0.0006098140067279479
1982,36,0.0006987557848531937
1982,37,0.0007597113097023131
1983,7,0.00022797401096275028
1983,8,0.00018798232966101184
1983,9,0.0001419899187157712
1983,10,0.00015598783294902996
1983,11,0.00015198844887788528
1983,12,0.0001299915505492143
1983,13,0.00013999020068595198
1983,14,0.0001829832570319816
1983,15,0.0002589664638429324
1983,16,0.00033094522856467253
1983,17,0.0003739300750759608
1983,18,0.000622805995932267
1983,19,0.0005888265905690773
1983,20,0.0005408536990744004
1983,21,0.0004828833836628454
1983,22,0.0004239101310522169
1983,23,0.00044590056417418913
1983,24,0.00039092357444119676
1983,25,0.00041391431973581463
1983,26,0.0004618933026470885
1983,27,0.0004728881619496989
1983,28,0.0004099159672267185
1983,29,0.0004469001178236665
1983,30,0.0004299075698724774
1983,31,0.0005498487915823149
1983,32,0.0005438520722363517
1983,33,0.0005368558542031465
1983,34,0.0005828301050243855
1983,35,0.00056683930105815
1983,36,0.0006987557848531937
1984,6,0.000212977317915642
1984,7,0.00016198687906279592
1984,8,0.0001499887508436867
1984,9,0.0001339910226014857
1984,10,0.0001219925584539343
1984,11,0.00012899168003663764
1984,12,0.00014798904881038803
1984,13,0.00019298137729709084
1984,14,0.00019298137729709084
1984,15,0.00022297513827208265
1984,16,0.00032994555898276784
1984,17,0.00038292666954278256
1984,18,0.0005818306872700044
1984,19,0.0005588438031570176
1984,20,0.0004918789977665495
1984,21,0.00042790842759649436
1984,22,0.00047688626262636357
1984,23,0.000434905408073744
1984,24,0.00041391431973581463
1984,25,0.0004029188118594103
1984,26,0.0004049180041041688
1984,27,0.0004179126562548428
1984,28,0.00041191514548003113
1984,29,0.00042690885495946616
1984,30,0.0004538969653888567
1984,31,0.0005068715080727036
1984,32,0.0005008745309300021
1984,33,0.0005838295217796403
1984,34,0.0005468504364056429
1984,35,0.000649788818633944
1985,5,0.00024696949926684053
1985,6,0.00019298137729709084
1985,7,0.0001569876764673973
1985,8,0.0001499887508436867
1985,9,0.00015198844887788528
1985,10,0.00013199128857495408
1985,11,0.00011199372835121232
1985,12,0.00012399231247662646
1985,13,0.00013599075262882125
1985,14,0.0001809836209823011
1985,15,0.00019798039994040588
1985,16,0.0003399422098243299
1985,17,0.0003879247425999356
1985,18,0.0005008745309300021
1985,19,0.0004658914472927808
1985,20,0.0004039184084814867
1985,21,0.0004369045363588056
1985,22,0.00040591759872745834
1985,23,0.0003819270519330808
1985,24,0.0004109155568530667
1985,25,0.0003739300750759608
1985,26,0.0003939223972877343
1985,27,0.0003549369986827338
1985,28,0.0004149139053646369
1985,29,0.00039092357444119676
1985,30,0.00044090278093680347
1985,31,0.0004888804687253966
1985,32,0.00045789514201247913
1985,33,0.0005348569257723558
1985,34,0.0005468504364056429
1986,4,0.0002549674916448153
1986,5,0.00024097096299895864
1986,6,0.000196980597411155
1986,7,0.00016698605666426854
1986,8,0.00013299115608812016
1986,9,0.00012399231247662646
1986,10,0.00011799303841073376
1986,11,0.0001219925584539343
1986,12,0.00013799047865697264
1986,13,0.00013599075262882125
1986,14,0.0001859827036085644
1986,15,0.00021997580266170722
1986,16,0.0003109516470188886
1986,17,0.00036693266785544856
1986,18,0.0004638923769685433
1986,19,0.00043190670815103935
1986,20,0.0004469001178236665
1986,21,0.0004219109767838986
1986,22,0.00039192318305612096
1986,23,0.0003689319320585352
1986,24,0.0004039184084814867
1986,25,0.0003989204153771323
1986,26,0.00039092357444119676
1986,27,0.0003749297006811223
1986,28,0.0004079167849758649
1986,29,0.0004518978710811356
1986,30,0.0004538969653888567
1986,31,0.0004518978710811356
1986,32,0.0004718886342823094
1986,33,0.0005238627479600346
1987,3,0.00035893557106499385
1987,4,0.00024496999117608093
1987,5,0.0001909817612418014
1987,6,0.0001639865531026456
1987,7,0.0001609870405432363
1987,8,0.00013799047865697264
1987,9,0.00013099142006198593
1987,10,0.00012399231247662646
1987,11,0.00012099267994286346
1987,12,0.00012699193601206323
1987,13,0.0001509886003606728
1987,14,0.00016298671658259852
1987,15,0.00021197753038177956
1987,16,0.0002859591078475778
1987,17,0.0003169497634624912
1987,18,0.00047388768861779753
1987,19,0.00047688626262636357
1987,20,0.0004449010095253806
1987,21,0.0003749297006811223
1987,22,0.00039492200290442634
1987,23,0.0004099159672267185
1987,24,0.0003709311922638351
1987,25,0.0003799278137153941
1987,26,0.0003539373530885033
1987,27,0.00039192318305612096
1987,28,0.0003709311922638351
1987,29,0.0004099159672267185
1987,30,0.00042790842759649436
1987,31,0.0004538969653888567
1987,32,0.0004958770224984204
1988,2,0.00039292279067163307
1988,3,0.00029795560461491237
1988,4,0.00023497239074408757
1988,5,0.00016698605666426854
1988,6,0.00015998720102391808
1988,7,0.0001509886003606728
1988,8,0.000107994168314911
1988,9,0.000107994168314911
1988,10,0.00010399459228120137
1988,11,0.0001259920625000625
1988,12,0.0001349908881150522
1988,13,0.00016498638862293862
1988,14,0.0001639865531026456
1988,15,0.00021997580266170722
1988,16,0.000256966979743103
1988,17,0.00030095470631669933
1988,18,0.00042091139815068933
1988,19,0.0003989204153771323
1988,20,0.00038892435421310553
1988,21,0.00039292279067163307
1988,22,0.0003699315626609077
1988,23,0.00040091961561706873
1988,24,0.00036493339965456304
1988,25,0.00035993521166190087
1988,26,0.00031794944603807994
1988,27,0.00037193082086731864
1988,28,0.0003499387607168745
1988,29,0.0003939223972877343
1988,30,0.000434905408073744
1988,31,0.0004718886342823094
1989,1,0.0006397952655150352
1989,2,0.0003899239648268588
1989,3,0.00028096052504623096
1989,4,0.00021997580266170722
1989,5,0.00019998000199980003
1989,6,0.00016798588918530842
1989,7,0.00011499338788019689
1989,8,0.00012699193601206323
1989,9,0.00010199479826528847
1989,10,0.00011199372835121232
1989,11,0.00011199372835121232
1989,12,0.0001369906161427942
1989,13,0.00012299243596518815
1989,14,0.00014698919629407237
1989,15,0.00019198156976930214
1989,16,0.00023497239074408757
1989,17,0.0002889582455335204
1989,18,0.00039192318305612096
1989,19,0.0003499387607168745
1989,20,0.0003819270519330808
1989,21,0.00041991181851811117
1989,22,0.00039792081375806214
1989,23,0.0003389425492379042
1989,24,0.00033094522856467253
1989,25,0.0003539373530885033
1989,26,0.00034693980594366873
1989,27,0.00035093841030899074
1989,28,0.000363933764054942
1989,29,0.0003499387607168745
1989,30,0.000375929325286846
1990,0,0.006998425030505381
1990,1,0.0005868277660506641
1990,2,0.0003089522668747678
1990,3,0.0002589664638429324
1990,4,0.000212977317915642
1990,5,0.00017398486331689144
1990,6,0.0001549879884308966
1990,7,0.0001259920625000625
1990,8,0.00011799303841073376
1990,9,0.00011499338788019689
1990,10,0.00010099489975756225
1990,11,0.00012499218798825074
1990,12,0.00010999395033273171
1990,13,9.499548771433358e-05
1990,14,0.00014798904881038803
1990,15,0.00016798588918530842
1990,16,0.0002539677460962458
1990,17,0.0002419707215426933
1990,18,0.000375929325286846
1990,19,0.000367932300456716
1990,20,0.00039092357444119676
1990,21,0.0003579359294686251
1990,22,0.000328945888401358
1990,23,0.00035893557106499385
1990,24,0.00033194489714707357
1990,25,0.00031395070973857104
1990,26,0.00033194489714707357
1990,27,0.0003349438968972697
1990,28,0.000367932300456716
1990,29,0.00039092357444119676
