a,b,c,Lmax,k_learning,n,Gmax,growth_rate,Year,R2,RMSE,AIC,Country
0.21503003154074748,0.01755349201433386,3.465027457164841e-17,0.6920637869816405,55.39279184263312,0.048427887113271756,0.21140463803348608,0.7607237912511395,1816,0.9831053825650924,0.002669979399111877,-234.1124039261856,FRACNP
0.22313805944938325,0.017668290647846342,2.6880478534953792e-18,0.7696111925162259,56.576324192954665,0.04640526670787299,0.20598443243004827,0.8375481911624884,1817,0.9811846706482023,0.0029955641401665134,-224.79239668500014,FRACNP
0.22721355901470405,0.018171865739213578,2.6273926634347905e-28,0.8796390409189617,58.70934569582046,0.04462882320121373,0.200870965777693,0.8471790035150902,1818,0.9806770715657832,0.003127605681988316,-221.29844714509937,FRACNP
0.2298353161376162,0.018321440473835004,8.700185639640339e-33,0.9042227006278427,58.947019543624144,0.04468057401893772,0.2042817241487364,0.8248243121053423,1819,0.9806779963921596,0.003085280951580813,-222.40207462176585,FRACNP
0.21442010522313362,0.018440768400370993,6.70486660958848e-28,0.8542195261517114,59.14941520237072,0.04470850558726382,0.19141738977316133,0.8038200026033313,1820,0.9808195055877736,0.0029772574556816683,-225.28892786808598,FRACNP
0.23571324385718606,0.01808917341915794,1.96948915352667e-34,0.9404643115492108,59.767505862405216,0.043415497587613636,0.20199461591683354,0.8751342153666926,1821,0.9820572263767743,0.002813149476938837,-229.88145727197144,FRACNP
0.23334178947374257,0.017913885446863825,4.606147836845357e-33,0.8923025784883615,58.826988206136996,0.04396808284731567,0.20244771641994985,0.8758170750564793,1822,0.9816305247038738,0.0028936266690148616,-227.5967751470087,FRACNP
0.2394750452997985,0.01838485396993645,4.094498481058248e-24,0.999999999257428,60.470387970301964,0.04309345037665745,0.20362271642094423,0.8564840042085512,1823,0.9810463961367246,0.0030719352805983983,-222.75320766684933,FRACNP
0.23364092789609242,0.01803969855164966,1.4024968312911463e-31,0.8919543633135505,58.75878974443618,0.04457192589660148,0.20883387294723404,0.8239261643726927,1824,0.9796882860729914,0.003259736266413278,-217.9467855475379,FRACNP
0.20469885965350323,0.01722214857653374,1.0579646847325755e-12,0.6116679196430316,54.45908926969524,0.049704098914267025,0.20943434785822818,0.7167392769451996,1825,0.9771780292930056,0.0035403095841885666,-211.2587869233144,FRACNP
0.2294977473102014,0.017810194260845645,2.2025902923137015e-26,0.8216411775128221,57.49740189609178,0.0459094885800554,0.21172045562718403,0.822510828718963,1826,0.9782378787281575,0.00351008792952477,-211.9532070652328,FRACNP
0.0004229124604383727,0.07182911015176206,0.18155153515295866,0.00039851739213685335,42.133577073684584,9.967432261918496e-16,0.3179865490003845,0.06623326119473755,1827,0.9059581442600014,0.015472566606009923,-91.79558190524716,FRACNP
0.2235615726664857,0.017504517773649628,2.6681295263757054e-19,0.765182665746767,56.496422332671926,0.04601487557963276,0.2013545794769731,0.9107771142488074,1828,0.9794970222070271,0.003292233506023063,-217.14327207433757,FRACNP
0.23799960081358404,0.01832938044756991,6.754351291076857e-33,0.9999999986954081,60.48956398012739,0.042716414490567366,0.19498810440752992,0.9642928918976617,1829,0.9794436022655498,0.00334253268653676,-215.91510168820253,FRACNP
0.2109547797975761,0.01772990358534858,1.84268829741222e-19,0.7537359490238267,57.067145771312354,0.04542105816294233,0.18477242371758482,0.9492651999191746,1830,0.9756123042978575,0.0037914274885688624,-205.7079850848428,FRACNP
0.23797342325595955,0.01833048805987876,2.4259961202016678e-20,0.9999999999909797,60.43979071656952,0.04285320214385788,0.19464854778765775,0.9814286745014966,1831,0.9723055169935273,0.00445147137364569,-192.70812554790928,FRACNP
0.23485845143955306,0.01840058795162658,3.648675038172979e-21,0.9999999999907694,60.56925464102724,0.0427283594303752,0.19023272954302003,0.9981281401538418,1832,0.9714312884402856,0.004660434046965878,-188.9923396774122,FRACNP
0.21953020914091115,0.017822772341676944,3.2445724522275685e-22,0.7866820994720528,56.74879275751911,0.045848755682068996,0.1921798703916425,0.9707335629240582,1833,0.9721417659660742,0.004509880556381616,-191.65221103010208,FRACNP
0.21287366655739193,0.01845904413390024,1.720719732600531e-26,0.8189169811910784,57.67178687277876,0.04620314227909489,0.1893578165142271,0.9029482855083559,1834,0.973507414094069,0.004296168635976211,-195.58452275813198,FRACNP
0.21458397432811618,0.019188434377504636,2.37091938010501e-35,0.9999999072370805,61.79158962726331,0.04308626991892932,0.17519353124453746,0.9287911564020439,1835,0.9759728055529292,0.0036956576963435173,-207.78029389435005,FRACNP
0.210111464336455,0.018059738625572856,3.509204741004085e-08,0.7664094987543286,56.63607212645173,0.046292400017811784,0.1839428530554139,0.9732106813206123,1836,0.9818237647464925,0.0029046040891081933,-227.2900705238161,FRACNP
0.2229533925959594,0.018904544966985556,4.523969544603117e-23,0.9999999999997269,60.870577173306316,0.042843194554116795,0.17793033247724363,0.9999999999999999,1837,0.9854610148489636,0.0023820826122010136,-243.35414789051111,FRACNP
0.20492782349084573,0.01852205688338093,4.923890200410182e-08,0.8128764774464469,58.1282172973229,0.04515331487945117,0.17468299566037188,0.9597308348931719,1838,0.9865780967424844,0.002126184586613285,-252.55947815230758,FRACNP
0.2156697826236781,0.019027421260133185,3.443167809436746e-39,0.9956473753972431,61.49419161995208,0.042245446728176324,0.16833300012725372,0.9999984400479914,1839,0.9886030290262379,0.0017847108089693925,-266.74036760211783,FRACNP
0.19614503453101517,0.019028348549574376,6.606648835084209e-29,0.8764095109087533,60.63137394147601,0.043224018309825335,0.15866354554668088,0.9434329505518274,1840,0.9889553943126351,0.0016442109952346932,-273.3820241074804,FRACNP
0.19514176222875398,0.018561933234008718,3.0718156382701596e-16,0.7606366540295809,57.513079920712606,0.04571347074899987,0.16889881618369926,0.9142371451254896,1841,0.98972740681576,0.0015804064523147635,-276.5878881756044,FRACNP
0.18942867336544933,0.01837503734616951,3.680192011992122e-13,0.699314588671564,56.57951608774878,0.046820236454854496,0.17036472948876585,0.8687343573967501,1842,0.9891489038460671,0.0016601493746825912,-272.6006209898382,FRACNP
0.17149266378006067,0.017151888180953707,1.2152989489669629e-09,0.44254803764039996,50.46508216926172,0.054970943275169194,0.18044087424145838,0.7627684231557441,1843,0.9882495970689951,0.0018386639180810584,-264.3279619314496,FRACNP
0.17868912374474288,0.01765441453553499,4.831250555093449e-12,0.5485950132089216,53.33650092546031,0.05044149954708752,0.1726591779160716,0.8539030718758557,1844,0.9847544187527977,0.0023385608151357596,-244.84774320326966,FRACNP
0.18109830467352264,0.01800475519464182,5.182481365041687e-10,0.6044657554720844,54.69872014501117,0.049127042484392196,0.1696502003368947,0.8827795206664539,1845,0.9795629845550888,0.003084786916712781,-222.41504589704198,FRACNP
0.1914452697356732,0.01720023046171335,5.771811885038393e-14,0.5799320182227169,53.24475389717917,0.04889345371507503,0.17507144596938812,0.9874089653636204,1846,0.9735927683573461,0.004103030409685497,-199.31034339291472,FRACNP
0.18156252935338363,0.016465522438695594,3.017049080966675e-11,0.46352160924123365,50.41437153356002,0.05190803856730864,0.17312595092060998,0.9999999999990589,1847,0.9692346644418041,0.004808557380691639,-186.4579686378549,FRACNP
0.21532681761365494,0.018925239711335775,8.190348500087585e-35,0.989223156109006,61.842304205902856,0.04284676828885279,0.1732226428193079,0.9880232103769766,1848,0.9631033003275928,0.0054256920181843535,-176.6773535863926,FRACNP
0.17331690671822314,0.015996087388252516,4.038699544527776e-14,0.3770942580861319,48.05786616241862,0.05700828882706043,0.17739147442712688,0.9179085552850257,1849,0.9634889045996716,0.005552864690335185,-174.80070486225173,FRACNP
0.1714536715824015,0.016437747025417178,1.1625711560822819e-14,0.42851123334412156,50.15092655581286,0.052985328820464604,0.1670735181918502,0.9521045780181869,1850,0.9655231302408045,0.005170003923807478,-180.58738597275845,FRACNP
0.18591315890012358,0.015926350685676275,1.1786263504417568e-10,0.43784800711622307,49.57637298944765,0.0531246498876737,0.18096599981592223,0.9999999999999999,1851,0.9713392376645034,0.0044794101571427455,-192.20133372945253,FRACNP
0.00036743998318955565,0.07177341581959794,0.15456289780619073,7.611619885612642e-05,40.98869162377518,6.429155169060526e-19,0.2702806883722884,0.06479352491645386,1852,0.8898942290655222,0.017385328086799764,-82.35437761217997,FRACNP
0.0005757352662122815,0.06589835156955379,0.15867691999037428,4.1204428707646295e-07,42.562294819937264,1.8923679560304657e-19,0.2787636905253577,0.0670231703941495,1853,0.8925087999280692,0.01738767976320873,-82.34342165517808,FRACNP
0.0005584428773915486,0.06573014228410815,0.17320194835164693,1.3583937072408987e-07,41.17556463710759,4.497168488582666e-15,0.3089860517957993,0.05725846208367362,1854,0.8898609616772426,0.017346984579817384,-82.53322117823512,FRACNP
0.1757184094117743,0.01579705773937052,2.430493903703737e-11,0.39518039536131083,49.249474435692704,0.05498513496755516,0.17586671567071488,0.9999999999999999,1855,0.9886469201788711,0.001775052570533688,-267.1799020034351,FRACNP
0.0005617109625894126,0.0655697878187184,0.17462600096773204,0.002176473162677816,43.47965329544758,2.1960034646346325e-21,0.30996422018556713,0.057728549950828864,1856,0.8923014929182231,0.01734778974380783,-82.52946163320217,FRACNP
0.0009126640206334506,0.05924715944765492,0.17811800207633627,4.338802771691285e-11,40.45438342941712,4.1108210094893254e-10,0.3194711387440723,0.0611483363267114,1857,0.8988954297848093,0.01682710768020603,-84.99785300593896,FRACNP
0.0007151179074438435,0.062253167290512945,0.19444005511219414,0.006295261732779166,37.39007253616751,1.4440124579245432e-15,0.3468121251567149,0.05185427053978459,1858,0.9005524599396391,0.01630887711701156,-87.53166021258329,FRACNP
0.0005316173009863103,0.06650409411239694,0.18542212410246314,3.235385589616061e-07,42.19634998603788,9.831093647556247e-21,0.3352998882496164,0.050903134494394583,1859,0.91106442338868,0.014608218807536426,-96.45180672800234,FRACNP
0.19267620151862733,0.018893281575660923,1.1185626590736927e-08,0.9330755496378583,63.743438981907026,0.04016398388615534,0.14417118331007184,0.9999999999999983,1860,0.9851409993984771,0.002460840317750936,-240.71940159848043,FRACNP
0.0005674016224476446,0.06557527418755299,0.17631758200091951,8.50452843864764e-05,42.38522453386616,2.3146948430422807e-20,0.31688922972162165,0.05510626114597188,1861,0.9158614068474996,0.013818713342123503,-100.95221447701658,FRACNP
0.0005239583129545179,0.0667411959472199,0.16782551866488876,8.804117313891192e-06,42.42449798282097,6.181856000156604e-18,0.2995417216164863,0.05898738395235752,1862,0.9138197835041373,0.01434011569306784,-97.95220207573453,FRACNP
0.0005850313280807316,0.06527182631245873,0.17466435177959175,0.0001420486569020491,40.84364347530546,1.6343720466328724e-21,0.3124761532231958,0.05875102357239705,1863,0.9073676246479696,0.015597768436305589,-91.14277895786836,FRACNP
0.20929760642358733,0.01749024320441922,4.42115108403114e-09,0.7607181640513421,58.15690167098466,0.04389544523154778,0.17923086234766863,0.9879635337666477,1864,0.9836561615562329,0.0028202526559521586,-229.67719072347273,FRACNP
0.20118734727721588,0.017823192002540025,1.3318955755993622e-23,0.7700439186114499,58.84908039621537,0.043530855780573106,0.16915787156942297,0.9999999999999999,1865,0.9834829105647975,0.0028411776264221813,-229.07842672157955,FRACNP
0.1930685761720853,0.017072767531021552,1.0823351712816882e-17,0.6096836657295098,55.0148387213748,0.047036012377052384,0.1752291309767605,0.9999999999999999,1866,0.9857847326257069,0.0025335986741555692,-238.35923909045073,FRACNP
0.1779373423216852,0.015744187519903627,4.1065441381025186e-13,0.41578946390213667,50.30311019501921,0.05232558699258979,0.17507008426602125,0.9999999999999999,1867,0.9845748404615868,0.002721085230089179,-232.57664184510378,FRACNP
0.16721113636504367,0.015273717665087625,3.604697025605853e-16,0.3458187799536961,48.48465656683928,0.05518308065249659,0.1691504406527029,0.9999999999999999,1868,0.9830633367317602,0.0029558618143170584,-225.87312460644114,FRACNP
0.16189249930827096,0.015190610324022092,1.0691292495609649e-14,0.32385769401114733,47.91576415629661,0.05620744221132298,0.16485043320968285,0.9999999999999999,1869,0.9822321733025816,0.003041700698857835,-223.55437446671726,FRACNP
0.2406213631699553,0.01407805452638462,3.048399668801286e-17,0.4511221520874106,51.746645787706996,0.05300632838999073,0.3537663781890342,0.2568470011673774,1870,0.9773753346180327,0.0036709284010313864,-208.32412258735974,FRACNP
0.24799642197734514,0.01361788104122017,6.3125988508035884e-15,0.43455324832911724,51.127549893598676,0.05312793084656309,0.37220301357405344,0.2366215439313341,1871,0.9804525849791416,0.0031677131944709454,-220.26633025614308,FRACNP
0.14879321524060937,0.01662154364498717,4.453278267413774e-17,0.39915873066750235,51.41370050210155,0.0501144187995427,0.13884471258246783,0.9999999999999999,1872,0.9754937025225229,0.0038414578353999887,-204.64612814414716,FRACNP
0.20267298501194328,0.014635986225775336,8.622825066459338e-20,0.3926095557947474,51.559885931972794,0.05405074395510901,0.290369615935179,0.2930047901365131,1873,0.9797907044911993,0.0032525767114354545,-218.12488638170197,FRACNP
0.18796169226106935,0.014369558173007401,4.889056384902328e-21,0.32634834240708044,50.05015214530737,0.05739721679592586,0.2718745956660371,0.3113986232342537,1874,0.9782320396762588,0.003491779097800361,-212.3768137244033,FRACNP
0.16915363146137244,0.014385317558218057,8.131976982213398e-16,0.2744096494428072,48.7948251027916,0.06072995388787407,0.24442872616042577,0.33598980964327774,1875,0.9787380323889531,0.0034496367508408243,-213.36035141142173,FRACNP
0.14224050961253476,0.015511924611128856,2.448898145946438e-16,0.3018843955379337,48.83669777644285,0.0551211508140145,0.14356469730333102,0.9999999999999998,1876,0.9781600412316274,0.003576391734013639,-210.43742909238296,FRACNP
0.0019776134305955297,0.046253098961739236,0.15876626128984975,1.7796900886252415e-05,42.661928605996884,8.826773686069202e-22,0.28959514774369044,0.06290013367677803,1877,0.8881870989196375,0.01847241329632703,-77.4415810917838,FRACNP
0.0017613136807691403,0.04753528847109703,0.1608713864240301,2.230585721039249e-07,43.20049131989098,1.4028533474280907e-17,0.2937062971087733,0.06040052410091195,1878,0.885804326368038,0.01884692325496113,-75.81581129850974,FRACNP
0.0019662605712261307,0.045861516166528865,0.16319243877744957,3.652893368382759e-06,40.41985478170673,4.063166833879918e-19,0.2979268272854436,0.06198163376411647,1879,0.8789229089857435,0.01969511788228793,-72.25010189287349,FRACNP
0.13939011548225438,0.014083795650183884,1.468441708499364e-11,0.22685817666759406,46.36412245559676,0.060235462369262055,0.1475700861785572,0.9999999999471637,1880,0.9782129437965694,0.003533284985102727,-211.41966487791734,FRACNP
0.0022104620996114166,0.0436603144256105,0.16145714503973393,1.6550126992936289e-06,33.82594100560284,3.714859149943948e-24,0.29526652349312943,0.06287959259423057,1881,0.8689037835276772,0.02093210894775412,-67.31610745797911,FRACNP
0.14160474963119632,0.013974379014115638,4.583951435195062e-14,0.22813152958715285,46.779364937824504,0.06054952140377662,0.1511096673536968,0.9999999999999999,1882,0.9778662214829578,0.0036037963378277513,-209.81912114127192,FRACNP
0.13693298366119266,0.013621842854517388,1.2156929043838222e-13,0.19846585815590004,45.662890975754294,0.0642360550200015,0.1491657551795035,0.9999999999999999,1883,0.9756742184946293,0.00400009996594984,-201.36826768249557,FRACNP
0.13637651828446404,0.013793735638405719,1.518792117747214e-12,0.20823447663298247,46.43936865066226,0.06276548149445162,0.1477872227836221,0.9999999999997531,1884,0.9742381549170733,0.004210287433410702,-197.22013075242177,FRACNP
0.12468135681072534,0.013807582229164327,3.8344941190091607e-13,0.18079984498652496,45.4247082711393,0.0656828064726268,0.13655307713031928,0.9999999999999999,1885,0.9713224075421112,0.004661325778380563,-188.9768425510834,FRACNP
0.12496969928146062,0.013454089457638803,9.821340321907796e-16,0.1674320007128912,44.68822390403027,0.06833243894583918,0.13822813755707852,0.9999999999999973,1886,0.9675079853913664,0.0052290442211403165,-179.66762574054889,FRACNP
0.12454484941999412,0.013688682110545863,1.1610727229999568e-15,0.1778937317785327,45.405465710398545,0.06641255629192436,0.13668760142555472,0.9999999999968765,1887,0.9660611599470672,0.005332616672820537,-178.07892911197575,FRACNP
0.12162391948644183,0.014180022724394763,6.575625125830598e-18,0.1955722967546663,46.493695665723166,0.06278800145932352,0.13095763432182597,0.9999999999999999,1888,0.966957572894853,0.005157630670225189,-180.78147378842777,FRACNP
0.20851781081819165,0.012347468286554676,1.1209901389598984e-12,0.2826835468011657,49.61630014184044,0.05826486735677362,0.32834742259046895,0.2310615383521321,1889,0.9587692620048102,0.006360027500659451,-163.80748640939112,FRACNP
0.11131906133681799,0.01509214974096482,4.444857906092566e-15,0.21038724008799664,47.648029626907096,0.059597449131008506,0.11675665591603354,0.9999999999999964,1890,0.9626228313216882,0.005851237370146136,-170.56122965192242,FRACNP
0.11165657881410038,0.015216417250970416,6.6902013388142e-17,0.21369443616250647,47.75108851872605,0.06040596775463144,0.1176564293930953,0.9999999999999999,1891,0.9561229644752843,0.006763442255424333,-158.82604566183664,FRACNP
0.23333427490523692,0.012116968999285854,1.82278973355029e-21,0.3398551208576495,50.49444245608587,0.05354464666024836,0.3728508642242921,0.18355213518113056,1892,0.955556010609392,0.006968126627596657,-156.41107583691172,FRACNP
0.21874707557876147,0.012263229884917994,1.3136410665181586e-14,0.31506623417614193,50.10974740846049,0.05501779216008689,0.3493538847147718,0.193017712910468,1893,0.9535624388919737,0.007302509350214307,-152.61447432736702,FRACNP
0.21556387028206356,0.01231279760679205,2.5360080200640354e-17,0.31265401852132896,50.11666651691473,0.05501861372388414,0.34383179624444005,0.19395671403657724,1894,0.953357244384059,0.0073475522021291895,-152.11639007174097,FRACNP
0.19342747155240295,0.012609290973414634,2.3690040081160125e-17,0.27943354027454603,49.48386931267528,0.056996328756809204,0.3073948557569741,0.20730114608488798,1895,0.9509865594480041,0.00774134342675424,-147.88754062544285,FRACNP
0.19898976954872863,0.011758597431719272,1.5269057082673122e-13,0.23678699517849028,47.454963132186315,0.06097039942732582,0.3258294572641211,0.19517229375766976,1896,0.9494425996664468,0.008132920856754013,-143.8906048494639,FRACNP
0.2109445645143022,0.011711601407928828,2.5448415516065216e-10,0.26093717930812443,47.9596775191615,0.058588426166312935,0.3458552119927546,0.18250751793212977,1897,0.9489305578980554,0.00834616281947539,-141.7941820746999,FRACNP
0.23327878745392058,0.010375358051616554,1.8322075703366716e-14,0.224075276560324,45.836355971891315,0.06179687907800693,0.39747565089652565,0.15530951306925508,1898,0.9443368073317461,0.009267360197013118,-133.31375099718008,FRACNP
0.2242241359940887,0.01061755352326178,2.5170248835474904e-11,0.22825110376553298,45.98718346591521,0.060216380022987896,0.3795875890728097,0.15373436215027558,1899,0.9521519621610357,0.007969909022910488,-145.53061591702135,FRACNP
0.17997519228231973,0.01117237602829284,9.471665043451927e-07,0.18049940783795615,45.01403420003545,0.06536730392457164,0.3023071427546025,0.17881691533098595,1900,0.961032159569281,0.006492402560831843,-162.13889004319083,FRACNP
0.18920001752534016,0.010614124765294173,1.1124904493587726e-10,0.17439197397300146,44.33319214586162,0.06556457587710665,0.32203771004960957,0.16317803994271174,1901,0.9662938592889533,0.005480820168656248,-175.85850001687805,FRACNP
0.17876144295535293,0.010664065244805138,3.8338716986542905e-13,0.1624557925111878,43.94373862629446,0.06664484438456628,0.3040778987673955,0.16576409921944624,1902,0.973393813028032,0.004308211759413128,-195.35777926456967,FRACNP
0.1840318942984583,0.010202605876677168,3.217363174954965e-11,0.15447933138327388,43.230058564954746,0.0672724011617466,0.316228727793376,0.15500458969810832,1903,0.9750040175234377,0.0040910771286186325,-199.54666356535023,FRACNP
0.18114271717847105,0.010078199412514461,1.741440846752043e-08,0.14824996470621787,42.8579970485564,0.06764097622283421,0.3122588602895175,0.1510412993945217,1904,0.9781157516086937,0.003578501128776837,-210.3896684944129,FRACNP
0.17172482873197625,0.010014084239985812,1.9769819877924895e-11,0.13629381380013741,42.274731104761976,0.06873700938681016,0.2969359210646934,0.1485548272486836,1905,0.980009911452692,0.00327275488594504,-217.62393487586263,FRACNP
0.15698100608221424,0.010070009763959924,5.231154871277118e-12,0.1189215264292288,41.699911884042926,0.07173729681604321,0.2697739072967939,0.16160002412059812,1906,0.9823815434879454,0.0029027340227276792,-227.34223741306562,FRACNP
0.1487781394863068,0.00940840953393164,2.468920435080036e-14,0.08994408223767748,40.20971026447874,0.08045251629084946,0.25751305502892957,0.16775315489851986,1907,0.9793591191326345,0.0033555327343875014,-215.60068099149458,FRACNP
0.14713801528557202,0.009092040746466828,1.5642298450567844e-12,0.08005190066062536,39.79395765699695,0.08477488566302177,0.25482369190485815,0.17258915482909254,1908,0.9791399823591093,0.0033975471319618593,-214.5927823197822,FRACNP
0.13122982861701993,0.008879641028773108,3.3402203995545595e-12,0.05981697521580098,38.80367899213301,0.0976702139489223,0.22511655785007714,0.19392766127680253,1909,0.974835184731681,0.004092959895559497,-199.5093948862252,FRACNP
0.13607842984500185,0.008253217373880734,1.45133999105115e-12,0.05182695756968817,38.237515885601454,0.1058487865288677,0.2350449759408077,0.1890725104995603,1910,0.971958627686483,0.0046977224591185154,-188.34683276218487,FRACNP
0.16558243412613738,0.006777120929688621,1.5571722218202404e-12,0.04474658926324146,37.33520074724008,0.11481110028603327,0.2947711141367423,0.15167553038628015,1911,0.97333777819239,0.004529229411807175,-191.3054380206488,FRACNP
0.12876083739283642,0.007505848473619158,6.368302477226049e-14,0.0355752627477164,36.907398291621654,0.13036941835763938,0.22238359803000993,0.1920811633654723,1912,0.9741717266653743,0.004387555659527359,-193.87958097225805,FRACNP
0.07010483168259798,0.010020217737546298,1.7912034289177086e-12,0.03376720483046293,35.528621992115674,0.12983731694239925,0.08175229166252351,0.9999999999999739,1913,0.976121976874202,0.004188052750411606,-197.64902824679928,FRACNP
0.06719902096376223,0.009821960615717978,1.6221823974179133e-12,0.02979381328638015,35.05376735505562,0.1399908322865886,0.07858287426278214,0.9999999999999991,1914,0.9742539321711147,0.00465796788863432,-189.0352137304742,FRACNP
0.06698520710270009,0.009611251132180077,8.86087009908909e-15,0.027738933183696343,34.72792357091099,0.1486132715422086,0.07838525159417564,0.9999999999999999,1915,0.9714814822863264,0.005251146932146758,-179.3259674215896,FRACNP
0.06287706260527703,0.009504950400407174,1.633960348387862e-18,0.02388766612671498,33.882905534521974,0.1637868920370831,0.07361492481100222,0.9999999999999999,1916,0.9639838322735127,0.006847687792572047,-157.8233404306597,FRACNP
0.16604090649766345,0.005183855418991472,1.8343214020884897e-10,0.02416787051895506,34.216546091667425,0.1629314949993666,0.30500259134267865,0.11481229926725278,1917,0.9489956088734234,0.009850642653337347,-128.36966275739957,FRACNP
0.1384898045739842,0.005522245984111809,3.707711966584244e-07,0.020367804196918013,33.26089255850794,0.17738943008651925,0.25273377630789473,0.12317800773825682,1918,0.9524263862501615,0.009302178398836064,-133.00999787610198,FRACNP
0.15898098429690447,0.004812130018392952,2.2098669175017027e-13,0.020121113735804167,32.69133694293867,0.1690592082278038,0.29516472966826685,0.10046120161661079,1919,0.9537180276848274,0.00906497960628383,-135.10222906520818,FRACNP
0.11610493952704004,0.005916258922858256,4.237414625724261e-10,0.01893311903884862,32.20513985672869,0.16384031597948362,0.21090839245973947,0.12765525082766865,1920,0.9622224574528488,0.007390983140178081,-151.63901344200553,FRACNP
0.11022334434021627,0.005924682105648894,1.2169363824735388e-07,0.017527701635323818,31.787135605107313,0.16426793310391796,0.1997133433221985,0.13018151267059827,1921,0.956759610419269,0.008820430672825907,-137.3174086848365,FRACNP
0.10628741830180606,0.006108636597708344,8.773301097649792e-11,0.01807816785471093,31.85412229248672,0.15565691618835395,0.191941142046784,0.1338267471575834,1922,0.9529433194910156,0.009578160208623983,-130.64180740900923,FRACNP
0.1123939303727408,0.00580730130150511,3.1625373809513194e-13,0.018284202220594476,31.509168362622784,0.15026640270403008,0.20447054592738056,0.1233678735812366,1923,0.9477481378350421,0.010879221987376758,-120.32490205941627,FRACNP
0.10571196652081229,0.0059529351000121205,6.1247235582870914e-12,0.017913574723061144,31.15929606327568,0.14472756587248672,0.19193717980742186,0.12501327377859608,1924,0.9465446055257233,0.011381375863478222,-116.66989103291809,FRACNP
0.10523002847452112,0.00598178406837122,5.7830557200696325e-12,0.01891831020419942,30.929944771258338,0.1336389516433207,0.19146654898561818,0.1204846984103749,1925,0.9543687716506108,0.00985125943557014,-128.36459123073712,FRACNP
0.10742279637491804,0.005842257660275951,5.901295887754619e-07,0.019552960556128967,30.563518224963808,0.1245912631309295,0.19647029776542785,0.1120633718599881,1926,0.9610079323479799,0.008615993017736582,-139.21690473129746,FRACNP
0.09906135941541575,0.006261534277354063,1.8465196108020695e-16,0.021436318914676445,30.58556983381023,0.11131667778387185,0.17990480632187444,0.1157497714057796,1927,0.9653703636423431,0.007757474163459825,-147.71893548671966,FRACNP
0.1097379386756517,0.006053050190372107,1.923252007954996e-11,0.02647095042751414,30.951307840677764,0.09516598346304557,0.20089970218651063,0.09918172371487693,1928,0.9745793334841886,0.005769772794710789,-171.69688629606327,FRACNP
0.09402135766223098,0.006719001301497874,7.668878839456241e-07,0.027735649162661694,30.817257847428063,0.08737321942730868,0.16953228347139063,0.10708272907880288,1929,0.9777006952609221,0.005133367282876498,-181.16342664196122,FRACNP
0.0001776619038462431,0.07916463541578536,0.11175120215603147,0.0018229757796157328,3.2262544127001185,2.1808429158280117e-22,0.11016098273305065,0.9999999999999999,1872,0.920833265484126,0.01335430191306508,-103.72121075542606,ITA
0.00022654283031539818,0.07550765944985201,0.11028563049475928,0.00010453717201339279,0.11996722858681119,1.9951657626752391e-16,0.10997135040866884,0.9999999999999819,1873,0.9188482305126701,0.013730899522086289,-101.46858786834991,ITA
0.0008308299787386324,0.058678194145656386,0.25116852359649855,0.07764412007449728,42.50638735765686,3.428403004639492e-21,0.3691177180712692,0.08599594562834127,1874,0.8705861514859214,0.02186933613533882,-63.768211403936334,ITA
0.3017456034476652,0.015416267704458544,1.1970667309545394e-26,0.9999999999991253,60.714249021792995,0.04004956921546252,0.25294222957877177,0.9999999999999999,1875,0.9715618247643641,0.004730800779915156,-187.77848183183397,ITA
0.29591099282626887,0.015603358001616252,6.920206926057941e-33,0.9999999999833001,60.73732727320272,0.04009304425746558,0.2467068633752982,0.9999999999999999,1876,0.9685975035295392,0.00537224309524834,-177.47924729510527,ITA
0.2861918522968367,0.01529724768331696,4.382134576156143e-36,0.9034178860722248,59.37148586975557,0.04086635283025593,0.2438301848390945,0.9999999999999999,1877,0.9688483899801781,0.005385542451043874,-177.27897403931343,ITA
0.2717284066610501,0.014773915167823176,7.335360850784113e-15,0.7479040804655956,56.74844758112511,0.04316020652050398,0.24412062746546265,0.9999999999999999,1878,0.9711081301809059,0.005065083832413959,-182.24810941916775,ITA
0.28217835618450093,0.015033714713314482,9.317502214754953e-18,0.8165799890254195,57.724883930408886,0.042976423069138,0.2526101785862027,0.9999999999999999,1879,0.9696619115096634,0.005208394045493599,-179.98813856507996,ITA
0.2842354670653009,0.013405020568848246,1.1013801516003248e-15,0.6219486186959756,54.16417791494971,0.045358141332546356,0.2699789814732362,0.9999999999999999,1880,0.9619268726186266,0.006437804072592601,-162.82294776279798,ITA
0.0005762777791321366,0.061923617897415455,0.22701053154486212,1.0774131590008547e-06,46.35874122717859,1.1970430523003406e-21,0.40410751500427267,0.06631447436881399,1881,0.8063261771886392,0.032908169219264614,-30.66873976804834,ITA
0.2502291559499021,0.01268792969186753,1.5915182429947498e-12,0.41141328160898843,49.42730677466338,0.054068042642437676,0.259428833360267,0.9999999999999999,1882,0.9568113685411623,0.0074659615116374305,-150.82144296687613,ITA
0.0004366723649996539,0.06477484675016763,0.19090959684557687,3.543651922179369e-07,64.6605341991301,6.014736957129116e-29,0.34120365748295567,0.061066296983493765,1883,0.783749112053404,0.03756188782627844,-19.954952128303944,ITA
0.0002340640221188677,0.07306518771827611,0.18814495758999622,3.364800307272054e-07,40.76118183524889,7.42368478748672e-21,0.3391355831863665,0.05127354133724549,1884,0.7712870397574837,0.03954275917256792,-15.792144852260208,ITA
0.21694212974743607,0.010710776932995653,2.980530710260216e-10,0.20257002805795474,44.02826065583095,0.07285346669444959,0.2443218550261357,0.9999999999945199,1885,0.9435429714225466,0.009812007090086146,-128.68798045025864,ITA
0.21047803528394207,0.009921666921910394,3.254371436860454e-15,0.15803753975529547,42.478573094776586,0.08171935134618885,0.2401744904325292,0.9999999999999999,1886,0.9353207788233108,0.011272265029346237,-117.45016701151548,ITA
0.20360208054390208,0.01013207320101529,3.483204648457898e-11,0.15551205766112622,42.34433575937748,0.08328099414898786,0.23311083002433075,0.9999999999996187,1887,0.930338730523386,0.012225900452357353,-110.87204338647575,ITA
0.19388554128780972,0.00964050278513561,2.1354095206821476e-17,0.12927644965367863,41.588800646858495,0.08944508429678653,0.22312739460442307,0.9999999999999999,1888,0.9185631743779004,0.014319610959618522,-98.06810574173323,ITA
0.18978668904197485,0.009490650215099254,4.469729844359639e-14,0.11746436378784021,40.92978323752109,0.09536114813575783,0.21936155380691877,0.9999999999984651,1889,0.9087865521308095,0.01619860104819515,-88.08121965814871,ITA
0.18290757676371405,0.009511728021269912,2.972465330423794e-14,0.11368294901114544,40.97210984629362,0.09517964747640258,0.21145601270762823,0.9999999999975873,1890,0.8964677965832374,0.018623967655923543,-76.77973909477134,ITA
0.17748686312781448,0.009985466654568429,3.1236189633642727e-18,0.12015975298477787,40.957371209752964,0.0937019293356823,0.20512093060045003,0.9999999999999999,1891,0.8814430909447005,0.021370287954337614,-65.63801015923929,ITA
0.1686198171415363,0.010288235426108181,3.265654438395673e-16,0.11977534552696056,40.90533628753677,0.09279608947293606,0.1949596488660152,0.9999999999999999,1892,0.8587558187178728,0.0264823455521726,-48.26539248097686,ITA
0.1630959538390192,0.010645717553162012,2.3891530106753158e-09,0.12440339994295765,41.06504740607582,0.09052257411483206,0.18832138741263252,0.9999999926952783,1893,0.8472771445649309,0.029124517938353422,-40.5621260360366,ITA
0.1577609060934207,0.011105905911224399,1.5522251145527776e-24,0.13456484470834396,41.50811540076529,0.08528928270042566,0.18089347149824822,0.9999999999999999,1894,0.8319680450160508,0.03236729654156261,-32.01110290781429,ITA
0.15137945910770992,0.011478131252574433,8.48136301128364e-14,0.14139194667092025,41.878671114994184,0.08132076886635665,0.17209606359807425,0.9999999999999999,1895,0.8181738137916325,0.03458402301313101,-26.645398382226745,ITA
0.1462777231614154,0.012308519938113965,4.5111174477925646e-13,0.16305493019534473,42.63028081298634,0.07501862120267104,0.16361624314799111,0.9999999997368468,1896,0.8247757197988964,0.033286710780097935,-29.74231764379232,ITA
0.14632338141264692,0.012860902973935589,3.0291366166148654e-11,0.18983276605317664,43.65977983722656,0.06804402236283455,0.159495076210812,0.9999999999996673,1897,0.8444633799133316,0.029289813708839364,-40.10371137071968,ITA
0.15062099206946533,0.013499411624650062,8.237923350895774e-12,0.23596464263184896,45.796057217766844,0.060969481588346454,0.1590365932750708,0.9999999999999999,1898,0.87482513168975,0.023181552083568188,-59.048234941159194,ITA
0.1515474956029829,0.013598358750238272,1.005338541142519e-11,0.246070367202082,46.141146278653466,0.05926856174087128,0.15830626071415627,0.9999999999999989,1899,0.9090699652399077,0.016803631568198835,-85.11093796475626,ITA
0.14246550662774898,0.01358276454440738,5.822628625233636e-10,0.2316440900431928,46.286188484571646,0.0591153652044308,0.14869444590900718,0.999999999997523,1900,0.9285926831738068,0.012595813917573605,-108.45760828894447,ITA
0.13536791827813288,0.013750673241612821,1.9689347370505338e-10,0.2235819085865259,46.046871293270584,0.05918097662124105,0.14065388942225007,0.9999999999977404,1901,0.9372590902656841,0.011054992467411894,-119.02668245063603,ITA
0.13016542622796623,0.014492680902501557,1.9537152264841236e-11,0.24379782242165593,46.892579839689844,0.0568789954152515,0.1319675630599849,0.9999999999641466,1902,0.9421798606336179,0.010263564118217841,-125.0435223099575,ITA
8.459382867749012e-05,0.08496592594699681,0.16653671073637072,1.7393015092416177e-07,41.24828367959302,6.88925477464231e-06,0.3057743241983364,0.040680782271064315,1903,0.8795008692234254,0.021358912925240874,-65.68113651590562,ITA
8.974741601263712e-05,0.08424765546128606,0.16358344798216853,5.494771011213035e-07,40.93574470705175,7.395811111499307e-12,0.2997218603864825,0.042213479013580815,1904,0.8870224367599258,0.02010537170045263,-70.580185939123,ITA
0.20607376343903447,0.012492873132918188,6.64931684719248e-14,0.31436306525362806,49.509040530168996,0.05284047613016311,0.309798917989578,0.22748766969229844,1905,0.9506407026691635,0.00894215516836518,-136.2072281544099,ITA
8.794496958799928e-05,0.08416233578962862,0.1572017750606767,6.995160644810422e-08,40.72592731049895,3.7325782669992645e-06,0.2874947835413013,0.04401258985249084,1906,0.8914235374358422,0.019805121387585275,-71.7989498427259,ITA
8.490524555645752e-05,0.08433959571846626,0.1585558702160736,1.1451109942480934e-05,42.130017064819015,7.888962678252091e-08,0.290399859402822,0.04360026638889917,1907,0.8932045193462677,0.019666707573598806,-72.36702916323156,ITA
9.635290019124906e-05,0.08267931079193527,0.16327576940886418,3.456368182317049e-06,42.91813556305618,3.1588949889154075e-09,0.2992877844946546,0.0439691047644537,1908,0.894199378442757,0.019637587090239904,-72.48705470262075,ITA
8.038752929175775e-05,0.08458356552635785,0.1498787704566244,6.156144277627514e-06,43.58634674755824,6.015398008639792e-15,0.2733821131742667,0.046499032324514813,1909,0.889326444238963,0.020847364948849652,-67.64470294685799,ITA
9.847630535731655e-05,0.08171711536340254,0.14966471936983364,3.416739082635777e-07,43.89918043294479,1.391616748257114e-07,0.27225648563038723,0.04892521266583722,1910,0.8802111824736709,0.022669048892058615,-60.85909397606133,ITA
0.12366088989373658,0.009540034346422753,1.345722996446242e-12,0.06990544297609068,38.996248607569115,0.09795038396603865,0.14702475952718463,0.8562601741643674,1911,0.9683388596054483,0.006108352217711492,-167.07791411363525,ITA
0.12764589628166678,0.008487669247905645,2.0785341645769725e-11,0.056635349945233754,37.465544589176616,0.10917889370835616,0.1481269287790357,0.9568858715033083,1912,0.969159476117395,0.006027221185593939,-168.16096330967866,ITA
0.12982648777863934,0.008062661542057113,2.808464808071871e-14,0.05232201955035862,37.02538255305764,0.11441676142903094,0.14944682839504467,0.9999999999999999,1913,0.9671256301051089,0.006733779377727808,-159.1820740396742,ITA
0.12485443324620153,0.007573801178229195,2.196966718531453e-16,0.04145706827208322,36.12844227700124,0.13171648249169057,0.144044762292001,0.9999999999999999,1914,0.961302373029465,0.008182551619130252,-143.39780831435155,ITA
0.11549834488526646,0.007746858273049578,1.8888090998978884e-17,0.03845058454784491,35.684501649890585,0.13591475455956054,0.13353729122613922,0.9999999999999999,1915,0.9580038783725564,0.009135332191527151,-134.4760213550893,ITA
0.10437579235891667,0.00790789897731828,5.578613457644537e-19,0.034209679149541074,35.05979681262658,0.14548402976857883,0.1209668710694403,0.9999999999999999,1916,0.9497122771757114,0.011233745742741344,-117.72743207577764,ITA
0.09661348181554869,0.008058183518229727,1.8682184270303185e-19,0.031719324370368465,34.66664243975598,0.15108030226595826,0.11211544147049804,0.9999999999999999,1917,0.9342436540742945,0.014990094574847446,-94.36157589386045,ITA
0.08804895931164532,0.00794517623761729,1.085615235605996e-19,0.025857015263218226,33.57770352092372,0.17724397531376745,0.10206744563882221,0.9999999999999999,1918,0.9048415893187403,0.02196993002547232,-63.39648440597534,ITA
0.0829307214458903,0.008240525607558854,9.467027622621875e-21,0.025955228902266335,33.57864380327604,0.16708020549800295,0.09638222943338665,0.9999999999999999,1919,0.8984078375880701,0.023437265870315485,-58.15962277244637,ITA
0.078820487918631,0.00825496493825465,6.455940950849599e-19,0.025271996350048342,32.9495595429676,0.16166523369968724,0.0908578867243942,0.9999999999999999,1920,0.899503401366832,0.02231997782928871,-62.116081538100616,ITA
0.1869580115746823,0.004847395466266858,9.017790865727432e-09,0.025664479338236963,33.301907745605476,0.1514946222985129,0.3417185741185667,0.11389269314437796,1921,0.8733540075671177,0.029115115744690584,-40.58827928066211,ITA
0.0632476810723756,0.009012189807170435,4.3428163285954676e-20,0.022796162519452982,32.020930998305495,0.15691538893860424,0.07291639851538147,0.9999999999999999,1922,0.8880421379571691,0.025656326556365676,-50.832129781836954,ITA
0.14006124764401232,0.005903541236931685,9.778762609261796e-07,0.026814842306224006,32.82348129450716,0.13229174413004763,0.25100785969111644,0.13496915173611843,1923,0.8779753668579463,0.02845002342974087,-42.460067505244695,ITA
0.12679785719397837,0.006509138440378146,3.5822630102030627e-07,0.029742446959134132,33.23794458351162,0.11810395272645362,0.22447055379218325,0.14768535519003592,1924,0.8875824669582965,0.026903235748155053,-46.988163258245095,ITA
0.1509221823367682,0.005909194408912898,1.2192712520114394e-07,0.034848409339653066,33.33703942623234,0.10327060408305479,0.272353751515676,0.12058958358747895,1925,0.9090781453619478,0.02187162311255607,-63.75974130369383,ITA
0.15326480077647978,0.00611738594145723,1.9469488125399185e-11,0.042546174270288714,33.806676429082906,0.08884332864903298,0.2760530278939711,0.11463258929543739,1926,0.9354356111326805,0.01569262173566031,-90.65169266972555,ITA
0.1455826378911027,0.006543236979289185,2.108299637228593e-09,0.049078035132672296,34.2683680511628,0.07920160161217174,0.25943678611233467,0.11612848534619774,1927,0.9458958005702859,0.013151376901274485,-104.96149192084471,ITA
0.14711616160276622,0.0067033647782693785,6.94908971879366e-12,0.056896402360865087,34.721473286692344,0.0713229050276359,0.2601060709271788,0.11223540572795929,1928,0.9540007256015077,0.011266895004862124,-117.48876401253807,ITA
0.04923104181409683,0.01171529438870543,1.6196447789257952e-13,0.04164908898689099,33.91762078106047,0.07657763009538543,0.05240513798937267,0.9999999999999999,1929,0.9606547166699173,0.009677280606877718,-129.80787966329933,ITA
0.21503003154074748,0.01755349201433386,3.465027457164841e-17,0.6920637869816405,55.39279184263312,0.048427887113271756,0.21140463803348608,0.7607237912511395,1816,0.9831053825650924,0.002669979399111877,-234.1124039261856,FRATNP
0.22313805944938325,0.017668290647846342,2.6880478534953792e-18,0.7696111925162259,56.576324192954665,0.04640526670787299,0.20598443243004827,0.8375481911624884,1817,0.9811846706482023,0.0029955641401665134,-224.79239668500014,FRATNP
0.22721355901470405,0.018171865739213578,2.6273926634347905e-28,0.8796390409189617,58.70934569582046,0.04462882320121373,0.200870965777693,0.8471790035150902,1818,0.9806770715657832,0.003127605681988316,-221.29844714509937,FRATNP
0.2298353161376162,0.018321440473835004,8.700185639640339e-33,0.9042227006278427,58.947019543624144,0.04468057401893772,0.2042817241487364,0.8248243121053423,1819,0.9806779963921596,0.003085280951580813,-222.40207462176585,FRATNP
0.21442010522313362,0.018440768400370993,6.70486660958848e-28,0.8542195261517114,59.14941520237072,0.04470850558726382,0.19141738977316133,0.8038200026033313,1820,0.9808195055877736,0.0029772574556816683,-225.28892786808598,FRATNP
0.23571324385718606,0.01808917341915794,1.96948915352667e-34,0.9404643115492108,59.767505862405216,0.043415497587613636,0.20199461591683354,0.8751342153666926,1821,0.9820572263767743,0.002813149476938837,-229.88145727197144,FRATNP
0.23334178947374257,0.017913885446863825,4.606147836845357e-33,0.8923025784883615,58.826988206136996,0.04396808284731567,0.20244771641994985,0.8758170750564793,1822,0.9816305247038738,0.0028936266690148616,-227.5967751470087,FRATNP
0.2394750452997985,0.01838485396993645,4.094498481058248e-24,0.999999999257428,60.470387970301964,0.04309345037665745,0.20362271642094423,0.8564840042085512,1823,0.9810463961367246,0.0030719352805983983,-222.75320766684933,FRATNP
0.23364092789609242,0.01803969855164966,1.4024968312911463e-31,0.8919543633135505,58.75878974443618,0.04457192589660148,0.20883387294723404,0.8239261643726927,1824,0.9796882860729914,0.003259736266413278,-217.9467855475379,FRATNP
0.20469885965350323,0.01722214857653374,1.0579646847325755e-12,0.6116679196430316,54.45908926969524,0.049704098914267025,0.20943434785822818,0.7167392769451996,1825,0.9771780292930056,0.0035403095841885666,-211.2587869233144,FRATNP
0.2294977473102014,0.017810194260845645,2.2025902923137015e-26,0.8216411775128221,57.49740189609178,0.0459094885800554,0.21172045562718403,0.822510828718963,1826,0.9782378787281575,0.00351008792952477,-211.9532070652328,FRATNP
0.0004229124604383727,0.07182911015176206,0.18155153515295866,0.00039851739213685335,42.133577073684584,9.967432261918496e-16,0.3179865490003845,0.06623326119473755,1827,0.9059581442600014,0.015472566606009923,-91.79558190524716,FRATNP
0.2235615726664857,0.017504517773649628,2.6681295263757054e-19,0.765182665746767,56.496422332671926,0.04601487557963276,0.2013545794769731,0.9107771142488074,1828,0.9794970222070271,0.003292233506023063,-217.14327207433757,FRATNP
0.23799960081358404,0.01832938044756991,6.754351291076857e-33,0.9999999986954081,60.48956398012739,0.042716414490567366,0.19498810440752992,0.9642928918976617,1829,0.9794436022655498,0.00334253268653676,-215.91510168820253,FRATNP
0.2109547797975761,0.01772990358534858,1.84268829741222e-19,0.7537359490238267,57.067145771312354,0.04542105816294233,0.18477242371758482,0.9492651999191746,1830,0.9756123042978575,0.0037914274885688624,-205.7079850848428,FRATNP
0.23797342325595955,0.01833048805987876,2.4259961202016678e-20,0.9999999999909797,60.43979071656952,0.04285320214385788,0.19464854778765775,0.9814286745014966,1831,0.9723055169935273,0.00445147137364569,-192.70812554790928,FRATNP
0.23485845143955306,0.01840058795162658,3.648675038172979e-21,0.9999999999907694,60.56925464102724,0.0427283594303752,0.19023272954302003,0.9981281401538418,1832,0.9714312884402856,0.004660434046965878,-188.9923396774122,FRATNP
0.21953020914091115,0.017822772341676944,3.2445724522275685e-22,0.7866820994720528,56.74879275751911,0.045848755682068996,0.1921798703916425,0.9707335629240582,1833,0.9721417659660742,0.004509880556381616,-191.65221103010208,FRATNP
0.2128738635497167,0.01845899561999875,1.6133831287403155e-24,0.8189156417410132,57.67179647503793,0.04620301448343527,0.18935726963974672,0.9029556203065309,1834,0.9735074470075056,0.004296145822198709,-195.58495289042907,FRATNP
0.2145836854767044,0.01918834992346622,3.40831110370978e-33,0.9999906732896091,61.79151185633928,0.043086156057011944,0.17519252331627386,0.9288020184997446,1835,0.9759729380530875,0.0036956212592935567,-207.78109251149453,FRATNP
0.20632898474024564,0.01788686956538579,9.917735344640936e-08,0.7170435350062074,55.68650460536333,0.047266184099172555,0.18460262230360316,0.9623784934121173,1836,0.9817666082499712,0.0029137140123402902,-227.03642183293033,FRATNP
0.22295335101811542,0.018904528613854294,1.1796634154842854e-19,0.999999999980288,60.87063250259328,0.042843131079776345,0.17793013567080998,0.9999999999999999,1837,0.9854612624983519,0.002382032745544127,-243.35584356700275,FRATNP
0.21100830646002894,0.0187551371431341,1.0705495792500007e-07,0.8964440172757616,59.63985296447926,0.043887563131499115,0.17391652290760454,0.9739171713433454,1838,0.9866507673400888,0.0021146563131010272,-252.99985895258573,FRATNP
0.21563355107143498,0.019025553077736637,3.4070060236357286e-34,0.9950343867471968,61.484027955034044,0.042251373670136934,0.16833576587369697,0.999999556005442,1839,0.9886033934010866,0.0017846047684156614,-266.74518044910127,FRATNP
0.19735616345195384,0.019087047505334187,7.6713283432098895e-31,0.8953882912023781,60.97369409787728,0.04299222041275018,0.15852622143171766,0.9451085722531356,1840,0.9889513213222466,0.0016461673720524496,-273.2857029412052,FRATNP
0.1951266957145698,0.018561544021819292,3.183477663176632e-17,0.7604472801550183,57.50920549050956,0.045717692059349585,0.16890460087242484,0.9141526984392565,1841,0.9897259616980352,0.0015806605133543428,-276.57486792359856,FRATNP
0.18941366490816872,0.018373987908107566,3.2176831034702535e-13,0.699088023140022,56.574992007942534,0.04682429189052039,0.1703671506726756,0.868709710454347,1842,0.9891490779804181,0.0016600888751549029,-272.60357286339337,FRATNP
0.17149055026619048,0.01715158636370501,2.7967561967663063e-11,0.4425235272687505,50.46457899178167,0.05497124041726081,0.18043789561660942,0.7627913337982654,1843,0.9882499128682708,0.0018385773847349853,-264.3317741376422,FRATNP
0.17869237654371664,0.017654623028173028,5.598356710279379e-13,0.5486376442409813,53.337472003570426,0.05044011090135553,0.17265749684004997,0.8539249273469796,1844,0.9847547321007051,0.0023385128456957726,-244.84940472280977,FRATNP
0.18108644896905943,0.018002774172461974,3.0206883039464605e-13,0.604268255610011,54.69571101120081,0.049127954136051255,0.1696401900183725,0.8828858976599443,1845,0.9795633959543274,0.0030843010169749256,-222.42780560456134,FRATNP
0.19145056833867458,0.017200378648550903,5.849906323129611e-14,0.5799933867685567,53.246401699789686,0.048891153420847176,0.1750690691410358,0.9874411467033659,1846,0.9735917727363079,0.004103108026669429,-199.3088111312432,FRATNP
0.1815601420695921,0.016465242131357184,1.202028816137277e-10,0.4634938122521973,50.41384850074675,0.05190859907637101,0.17312530017076028,0.9999999999924388,1847,0.969233997541286,0.004808579102266383,-186.45760273942824,FRATNP
0.2153619295768562,0.01892631687191203,3.152560958136299e-34,0.9897296735962428,61.85080022296092,0.042840516135175435,0.17321865236981837,0.9881040520423544,1848,0.9631028333587404,0.005425691754493502,-176.67735752302582,FRATNP
0.1733178791758801,0.015996264563764438,4.395126888148623e-14,0.3771069513534161,48.05813164222446,0.057007923154671604,0.17739193511134316,0.917904336813675,1849,0.9634897683596467,0.005552791757183597,-174.8017687498853,FRATNP
0.17146399352886008,0.016438155614599614,2.6766268806355277e-15,0.42861251782095056,50.15366035159177,0.05297965074004853,0.1670681930221918,0.9522085351720068,1850,0.9655216357156472,0.005170128815807055,-180.58542927602713,FRATNP
0.1859092560318451,0.015925810895229032,4.872587169493785e-10,0.4377887693451583,49.574841941294395,0.05312696277666526,0.1809672755747891,0.9999999999999999,1851,0.9713378719186413,0.004479589203051529,-192.19809615390852,FRATNP
0.00036742138684474763,0.07177417669465332,0.15456270840983893,7.561666601181166e-05,41.74657917891391,6.43841551161303e-19,0.2702809306929123,0.06479278792342297,1852,0.8898943895228261,0.01738538130421163,-82.35412966726102,FRATNP
0.0005753733802695235,0.06590691935509588,0.1586785105525382,1.2067800869365885e-06,42.49031940617967,3.663283710094889e-22,0.2787645701297127,0.06701802537625552,1853,0.8925296697829099,0.017383027816530856,-82.36509551282342,FRATNP
0.0005583503130325985,0.06573227487342753,0.17320220242486642,1.358661999648924e-07,40.81346371632851,4.4933500186891415e-15,0.30898706659593494,0.057255650816426334,1854,0.8898585568847697,0.017347316096493114,-82.5316732092482,FRATNP
0.17572414988295493,0.01579787139413047,2.2059518425978444e-12,0.3952627896559341,49.25180015956604,0.05498152516041044,0.17586598525758823,0.9999999999999999,1855,0.9886462959342875,0.001775175248724755,-267.1743040902947,FRATNP
0.0005614759016380294,0.06557575951627065,0.1735176284491261,4.4542542427067786e-07,42.09751997544669,1.1692019710739502e-21,0.30991768809508236,0.05774406172122966,1856,0.8923514643918186,0.017337904042890956,-82.57563293373158,FRATNP
0.000913153963251194,0.059240810535584755,0.17812329741932167,1.156456806374221e-06,38.09073055788991,1.5695917257149352e-17,0.3194595953705976,0.06119719315823366,1857,0.8988960878374475,0.016826075482090787,-85.00282181064068,FRATNP
0.000715702057080806,0.06224300632591362,0.19130615616887248,1.5883276405842764e-05,45.10374870006707,1.1207121587673548e-15,0.34680675478087075,0.05189314524337733,1858,0.9005087921476058,0.016316714344535712,-87.49274502893581,FRATNP
0.000532290494712426,0.06648759613408872,0.1854370270131236,7.254232257419812e-07,47.644099726039535,2.1942408593624193e-22,0.33530725070293266,0.050953250751270246,1859,0.9109892181943682,0.014621503455641388,-96.37817916760997,FRATNP
0.19622597588101523,0.019085514480743398,7.864195779726046e-19,0.9999999995219252,65.03501484441877,0.039522303616097446,0.14343741931287154,0.9999999999999999,1860,0.9851813275804779,0.0024532370123797943,-240.97005627285677,FRATNP
0.0005641871591533439,0.06564985916076564,0.17618817449981705,1.6201753911331078e-06,41.15064228813394,1.8307437564750208e-22,0.31679606812788647,0.05490953226764625,1861,0.9161234438683269,0.013772389515768736,-101.22420313072979,FRATNP
0.0005245597259141084,0.06672585473381278,0.16786082789067616,9.103317497225014e-06,39.779148880402715,5.530528139379866e-18,0.2995956075646146,0.0590214924599315,1862,0.9137533126663182,0.014352145660665743,-97.88427941041965,FRATNP
0.0005861107099232676,0.06524561525033717,0.1746396797980264,2.8510331352407678e-06,42.59468682745834,8.140520573473869e-17,0.31255214702017053,0.05878117499624839,1863,0.9073147406403005,0.01560647311708652,-91.09758771934156,FRATNP
0.22508079388677033,0.018235408337817807,4.58328384010201e-26,0.9999999996001797,62.7101392889701,0.04081317905794534,0.17716195037832563,0.9999999999994651,1864,0.9838019513840501,0.0027947594051079866,-230.41270740078295,FRATNP
0.20515646729836903,0.01807312598053341,1.8284295966561656e-28,0.8311277535526486,60.01361545033503,0.04277318978674534,0.16899613208261835,0.9999999999999999,1865,0.9834245009839395,0.0028656013202086696,-228.38509996267948,FRATNP
0.1929748910360869,0.017064654784155753,2.3652688434786108e-17,0.6083202863319183,54.98476908436053,0.047063165129035585,0.1752353129458353,0.9999999999999999,1866,0.9857959169342605,0.0025311294183445214,-238.43822052159146,FRATNP
0.17754556494320628,0.01568210481227032,9.852920951234785e-11,0.40763260368516496,50.00520804316217,0.052815285022085365,0.17557668060852863,0.9999999999999999,1867,0.9851593064024233,0.0026188775290827034,-235.67772525971856,FRATNP
0.16675203732605584,0.01517833232396485,2.3774268140270034e-12,0.33584620721321273,48.07873194229873,0.055976642885087954,0.16981658199549257,0.9999999999999999,1868,0.9841643269105309,0.0027650211018541327,-231.27922561417142,FRATNP
0.16095550466014383,0.015007271083499089,5.159306226951775e-14,0.3065415408235313,47.201195789948095,0.05764135696529586,0.16572902129114908,0.9999999999999999,1869,0.9837940923140692,0.0027775165362999795,-230.91400232803613,FRATNP
0.2397310501584376,0.014003477108941375,8.686850008031279e-17,0.4399310755117074,51.44170806586798,0.05351558559363853,0.35377256328608514,0.25719850315475007,1870,0.9771942781625051,0.0037032869433598044,-207.6132513612796,FRATNP
0.2477140461397121,0.0136027452273434,1.0547811740574792e-14,0.4319670768147754,51.061794488193925,0.05325595655288074,0.3720798910530244,0.2368414439257641,1871,0.9794192656309868,0.003338200225348491,-216.02015884587468,FRATNP
0.19981796688976652,0.014316054113066053,4.0699032994931004e-16,0.35334090429964216,49.863770723014255,0.055994234231924116,0.2885259755468606,0.29217968412361633,1872,0.9739573389691455,0.004080760186898815,-199.75118861670256,FRATNP
0.20500436661565788,0.015112263396417677,1.6713045019713406e-16,0.4455844806409758,53.19913811693931,0.051944004862149736,0.28742807039600615,0.297277315935089,1873,0.9763170362641184,0.0038068911243721794,-205.37829208481173,FRATNP
0.0014510174043808714,0.050995588966814914,0.16029643291237072,0.000307114071814031,40.26708280369855,1.9827669475995052e-20,0.290536132797235,0.060260374366855725,1874,0.9024258581390896,0.015640233988566194,-90.92255284960362,FRATNP
0.001447333440148756,0.05070966146306131,0.14844946593612998,8.888029705560292e-07,39.10794341668406,9.52055056023015e-22,0.2686403175993827,0.06237593454620186,1875,0.9000024654368859,0.01618968217424145,-88.12583016149335,FRATNP
0.0019142159303112637,0.04680408970932103,0.15839995891198858,5.833146359357494e-07,40.49571073940002,4.251904510692352e-06,0.2882598321214111,0.06340190154822346,1876,0.8841787174509846,0.018927500501450617,-75.4702459018232,FRATNP
0.003365720918991502,0.03937266007843139,0.15674202514785296,4.001147410246269e-06,30.109668876281678,6.5829977236008035e-28,0.28674648070617204,0.0724809511948308,1877,0.8704754877553685,0.021406201921653118,-65.50199937179514,FRATNP
0.0038809623462143237,0.037331646130516025,0.15782250163677244,3.839773359232885e-06,23.23716798915172,1.6326924944041287e-24,0.2895292431506629,0.07425728823199819,1878,0.8575405262101721,0.023534335218609887,-57.824840554152104,FRATNP
0.0053896267414574855,0.03307619758852107,0.15841182508307664,3.9348671901831954e-06,49.2451973234901,6.043749787960303e-29,0.2920260216748365,0.08099459249213889,1879,0.8387264427824075,0.0263819844987739,-48.572944097874995,FRATNP
0.14098061026606498,0.014819998372886192,1.3350075425134298e-10,0.24933873429604805,48.78191061825744,0.06251038600598584,0.16047932347301086,0.8312706669530964,1880,0.9304104068275818,0.011407368681344747,-116.48511392454571,FRATNP
0.1433499171550839,0.013562554000324292,5.575242997932649e-11,0.19020512750513635,46.41032987752963,0.07160790305907609,0.16947336807827834,0.8350602025889314,1881,0.9180874686249564,0.013362912521888998,-103.66900027213757,FRATNP
0.019553065683416995,0.018285026121669004,0.1405803765921928,1.9986620973218235e-05,0.4000000000000057,2.686215199450101e-26,0.2813844154167575,0.11144887183806217,1882,0.7853628813803928,0.03585869470068283,-23.713663739144522,FRATNP
0.13285622039294426,0.011666769752878123,6.541916354306664e-08,0.1027430818463812,42.847504360220604,0.0971376293601597,0.1657190760456122,0.7844227721124676,1883,0.908386245443882,0.015514204907356178,-91.57789517802127,FRATNP
0.1346167045810076,0.01143934717506053,2.9235180531519795e-13,0.10521996896505113,42.67208588124289,0.0941095597307158,0.162409863469457,0.8805950208295502,1884,0.9041638446226641,0.01615520601918958,-88.29850471829326,FRATNP
0.12222261124056344,0.010706840992552483,1.3508869442158472e-22,0.0731748646944747,40.74780274102959,0.11414274583251702,0.1484022187147666,0.8828031960694702,1885,0.8986953492118326,0.01700573065837862,-84.14255404933004,FRATNP
0.12437542511399456,0.00991849943426618,1.686287761990678e-27,0.06245867921007313,39.5718209051635,0.1263442201826373,0.14808273134279534,0.9499301252589685,1886,0.8906505966718015,0.01824089508054927,-78.46318469529871,FRATNP
0.12500573066554924,0.009646272713656166,9.48241286404193e-41,0.06042664695013436,39.22368368490358,0.12794105848924747,0.14677544732823364,0.9999999999999999,1887,0.8790160584942657,0.01982376663309929,-71.72272943516418,FRATNP
0.12081709954856404,0.009915345447025941,5.577167564289996e-37,0.0629091141872714,39.36178430658144,0.12224851695010819,0.1417019630083538,0.9999999999999999,1888,0.8665380620937123,0.021817341531364977,-63.96101914924401,FRATNP
0.11992424093608246,0.010662683914972807,1.8655150476688956e-31,0.07751633058443123,40.272580111535135,0.10688452482372648,0.14017655048203406,0.9999999999999999,1889,0.8478574424084018,0.024786722592399228,-53.625176650690264,FRATNP
0.2064573064350453,0.009330798919686184,1.1065302376062158e-14,0.11594849355005989,42.95459203108153,0.09025948227328132,0.3534214930671196,0.2055632843478639,1890,0.8275884572132816,0.028591814163950652,-42.05737805446847,FRATNP
0.2373990292634246,0.009276510328803507,3.785303457150434e-11,0.14936367523874844,43.75523747037168,0.08082926979943549,0.4124140134924132,0.17817491576104472,1891,0.8126547249475793,0.03086531718891991,-35.8598514901999,FRATNP
0.10453816530824316,0.012541676999723873,7.612103343152734e-19,0.09920030049402645,41.68992328463821,0.09226070329512624,0.12140161214019299,0.9999999999999999,1892,0.7940629991568768,0.034954225029506694,-25.782947933266485,FRATNP
0.24145723015569157,0.009753583915808762,4.087528442016177e-10,0.18437966567124442,44.782349219958625,0.07197606093368335,0.4189143987614278,0.1658978907227746,1893,0.7984131621129344,0.033890149906086096,-28.287058095679413,FRATNP
0.247578004213446,0.009784094773658802,1.4259601156937788e-09,0.1974576290222405,45.02783445080974,0.06952932666170779,0.4304442972816424,0.15731933968439915,1894,0.7585742243208553,0.0413715586561951,-12.130049101397674,FRATNP
0.2252343156937316,0.010310302186419668,1.3435896367039682e-12,0.19743753923326535,45.157956506390335,0.06824034943336889,0.3878934841204277,0.16273494383522877,1895,0.7469134622127815,0.04349521333292697,-8.075412827362868,FRATNP
0.23477231975928706,0.009913232017373798,2.875610661169093e-11,0.19331160516424864,44.4148621154327,0.06834191244738602,0.4085588479272032,0.14899510401310834,1896,0.761734310569174,0.04070598326900011,-13.443752870876665,FRATNP
0.23121118443725344,0.0109063595623108,9.559451741995356e-10,0.24906322127148686,46.76317797438001,0.06048868756068578,0.39057880636269104,0.15758971875879715,1897,0.8679575291302022,0.021552958223408032,-64.94857576458509,FRATNP
0.24629999901112068,0.010509067052112048,1.311290739936685e-11,0.257532779482398,46.74295465064982,0.05864686878509401,0.41860176619450196,0.14476260005906388,1898,0.8901130208070535,0.018332829174791593,-78.05597009141314,FRATNP
0.22799745026946233,0.011570794996689792,5.962952272411836e-14,0.3037897509066512,48.93704531554726,0.05372412933646159,0.37324842606900493,0.15570390124798397,1899,0.9511437818556848,0.008071273506256962,-144.50692175722935,FRATNP
0.19104972326908415,0.011796555913867393,1.1630600162580735e-06,0.2373677610822294,47.47392429935839,0.05856256884332623,0.314409404281388,0.17469868933749724,1900,0.9549556879815493,0.007458378309457295,-150.90375674916936,FRATNP
0.1904630349180239,0.011760478711581833,5.232959926317833e-13,0.23773380610731734,47.46167968298331,0.05811586745960503,0.3137951475887606,0.16987322720910258,1901,0.957750669014964,0.006815218169864223,-158.20833091478784,FRATNP
0.17955840831633835,0.011874784452716294,3.31402628682137e-13,0.2232909000078548,47.16814145492722,0.05903825304509556,0.2955716228308216,0.17395329764364062,1902,0.9641029591831201,0.005748399724837318,-171.9974931230255,FRATNP
0.18401514044481804,0.011393087852423992,2.1072879666743633e-11,0.21027843976234958,46.32853789404237,0.059911663968752533,0.30673333114840123,0.16410400352869675,1903,0.9652433682340169,0.005614878004448036,-173.901126458688,FRATNP
0.1809920390503703,0.011248923515045375,8.373284178871066e-13,0.1995614370673255,45.903121530105864,0.0608068586826727,0.3033232671626609,0.1615031068854443,1904,0.965333165456622,0.005587813816609467,-174.29249730326853,FRATNP
0.16888694334228618,0.011075088937498567,2.8635414754410038e-11,0.1727812469774711,44.871361143655854,0.06342096129161459,0.2852924046300338,0.16140872714852678,1905,0.966611109439829,0.005386011016295031,-177.271926999073,FRATNP
0.15186840299036283,0.01099060556566086,2.2360548553853456e-15,0.14004394098829726,43.821735514013604,0.068627848988641,0.2561976639070209,0.17993192225640606,1906,0.9673023165207228,0.005291270658627351,-178.7094034296211,FRATNP
0.14169522035703305,0.009960427854735474,1.5623453566010215e-15,0.09311306014990571,41.50824539141559,0.08193646650804351,0.24224465802684178,0.19024419295318007,1907,0.9600733261714403,0.006377857394532052,-163.58072625905373,FRATNP
0.13887733374769543,0.009296886655326611,3.586298242254479e-14,0.07288224935476931,40.439059680534015,0.09279869955488484,0.23806510502608,0.19748319918243207,1908,0.9601904866859744,0.006368086529304455,-163.70491325425724,FRATNP
0.12370861264205822,0.008763154415992064,3.377181324998371e-11,0.048489655127798695,38.98727359815599,0.11655866230539609,0.20946527317791416,0.2210536147984764,1909,0.9543394729005052,0.007300872439540849,-152.63263310278143,FRATNP
0.12915787705366,0.007911448318684244,1.2850148306229056e-12,0.0388682356015182,38.11314012573143,0.13521028714340122,0.22060606468619873,0.21008526825800422,1910,0.9502178959198688,0.0082190623586566,-143.03718834237588,FRATNP
0.1596489795150937,0.006309835202473089,3.302250722412138e-12,0.03183629291614233,37.10929777349607,0.15624728852148462,0.2825945259464611,0.1612860268940228,1911,0.9502586043061543,0.008332244998258069,-141.9293680939653,FRATNP
0.06986647916396736,0.009649834866405842,8.507250875686232e-14,0.028038043990091178,35.89652072427671,0.16435267064042045,0.08344596472202957,0.9205388525711661,1912,0.9531306732006789,0.007854750830254885,-146.70953266513857,FRATNP
0.07232678145878822,0.00886158310822934,2.098303906418577e-13,0.02443232529279678,35.16758831270702,0.18784301084851074,0.08463469889177741,0.9999999999999996,1913,0.9449923976844717,0.00955669741708985,-130.82351629624998,FRATNP
0.06820543615955946,0.008870652814337174,1.2326368162586346e-19,0.022145977172984065,34.690273352589834,0.20259607773771107,0.07989155244207563,0.9999999999999999,1914,0.9411136938402516,0.010591805034534336,-122.4936072530461,FRATNP
0.16268359377659414,0.00529418793575404,5.77943978475043e-15,0.02148513499679157,35.03532056755686,0.2197515401188674,0.2946264416976756,0.131441997744079,1915,0.9058323808819835,0.017524049441167932,-81.710625724068,FRATNP
0.18152882129613862,0.004609431488569074,4.06155214904836e-11,0.019488189528935242,34.051462926724675,0.2390618106154909,0.3349748992706518,0.10725192891202678,1916,0.8892049394814014,0.02146057043741085,-65.29653243806553,FRATNP
0.18183511970064178,0.004475907272325989,2.91276959735489e-10,0.019400437311465096,33.62820900163036,0.23325010614562294,0.33840635992091006,0.09766054823867307,1917,0.8638267755837528,0.02726107237161996,-45.91789432261788,FRATNP
0.17621095672155268,0.004281560112163479,2.2753161250983714e-06,0.017174376439099776,32.589202109669216,0.24924357666903543,0.32981799476316503,0.08984649161583078,1918,0.8703489441093504,0.026151197217413217,-49.28464247379236,FRATNP
0.17438701669392218,0.004114092382980284,3.985592668980672e-08,0.01623774511531675,31.90397819809992,0.24554001121694172,0.3281960255200169,0.08264670186484703,1919,0.8556167368309164,0.02933993817151062,-39.9652123208229,FRATNP
0.12367912633389684,0.005224275214736282,1.5408615941955008e-12,0.015206714839274191,31.424910111350044,0.22707636126446332,0.2276248432015008,0.11066209639148952,1920,0.8950007228439412,0.02078891600392879,-67.87211843835627,FRATNP
0.13172939144345702,0.0048354525545912215,5.273960413601548e-10,0.01458213803760645,30.961754076892976,0.21544340090352565,0.24390791277374835,0.10230248737529399,1921,0.8932680994718197,0.022060555242989353,-63.06304938067518,FRATNP
0.11054100608147377,0.005583024829387895,1.1278958321399769e-13,0.015087252405935357,31.084457802954834,0.19473569489022804,0.2016394050438996,0.12124439027620883,1922,0.8912283464778776,0.02249268717876911,-61.49172560790254,FRATNP
0.11591949870432046,0.005358715349303476,3.9159816299929015e-12,0.015531703868466263,30.742847733645654,0.18140461353802625,0.2127109039257236,0.11280377632909755,1923,0.89039391210175,0.02313112410382414,-59.224630187981916,FRATNP
0.10827357192211426,0.005570887782802162,5.2022244536060145e-15,0.015617005112886969,30.43573097044441,0.16807542851489876,0.198129511459604,0.11569463020908681,1924,0.9001947638869197,0.02138180808813885,-65.59435705462619,FRATNP
0.10626461602251644,0.005786473105994672,7.289741622703324e-15,0.017550067983508912,30.527005863333073,0.1436039858397512,0.19411704075356598,0.116211857285408,1925,0.9356290272846886,0.013869459087234597,-100.65530719887931,FRATNP
0.11260276707127656,0.005556200871808987,1.8086101103652998e-11,0.01884434189132699,30.265191974379935,0.12925736244239974,0.20716501752891325,0.10529540092857659,1926,0.952397843707213,0.010482248997996378,-123.33579157025923,FRATNP
0.09945287728452606,0.0061276720047180044,5.089974220949212e-13,0.020389118743320084,30.217341091182863,0.11585750556061954,0.18118997567887107,0.11260148841740089,1927,0.9558979617482839,0.00982190529583889,-128.60631005078488,FRATNP
0.10648917556859576,0.006040988996331565,2.0499612544708955e-07,0.02484109328569548,30.480156953367505,0.09913495011785252,0.19514571080374993,0.09877929486957712,1928,0.9649590107734005,0.007876165319403806,-146.4890020010592,FRATNP
0.10243632588073996,0.00621667317457631,4.154589198555299e-11,0.02727601361180902,30.154022252493156,0.08900339568220879,0.18673364916418952,0.09484359637779947,1929,0.9705032565777972,0.006720553091732021,-159.34132824469663,FRATNP
0.00017084719013313917,0.08042176877175972,0.18617201972235325,7.713752142375644e-07,40.11704561543635,9.060482873582241e-10,0.33322506824153747,0.04974813801125016,1850,0.9170246450129013,0.011997704380242388,-112.39819350127198,NLD
0.000155514458553554,0.08166589094516902,0.19648423895739434,3.242933626355795e-07,41.20776757005066,7.084221126658578e-06,0.3520953237496021,0.049977867729470424,1851,0.9197824229874425,0.011643452496855014,-114.82587084714294,NLD
0.00016319439447699303,0.0810879325839432,0.21006839888818726,0.0012049158747589536,42.63536929568847,2.994422230199407e-16,0.3767862568148407,0.04994328530345695,1852,0.916859317802403,0.01260591687157809,-108.39266518443719,NLD
0.2214839848633508,0.016699739380096338,0.006097403948808383,0.7749392778694896,58.34652617993153,0.042330530837851287,0.18985345910058504,0.9999986887384933,1853,0.9905915153788128,0.0014369008787274134,-284.29855644786136,NLD
0.00020297766499552928,0.07784098170593567,0.2022117948171204,7.777156244536684e-08,40.13642891362041,9.706463897989062e-08,0.361147427106115,0.05603059774584032,1854,0.9112586669084936,0.013741482406778078,-101.40618238020141,NLD
0.0002067291240933092,0.07767863206394633,0.20298744948416236,7.338607500490141e-07,40.88399124682814,3.7200771700875375e-17,0.3611851254240104,0.058378032121739185,1855,0.9141324023178014,0.013185826925280334,-104.74958988642203,NLD
0.25713772445797645,0.016722070897164248,9.482893641107199e-19,0.9999999999929888,61.844764113624656,0.03954243686720724,0.2023939023940357,0.9871230173340172,1856,0.9905195225132478,0.0015259063944436915,-279.4304593869679,NLD
0.2594411486657123,0.016670656892188877,1.0090295187412017e-28,0.9999999925058128,61.730625525226905,0.03965590282270306,0.20517281778906282,0.9999999999999999,1857,0.9891661702753853,0.0017932120209433237,-266.35545182922596,NLD
0.23082601780759648,0.016292904140230165,0.007609229294627222,0.7763074234703294,58.18660303737041,0.04204996790998953,0.20091015764412495,0.9999977169906429,1858,0.9889868453246382,0.0018149257302501024,-265.38052691891505,NLD
0.27217843028040845,0.013599260622001539,1.131859290399153e-15,0.48757996355979444,51.629922213841745,0.052624623858777926,0.3828203130297628,0.3081153733206475,1859,0.9880553227776369,0.0020648091066835022,-254.9320750500661,NLD
0.15102707450988145,0.0194214787184711,0.05305364758293164,0.6743226634159398,59.89854400439339,0.04505208623910999,0.18271893818686746,0.9999896920679983,1860,0.9904548068074032,0.001595878086523968,-275.79878237155634,NLD
0.23735262113063985,0.0173771803597115,0.004435759624799344,0.9969059389837952,62.659685851247595,0.03972454970461328,0.1889799409019139,0.9999878901893292,1861,0.9901527016249486,0.0017077239007354669,-270.31205925262026,NLD
0.2398630644991003,0.017357710766165397,2.3848858915829524e-29,0.9999999861151088,62.3173166389329,0.03973789696408647,0.18582188229160398,0.9999999999999999,1862,0.9895411253851042,0.0018863242454596621,-262.2550977878362,NLD
0.0001926905894790665,0.07832065459699607,0.20390307097598384,2.2435257199110714e-05,41.82530393846858,3.324313708350366e-11,0.37088579157130824,0.048144350240874156,1863,0.9119826734526985,0.015894309976298822,-89.61727947218117,NLD
0.000137790356507435,0.08312865843522424,0.20771880502386625,1.155292725410371e-06,39.684701546414125,1.070153346662464e-08,0.3800440840683706,0.04384739647244497,1864,0.9079718362927042,0.017293620317322456,-82.78278429610128,NLD
0.00013160250637674173,0.08370033330356261,0.22701883765348949,3.144974321117691e-08,44.47909555366661,7.1163274148548e-15,0.4183528718856939,0.0404683603709154,1865,0.9128795769878225,0.016567129102963544,-86.25907004431815,NLD
0.0001320544961950619,0.08343597114487479,0.20470155312797647,9.443072563236014e-08,41.90786005536502,3.742886584524131e-07,0.3748006327394955,0.04363599413254815,1866,0.9081048191645443,0.017445682801775882,-82.07366587391886,NLD
0.00017270838087488847,0.0794355249184685,0.21397558051457283,1.2372516157374266e-06,41.455819659507696,5.5500333752080367e-14,0.3941058755760177,0.041633073545554546,1867,0.9080206509400173,0.01755308512375758,-81.57652749420384,NLD
0.000147519136641983,0.08134920470070867,0.2260915989078684,1.5533934176152695e-06,43.101655490021685,5.844426190617082e-14,0.4198922991984012,0.03638087986136725,1868,0.9011111712715716,0.0190543588567584,-74.92916838939652,NLD
0.18066696273666288,0.015550630286022596,3.625974273839452e-13,0.453697081362443,51.520194513990994,0.048919130232656254,0.16990272871275586,0.9999999999999999,1869,0.9861648807662425,0.0027266325219748536,-232.41168072982884,NLD
0.26970710404368625,0.01204316762199721,2.112556531167128e-07,0.36276420801311343,48.190486659391574,0.05548054905882142,0.41789982763479017,0.22092537717634345,1870,0.9788470678249713,0.004187949544337986,-197.65102435226095,NLD
0.2637236806534676,0.01223062177391485,4.3748550958178066e-07,0.3755735403852101,48.85286485532328,0.05402907332286281,0.4061431599819362,0.2170969523807967,1871,0.9822564901862946,0.0034478995126150085,-213.40115331340286,NLD
0.2967072306829164,0.012654450914925855,5.213657883791407e-13,0.5271531131124676,52.01216090606865,0.047246039212376724,0.44385155541736554,0.18668180433778617,1872,0.9832440827433229,0.0032371538794913786,-218.50987978683276,NLD
0.2805592136329331,0.013040080437429036,4.547436998819213e-11,0.5304123700220758,52.51418461969214,0.046828129695017755,0.4133975255612314,0.19263138109027172,1873,0.9830003138916592,0.003311730684780411,-216.6649908413603,NLD
0.00012759430444296425,0.08225084807581398,0.21693954168663446,7.460550941108186e-05,56.918093948204195,4.1205265459372833e-19,0.4069103702421341,0.030621387124442387,1874,0.9178754210032404,0.015989746042420032,-89.13237601838608,NLD
0.30120117680383907,0.012552540709500841,2.0867721189675212e-13,0.555567252157355,52.776197115942914,0.045126293972758275,0.4453650269649845,0.1749451143581183,1875,0.979942017220081,0.003920250571153352,-203.00153380765704,NLD
0.2777712122086109,0.012350705893560153,9.205838324165807e-12,0.46285995732475055,51.073339368435605,0.04776799034321031,0.4171507786730709,0.18806788013140194,1876,0.9789781110893406,0.004107473870370558,-199.22267025169168,NLD
0.15259789481651817,0.016590483986912864,8.323315079447723e-14,0.4663438514654476,54.106970616361124,0.04570088706146893,0.13355066557282905,0.9999999999999999,1877,0.9801783784771192,0.0038149473733395437,-205.20705875060423,NLD
0.2534010686563667,0.012629837848729791,2.217596140708256e-11,0.41873741509524687,50.75601667159714,0.04960273798853311,0.3767470856560035,0.21640361525171792,1878,0.9804866641125742,0.003857682619981113,-204.30473691895145,NLD
0.00018015013237343626,0.07668932417440459,0.20650217191887418,2.067143334427721e-06,40.69357675862372,2.8822410407531744e-13,0.38459550280120575,0.03711332101586651,1879,0.920988523057946,0.015569704221224409,-91.28864911300792,NLD
0.00018248843718808667,0.07609902126869698,0.21785486039952937,2.68773700754776e-08,42.18888192909646,1.9087669544573195e-07,0.4076001058285094,0.034900239883149,1880,0.9180257115062859,0.01626681220244015,-87.74085056559062,NLD
0.00017858976189168908,0.07635667809067494,0.19496054053864348,1.1395516921197767e-07,43.30061596589494,3.5605019102497486e-14,0.3625032894527001,0.038157740765946364,1881,0.9064610357282775,0.01883497835605198,-75.8671641656785,NLD
0.23566469891081634,0.01175314812118514,3.8215561549868284e-16,0.30089366965541353,47.90754272373617,0.05584976384085531,0.3663483401979211,0.22239642718980251,1882,0.9756422256424276,0.0049528254468211574,-184.06352012129116,NLD
0.00015942226453406592,0.07747724536366275,0.20079929974829513,0.00010523152999620763,42.82603595280271,3.4020906987351585e-18,0.3767329679074849,0.032652448009415413,1883,0.9007913680521966,0.02059842889079815,-68.61773597694258,NLD
0.00012096545064568889,0.08103589707065097,0.2035014112881483,9.460739952693888e-07,44.13086855416659,5.295257196606788e-14,0.38348511361342374,0.029537312509416686,1884,0.899405502259915,0.02104894551384275,-66.86524759232776,NLD
0.0001407882770322403,0.07869802539502803,0.18447500944905482,3.868725155056938e-07,41.217288464590006,1.3480676604416853e-10,0.3463599606710154,0.03139627100508391,1885,0.9017002279384583,0.020051138209301555,-70.79897564290923,NLD
0.12191013281910165,0.01533658159872882,1.1604680954522645e-11,0.2642612620238331,48.18260429564088,0.0535698829327604,0.11991255015951473,0.9999999999999999,1886,0.9746850882377387,0.00526518269463004,-179.10975178808314,NLD
0.11598466113037155,0.014235537650886582,3.1460764419087194e-12,0.19306217102198772,44.86534804904607,0.06028393276758636,0.12106898993735539,0.9999999999999997,1887,0.9727568566811424,0.005727070157979429,-172.29860443659265,NLD
0.11236356977247622,0.014245587293871625,1.162122109496715e-13,0.18550762512593205,44.659354695116356,0.0608509322664834,0.11762862928305001,0.9999999999999993,1888,0.9674927550459714,0.0069430051055242815,-156.70362507573162,NLD
0.10987817802467838,0.014151179677267315,3.870783725463885e-15,0.17561145157590824,44.09057522765763,0.061867677406681094,0.11552665612329192,0.9999999999999999,1889,0.9653834501530589,0.007514531987586942,-150.29619694105003,NLD
0.10481161196641307,0.01469484154540174,2.5678030912088656e-11,0.18467430688785422,45.00034982904812,0.05992987277162385,0.1086528330826202,0.9999999999999959,1890,0.9648561955251989,0.007675193456804333,-148.58266177883212,NLD
0.09751976764635338,0.01538357905190832,6.890227584211062e-15,0.1890685765191604,45.257634672457094,0.0585654265764671,0.09893796192855119,0.9999999999999998,1891,0.9626135369101718,0.008320209161180824,-142.04645629774387,NLD
0.09609013319204203,0.015548497852809066,1.0286004296671074e-10,0.19174754372632172,45.68299607182009,0.05831162038668373,0.097389940775662,0.999999994087547,1892,0.962432356078438,0.008273305749794376,-142.50436849547464,NLD
0.25332452210834533,0.011772970507958003,5.0192926807342645e-15,0.4092287217819516,50.22779443734129,0.04577522659867015,0.39121790626074227,0.13788855221463697,1893,0.9598420163351745,0.009090122499606185,-134.8778760817617,NLD
0.230740741013934,0.011827679557075527,6.597957413915981e-12,0.34988636008643026,48.99213737516921,0.04848337992481374,0.3612620908857173,0.14920601263246377,1894,0.9598307701535412,0.009122183579473348,-134.59268977524505,NLD
0.09134485622614211,0.016473446876073747,4.744908875322149e-17,0.21584463890072403,47.449285329622306,0.05468929780648247,0.08883114099499302,0.9999999999999999,1895,0.955157560338828,0.010361692779210748,-124.27277006640122,NLD
0.22051719230773312,0.01168784754721133,1.4109755571378038e-07,0.31807534582179514,48.142254320369275,0.049570622789041355,0.3482153356945637,0.14960659995114,1896,0.9584543821612882,0.009673377375567468,-129.84055676820242,NLD
0.08785860205300444,0.01672571065678292,4.090777491163526e-15,0.2132353876757202,47.56445103210302,0.05477040908526746,0.08518189364270791,0.9999999999999999,1897,0.9528266391129094,0.010926023869417354,-119.97719139459196,NLD
0.16549372157665657,0.012474211730882456,1.4001785131699987e-06,0.2372570985717683,46.7644085225507,0.05427941470773394,0.2595622276230931,0.1831771113031536,1898,0.9539397617943172,0.010829649714150182,-120.69483018518753,NLD
0.2503206827940724,0.012052347660265524,9.218218201440272e-12,0.4484405194865627,51.50688448669095,0.043405617278410524,0.37844099299591893,0.12634910200902733,1899,0.9499781470394267,0.011802431487862416,-113.72738416682216,NLD
0.2584114956276505,0.012294414390157611,2.990579480027367e-13,0.514025971016923,53.258545544354696,0.04097824762107293,0.3793665090927636,0.11809105250382976,1900,0.9543498294539192,0.010909775745395528,-120.0977363997568,NLD
0.24949843778336123,0.013215492085029841,2.7315273725098626e-16,0.6101709594038169,56.74223392141032,0.038448508490244504,0.34288295448520756,0.12364728817905278,1901,0.955002081865996,0.010873407408234089,-120.36820541490567,NLD
0.214999388784134,0.013647211257118472,3.5431567324560255e-14,0.5174977973270983,55.211551584169996,0.04063859126769413,0.2992048391008513,0.13749443820989912,1902,0.958028373148636,0.010181937869533551,-125.6902915872364,NLD
0.1787227402234663,0.01302502846286339,1.256168146263501e-06,0.3319915649333439,49.99826153505,0.04640099786718213,0.26776119455201536,0.14879951431277627,1903,0.9597148614686369,0.0099767950608995,-127.33892111057509,NLD
0.2079122616860069,0.013894613528725258,6.196221919764588e-09,0.5252297643786753,55.99668079281181,0.04018868040238222,0.2856667630737127,0.13807780409663986,1904,0.9667722496994602,0.008221857565560615,-143.0096458736515,NLD
0.1971161791300897,0.014049486310091109,2.3266802184005416e-07,0.5134186306768499,56.17639896264366,0.03954630334139532,0.2654743558329749,0.13695361239552503,1905,0.969404243296331,0.007648534729382661,-148.86449385956342,NLD
0.20364853990969442,0.014577198971579226,4.483274159231602e-08,0.6004301097376742,58.80966063114008,0.03822912018794747,0.26430928141274435,0.13889165749472981,1906,0.9706660728759473,0.007449222049442387,-151.00325729072046,NLD
0.17746156268869437,0.01448059086920861,3.7776042906228745e-08,0.4673181184763289,55.56442320075184,0.040934429039077506,0.23955913898069395,0.15113455818734378,1907,0.9714899006980785,0.007293224903416699,-152.7175236538307,NLD
0.16771116264069583,0.014246424003833037,5.947265919021664e-09,0.3976532678969148,53.362140161308616,0.04333903653265309,0.23487114668640915,0.15980145757036324,1908,0.9718721292478214,0.007345576724897095,-152.13817081804206,NLD
0.13095176705521896,0.014252580931932912,3.0704776784110962e-06,0.2532828302184418,49.14590555412599,0.050857708153845695,0.1922165692813068,0.20847847725889032,1909,0.9721332857774533,0.007334614835759606,-152.25913833832203,NLD
0.14713659522689984,0.013461571611261361,4.290992001348849e-11,0.2629889360772335,48.78008065624554,0.04992891340878133,0.22077316460167448,0.18439935365115323,1910,0.9713593755311609,0.007802861284161985,-147.24640490208697,NLD
0.1525171378547885,0.011700435955106876,1.0687132790496409e-13,0.18438343971145862,44.49322761009501,0.056998022407666785,0.24672458384243234,0.17020908542477048,1911,0.9727551051669134,0.007559804201840937,-149.80966667747458,NLD
0.10743799640224794,0.012358156959529023,6.7126679068592475e-09,0.11186121053260359,42.126542969918056,0.06981927847778986,0.1710401976506792,0.24850335993368197,1912,0.9746349571477542,0.007039433301308745,-155.5863939519029,NLD
0.11606728894261657,0.0108033237846976,4.626844288734271e-10,0.08480606116109,39.98204526452141,0.07955535144940735,0.1920736041127206,0.22899168125157887,1913,0.9743020843882767,0.007285927761359705,-152.79860772909421,NLD
0.12356368937363274,0.010178232270315758,2.8407928241749387e-15,0.08068741694072291,39.254621091556764,0.08138541394362825,0.20869275260276504,0.20622524718137225,1914,0.9696936867621228,0.008880029734455038,-136.7719378750719,NLD
0.11786376275061533,0.010269808870290909,4.677708482040917e-11,0.07656492333440167,39.06529263630666,0.08245389996566803,0.19925155318765175,0.2079841789327161,1915,0.9682809688690002,0.009446537620352188,-131.7626241343728,NLD
0.1195315271822091,0.009690453895169085,8.720885981695945e-13,0.06677934506510522,37.81462342265931,0.08763649196179163,0.20558900817967435,0.19261830625855172,1916,0.9665541564823478,0.010420352620143424,-123.81550422534832,NLD
0.11830773050065137,0.009647379058641532,9.707994734577846e-12,0.0677955956484171,37.678998259457636,0.0853446970854354,0.20540148466698555,0.17727651869898797,1917,0.9597198995295316,0.01259903225948238,-108.43691471580678,NLD
0.12487281539302719,0.009099966029050399,6.236510228438064e-10,0.06693340543355387,36.62540043246362,0.08405791823157148,0.22112603745557774,0.14769143509671973,1918,0.9601523339765243,0.012455635685616823,-109.36410715239748,NLD
0.10110620512495958,0.009400384898011769,2.5731386875585522e-11,0.05036026155552337,35.451391198973134,0.0942554226132616,0.17821296326093986,0.16426824136320353,1919,0.955849252638491,0.013706788449292134,-101.61094661235745,NLD
0.09798198583984853,0.009874484597602626,3.209263768224399e-09,0.05633757726613223,35.94702538929354,0.08737284237930755,0.17163904128426913,0.1629870478114166,1920,0.9532619861186691,0.014616735220331275,-96.40459847882926,NLD
0.10657910938914512,0.008853300335510388,4.6354716841795216e-11,0.04954880895338014,34.806487420460705,0.09183390123052193,0.18996276939182036,0.14561995267483313,1921,0.9490935248206013,0.01641586632579975,-87.00202080967046,NLD
0.08782497551825814,0.009705909971476953,2.6259722400871444e-11,0.04518945355496325,34.73386516129067,0.09407590972262547,0.15417265922459758,0.1665769787794815,1922,0.9401628806850113,0.01939553821600753,-73.49164810746822,NLD
0.08200596563955959,0.010572962881305513,8.747231425858847e-11,0.05331721880837916,35.42914981005861,0.08428199528637981,0.14234698707785556,0.16354038284848638,1923,0.9416012294607593,0.018569802715765013,-77.01565834740671,NLD
0.08130945365745673,0.010487299690407351,1.3045502730569094e-11,0.053691453383161516,34.912679643288655,0.08136552907761954,0.14132963273056534,0.15160740766237626,1924,0.9341475083101416,0.02138825767075534,-65.56992799721769,NLD
0.0795473918549987,0.010180317374602833,8.184410663530977e-11,0.047253983855058176,34.25177211481142,0.08674212276188456,0.1397054066225952,0.15013604560617774,1925,0.9399158862790272,0.019422226672301555,-73.38026790272647,NLD
0.08238685606222315,0.010133141258084503,1.1046039537470882e-11,0.05329341015422094,34.48138444218414,0.0789556142999225,0.1447814769786033,0.13291504987360508,1926,0.943329603030708,0.018899767291830145,-75.58901685795064,NLD
0.07513655912673754,0.010873579759182125,3.582586397226356e-12,0.05924530778257854,34.41311136117637,0.0715404594835537,0.12944088858105038,0.12278316923717886,1927,0.9539444782046621,0.015198818174364474,-93.24150369382414,NLD
0.07309776736833078,0.012053065953969471,8.457325874074682e-07,0.08145319177397893,36.8530195531366,0.05938993360303728,0.11917742267253223,0.11791519210178071,1928,0.9661663494523597,0.011462168713994332,-116.0969284476414,NLD
0.08163018986117605,0.014003940843156254,8.752371074583918e-11,0.17158015423074752,45.28184837445026,0.042254091738828235,0.10935877765500265,0.10454570948253541,1929,0.9738555241072171,0.009023720254030166,-135.4717429997874,NLD
