a1,a2,a3,b1,b3,Year,R2,RMSE,AIC,Country
0.12474247974323467,0.0077432673261999905,8.413152798549778e-05,0.5834224035727217,0.09296474479628014,1816,0.9681084172263377,0.005040059021094681,-188.64929402189728,FRACNP
0.12898031592020195,0.007767857834425242,7.575752173249725e-05,0.5929416495001356,0.09436385446537097,1817,0.9669175596918635,0.005267012338892905,-185.08160928097777,FRACNP
0.12811805719451924,0.0076352137098669596,6.883838291740046e-05,0.5984759301709305,0.0956539103849364,1818,0.966504481278871,0.0054215785681760486,-182.73878645358087,FRACNP
0.12562173561822404,0.007907552161892992,7.417495069459106e-05,0.5835390791786077,0.09501986229374641,1819,0.9668148873865037,0.005298901599466558,-184.5926713690107,FRACNP
0.11524078956534524,0.00772364916042443,7.490704659342026e-05,0.5775661626946672,0.09416182408194787,1820,0.9673533745760138,0.005067513217201131,-188.2092684052464,FRACNP
0.13121063464559227,0.0078088496190837145,7.393198448495872e-05,0.5922724674269748,0.0944306717048146,1821,0.9687503098047969,0.004899468246834627,-190.94087428633554,FRACNP
0.13339092065181263,0.007829756300515264,7.245978248667132e-05,0.5975517356018928,0.09479783794174876,1822,0.9691624418665074,0.004857644499034119,-191.6352896136894,FRACNP
0.13429374868140753,0.007802114130375515,6.52847977730962e-05,0.6041815134009175,0.09662067251271561,1823,0.9691664937811193,0.004997389217459427,-189.3379700344571,FRACNP
0.1331332093335312,0.007786212611345719,7.734765400335702e-05,0.5959620924070773,0.09422254022970422,1824,0.9662432563786024,0.005417469043435392,-182.80020725951715,FRACNP
0.11793512447068523,0.007573053618118414,8.891708925126286e-05,0.5712255537927562,0.09156627975634866,1825,0.9619794638837733,0.00589802125926889,-175.9161651135728,FRACNP
0.12848793382914078,0.007602173007432247,8.287969677316399e-05,0.5779125845070524,0.09313357700593519,1826,0.9625782314243285,0.006035886692208127,-174.0445909513125,FRACNP
0.13029479436975763,0.007464397201541838,8.392307369228984e-05,0.5864338816174514,0.09315700587781216,1827,0.9644205997973788,0.0058538257790120805,-176.52540564672273,FRACNP
0.13070860656847846,0.007384108209325943,9.77824417563336e-05,0.596524350653636,0.09057489089664883,1828,0.9638427169856967,0.0058058990176171705,-177.19130293066524,FRACNP
0.1329230928936988,0.007424340103273856,8.90558021991769e-05,0.6179531989552011,0.0920308724620372,1829,0.9639410315492047,0.005863297755111494,-176.39444684459966,FRACNP
0.12590754663477255,0.007407945378067122,9.984625390131074e-05,0.6276609649307845,0.0896723997333175,1830,0.9599266474995749,0.006229994505625801,-171.4807236973632,FRACNP
0.14078369617935757,0.007760289931910389,7.443295751219972e-05,0.6588075044440049,0.09433875092730534,1831,0.9563989425935856,0.007008213833057434,-161.9464230823952,FRACNP
0.14098579020048485,0.007609174886440934,6.255735696518177e-05,0.6770898110969082,0.09648627612940835,1832,0.9548367002658338,0.007367520908826644,-157.89655205623666,FRACNP
0.13965719717032443,0.007668974918659743,7.375069918220998e-05,0.6734957676900678,0.09438653492791384,1833,0.9541630238566006,0.007420401710341801,-157.31724645790905,FRACNP
0.13204522101949065,0.007745873087476341,6.593719997604534e-05,0.6621419874212038,0.09610178477598401,1834,0.9547778183989197,0.007333452420795488,-158.2719765140195,FRACNP
0.11828568658221215,0.007797070558287273,5.872933074028632e-05,0.6426153710755069,0.09686031447629728,1835,0.9578430646978321,0.0064842194850055065,-168.24104748099728,FRACNP
0.1309655596427291,0.00771454936389482,5.40471798250021e-05,0.6632754462507723,0.09849257823828338,1836,0.9654940400263594,0.0055141315591576605,-181.36768733244168,FRACNP
0.13242040062543517,0.007490771708809753,5.824514908471236e-05,0.6763854333435664,0.09771593261720272,1837,0.9702138760316898,0.004880189865571048,-191.26022101340737,FRACNP
0.1279185563035059,0.007619902775613446,6.519281924950685e-05,0.675305589243385,0.09594502395578595,1838,0.9718486628324489,0.004459497139102474,-198.56221836018858,FRACNP
0.12554844398785,0.007627971002569581,6.831968830958409e-05,0.6778683520005175,0.09525264536511997,1839,0.9743364887607131,0.004018782359831123,-206.99083936245927,FRACNP
0.11442206404498127,0.007680212049449656,6.435587973683224e-05,0.6690362807899521,0.09527541020737604,1840,0.9754401426884112,0.0036562271733527104,-214.64916032616657,FRACNP
0.12228250713665999,0.007778764333898307,5.561226532362788e-05,0.6746158240711934,0.09786600382656717,1841,0.9759422161595744,0.0037012150805439802,-213.65858078165644,FRACNP
0.11806465951771666,0.007686057646563628,5.7922235590061e-05,0.653062087733177,0.0971282063471147,1842,0.9753413282323152,0.0037726214877183356,-212.11075593213405,FRACNP
0.11206777185666504,0.007477638828990588,7.721496389390181e-05,0.6261920272443157,0.09369865460164369,1843,0.9731449629315457,0.004202186764694501,-203.3761263259869,FRACNP
0.11338452821733876,0.007444688823728057,7.836301121215343e-05,0.6356343166896185,0.09290392035638334,1844,0.968766525045984,0.004790986939995453,-192.75448423029695,FRACNP
0.113973377093338,0.007675225088258726,6.323997816912734e-05,0.6535450409061446,0.09554497842115242,1845,0.9619706157937843,0.005740199549498744,-178.11312328808935,FRACNP
0.12945786784563185,0.007569903574559786,7.393929991287688e-05,0.6828691437688679,0.09362293878119575,1846,0.957552742071734,0.006595253620077519,-166.86576562871045,FRACNP
0.12924997661676838,0.007339657980926868,0.00010587007944369899,0.6940809046088813,0.08874438902728667,1847,0.9530510731434267,0.007338018736206677,-158.2215559997723,FRACNP
0.12845116165399964,0.008199042661955543,4.361832841940699e-05,0.7076044526092689,0.09995960220531874,1848,0.9420252510306216,0.008525237637301026,-146.0746324703279,FRACNP
0.11756863563573147,0.007827628321568806,7.178435167477703e-05,0.6431707009581413,0.09404318168109346,1849,0.9465865609944923,0.008123492220405638,-149.98456403052444,FRACNP
0.1082898973569516,0.00741974776370211,7.182195608215609e-05,0.6195695648814982,0.09319876850532707,1850,0.9499755006033027,0.007501459963558605,-156.437224482516,FRACNP
0.12208882742465854,0.007182421769823623,7.747645185567615e-05,0.6282708997472869,0.092458654222102,1851,0.9550183133061901,0.0070302185930384686,-161.69249344636324,FRACNP
0.12626035286792206,0.006896887407848882,8.781760463256654e-05,0.6365882172378166,0.0905265559021953,1852,0.9598249656625216,0.0063435017704126405,-170.01822861756278,FRACNP
0.1334459988050869,0.006487959883806161,0.00013062351505777124,0.6511011636240278,0.08529657963970202,1853,0.9657350730340918,0.005542663741722665,-180.94964361275424,FRACNP
0.13806766353686675,0.00653487823188098,0.0001321068647363333,0.6666389438659907,0.084558547630719,1854,0.9652429258113802,0.005474266337996322,-181.9554157913838,FRACNP
0.12749508747619506,0.00647835078796601,0.00011376908602432848,0.6632649907508565,0.08632778445333165,1855,0.9667080949219704,0.005205185079095507,-186.03805920876323,FRACNP
0.14654751177212644,0.00631790495325709,0.00012381283019955935,0.6872276999687964,0.08536580327469177,1856,0.9716537448362713,0.004565939565265314,-196.65156592985062,FRACNP
0.15326409864915502,0.005852189261138643,0.00017270796240874436,0.7122212298295234,0.08101692609827196,1857,0.976712299514523,0.0038758351166467042,-209.92448178012904,FRACNP
0.15598440353128784,0.00608996558847833,0.00014277205088451367,0.7407669532578337,0.08338577107466003,1858,0.97525994540805,0.004057239726225206,-206.2194025856603,FRACNP
0.14187226909663314,0.006270564182822028,0.00011146412201454842,0.7233987171887032,0.0870714022337271,1859,0.9754592019541529,0.004030977941842753,-206.74540524722596,FRACNP
0.11801689943622885,0.005855123239268707,0.00011389634420272976,0.6942192674987935,0.08642857418070196,1860,0.9764046570825871,0.003907690208746476,-209.26147195912938,FRACNP
0.12877305387431748,0.006204101604964414,0.00010823785378502735,0.6910812667091439,0.08743566034193506,1861,0.9740515883934737,0.0042617026056533435,-202.23696621551386,FRACNP
0.12139891955822903,0.006132009862858202,0.00010016203972519292,0.6547673154437652,0.08858575806757475,1862,0.9715472937585717,0.0047344404072429125,-193.71618868531,FRACNP
0.12214971325410678,0.006016643489647984,0.00010948841084004421,0.6306310431099351,0.08737237588346998,1863,0.9672634136065619,0.005512302712949581,-181.39455667942315,FRACNP
0.12414375481838719,0.005686308821479536,0.00013289981945179897,0.6194376256255588,0.08475691457867884,1864,0.9661522145725132,0.005840690794785319,-176.70736001192387,FRACNP
0.11499139907627917,0.005475421346121754,0.00013396106361261698,0.6073476734198527,0.08428590715159832,1865,0.9656229888413412,0.005913341775523897,-175.70603483327233,FRACNP
0.1300641531261423,0.005179527928103565,0.0001443306924280297,0.6399496912890288,0.08317864614545491,1866,0.9675275517137716,0.005787590887903673,-177.44712921793655,FRACNP
0.14554971327114677,0.004899665348720481,0.0002154558488879026,0.6792062899894877,0.07735241976431233,1867,0.9697018463107817,0.0053447653683836496,-183.89460588340575,FRACNP
0.15634935116378282,0.004952135642445515,0.0002060693661904224,0.7283132057009708,0.07757107559169556,1868,0.9716438832350196,0.004948835636656791,-190.1287969749584,FRACNP
0.16552244291896348,0.005182706248760587,0.0001947703727410769,0.7785381337645276,0.07823778740549296,1869,0.9732129215872384,0.004585719824715263,-196.30142101249356,FRACNP
0.1510935736836763,0.005612945230149,0.0001408526609504865,0.8012926883733431,0.08209777961474027,1870,0.9717418999836338,0.004584972204359927,-196.31462770370598,FRACNP
0.14203063322379417,0.005441408940926909,0.00016954137508787682,0.7980112170980477,0.07953421865319744,1871,0.9691624757046399,0.0049973069324508864,-189.33930375898296,FRACNP
0.12177481096775848,0.005778364849924092,0.0001395235947200519,0.7311462726679908,0.08240605633926194,1872,0.9679779523573667,0.0050195810254650254,-188.97907121661223,FRACNP
0.11959784230737933,0.005113568748822017,0.00021330371013874046,0.7358694281077804,0.07628877775667804,1873,0.9679699490197055,0.005155063314266856,-186.8218038587729,FRACNP
0.11519807370076082,0.004955291214598305,0.00023058878705858345,0.7229111582461936,0.07494612670375,1874,0.9657446395329501,0.005494871815620094,-181.65109914820437,FRACNP
0.10422211067446628,0.004706759244181472,0.00023041181298440785,0.6993072228698738,0.07469209525074531,1875,0.9635215017622071,0.005918434758182583,-175.6363020049592,FRACNP
0.11350020421261792,0.004512095434841636,0.00026299462829743617,0.6946144841246992,0.07257362337074505,1876,0.9581826854026019,0.006847773837437808,-163.82232262865858,FRACNP
0.1165630888780502,0.004114943097866123,0.0003484621759168343,0.6921146836189117,0.06847253690602868,1877,0.9551775552586266,0.007405037488646713,-157.4851338825083,FRACNP
0.11926095102539787,0.004175691282145785,0.00031222959043289037,0.697579632898363,0.06973596453727436,1878,0.9554033403137667,0.007360259769935884,-157.97642183575533,FRACNP
0.1222444927989872,0.004214263480716373,0.0003173447887510649,0.6936652813503956,0.06920720666909838,1879,0.9521137357129088,0.007789463821571383,-153.38560091416855,FRACNP
0.1121267488635168,0.0040660224296282495,0.0002794647308188375,0.6676558663141807,0.07032494892581628,1880,0.9536920886731406,0.007509919938467736,-156.34592600833696,FRACNP
0.12030643132224708,0.004043086201024509,0.00034174744015044923,0.6828685509269188,0.06739482313090629,1881,0.9456304677188059,0.008681173292202976,-144.60644321093451,FRACNP
0.12016506635929113,0.0037480624403638555,0.0003709079755314187,0.6917066551888595,0.06608767177753906,1882,0.9480334664062974,0.008461131176061605,-146.68602247022267,FRACNP
0.12300768838284207,0.0036282478169568054,0.00039875049069593795,0.7201320825872416,0.06492336526844378,1883,0.9422272173435813,0.009500081462367244,-137.3048049603799,FRACNP
0.12642236343523852,0.003529696915187974,0.00041873981913486714,0.7328548875217826,0.06381750215371894,1884,0.9400915478500322,0.009790905986359616,-134.86236168179573,FRACNP
0.11273980800367808,0.0035944472595217953,0.0003725930123488813,0.7370127759264375,0.06522961474046923,1885,0.935333318539701,0.01051108002653464,-129.11330996412045,FRACNP
0.11985829752015152,0.0039057701611716366,0.0003033995005564444,0.7620589498281675,0.06785821941809228,1886,0.9301048126820376,0.011248456881876345,-123.6214280102597,FRACNP
0.1233031394664496,0.004072001050082492,0.00027753301784934846,0.7760232630988797,0.06875860058988038,1887,0.9299557497880563,0.011005654168877457,-125.38899357508762,FRACNP
0.1262030245587974,0.0041539971341575666,0.00023013604726567768,0.8084515496323588,0.07100897136907713,1888,0.9366090667719266,0.009894764098015648,-134.00767042043753,FRACNP
0.1303212708508802,0.004429845388392054,0.00017356706949728487,0.847053728151387,0.0747164895777676,1889,0.9366936705412416,0.009765287159557599,-135.0745835741182,FRACNP
0.1192976774012324,0.004293302636465138,0.00015490943351888762,0.8734376153463584,0.07616727319035582,1890,0.9371265132722082,0.009842577919672942,-134.43600472121523,FRACNP
0.13929633682181505,0.0047164899536341,0.0001124124995863674,0.9883045737332382,0.08044519712554621,1891,0.9310742605840653,0.010624584201672102,-128.2433182315553,FRACNP
0.1446880272836388,0.004577500296235311,0.00011453007709947327,1.0560964355230196,0.08001323920563949,1892,0.9297265346006711,0.011017786930847278,-125.2997474110096,FRACNP
0.1331128540504302,0.004502138407365899,0.0001101810873258807,1.0227719547821783,0.0803995817562513,1893,0.9249625584480238,0.011799965490753479,-119.74431005504715,FRACNP
0.12386307955015452,0.004435109585646198,0.00010559635267777957,0.9772362156601474,0.08085780012756866,1894,0.9233884689504099,0.01206848129443535,-117.9217618261111,FRACNP
0.1063830821824176,0.004316241967002727,0.00010282268420893457,0.90675348624476,0.08117125155040228,1895,0.921058605372293,0.012468262572828657,-115.28203508316852,FRACNP
0.11209006224682294,0.0043307158777980345,8.719957543940658e-05,0.935540649039406,0.0834714442928704,1896,0.9190674527508426,0.013019221660336568,-111.77955998920135,FRACNP
0.12026090691649756,0.004257481240181882,9.186445311407987e-05,0.982693217971398,0.08280461235732894,1897,0.9207951365265308,0.012944270770068234,-112.24721964572689,FRACNP
0.13057500962990187,0.004227810413241597,8.601029398398299e-05,1.0592451316036895,0.08354994240002098,1898,0.9134472982332575,0.014410151930694434,-103.55756599488359,FRACNP
0.12678282702451873,0.004114317171419628,8.836015519876215e-05,1.0764011832589815,0.08320954677248105,1899,0.9260455267142313,0.012318382331759128,-116.26163095364132,FRACNP
0.11867016684005981,0.004031207353792099,7.463536300163535e-05,1.074406484184707,0.08531585801503551,1900,0.9359300787964882,0.0106746413426098,-127.86258740426535,FRACNP
0.11084171802306163,0.004048172120936455,6.91399348864573e-05,1.0612470409359391,0.08613435460884838,1901,0.943181367430648,0.009239049644135378,-139.56157395058858,FRACNP
0.10830928677762354,0.003973372706377912,6.67936563733852e-05,1.0746680147618721,0.08646272351159578,1902,0.9522917018683421,0.007725175022221237,-154.05689240924107,FRACNP
0.11261710562181224,0.0039042979252370156,5.714181251785585e-05,1.0969370704998114,0.08841811754594332,1903,0.9573460951942204,0.006981138451382064,-162.25996278165945,FRACNP
0.1176479633495311,0.0038799883333333223,5.114965509076413e-05,1.1629095352096148,0.08974276111542524,1904,0.9628191671796086,0.006079790808328134,-173.45754182064059,FRACNP
0.11846801157609547,0.0038054408428585358,4.838125362148187e-05,1.256323332512467,0.09028704543312611,1905,0.9661829014478244,0.005536497462389783,-181.03980723946466,FRACNP
0.10959489072821971,0.00369776860054547,4.4391754982055676e-05,1.2132458242158126,0.09131455001036669,1906,0.9683263106267171,0.005218408077133784,-185.8325516837503,FRACNP
0.1073041318052715,0.0036917795987013555,4.0804786934356265e-05,1.206850332858373,0.0920374802305513,1907,0.9639857713907606,0.005854736712960921,-176.51280193895656,FRACNP
0.1024969888370066,0.0036313381471292975,3.895783548945044e-05,1.1568211949404175,0.09240550162976743,1908,0.9596367433392243,0.006574110782899726,-167.12584974976232,FRACNP
0.0956538783778555,0.0035489533489586854,3.6545768293722584e-05,1.1026864145443702,0.09287307385774231,1909,0.953931603359981,0.0074928465752620394,-156.5302844085562,FRACNP
0.10305553212344173,0.0034257083747415,3.358994911250005e-05,1.1426525822879252,0.09373715758408623,1910,0.9477707350766172,0.00874987814827999,-143.96791349509857,FRACNP
0.10309153043320203,0.003328488840878675,3.3586997443393566e-05,1.1143143216099447,0.09328965178841025,1911,0.9367606908796164,0.010742740830723041,-127.3474845703222,FRACNP
0.07650620577706596,0.003082515922596046,3.820131902039152e-05,0.8789122313756474,0.09121796295499605,1912,0.9367131128693895,0.010750805375422667,-127.28670091507433,FRACNP
0.0788291509659785,0.0028840000862223776,4.1873549503216635e-05,0.8419081906168425,0.08970866082951157,1913,0.9359158359380828,0.011239953079171458,-123.68268694791874,FRACNP
0.08297964755619636,0.002691877534709987,4.532825752393607e-05,0.859905658416556,0.08823453594388386,1914,0.9319261081716392,0.012315900210405012,-116.27795388328371,FRACNP
0.09383086472034415,0.002667660025157335,4.381716215988144e-05,0.8948437378398295,0.08861296199062944,1915,0.9304229110214641,0.012811308112348471,-113.08354881569687,FRACNP
0.1144247593752405,0.002587822934368775,4.4821951962929746e-05,1.0176046652018056,0.08817916155562606,1916,0.9307771428694973,0.013161214633918323,-110.90092347548915,FRACNP
0.12745658685517355,0.0025473109276697233,4.29404410549365e-05,1.1894810134296765,0.08846494824896983,1917,0.9221368442041517,0.015037962549196612,-100.10333013453055,FRACNP
0.11885646725192049,0.0024767319789399758,4.313177411757994e-05,1.2925633905848508,0.08839241497505766,1918,0.9163116903264683,0.016363768171445085,-93.25949494693157,FRACNP
0.10935753652430576,0.002360733955660995,4.496426573099411e-05,1.3585846263374646,0.08753503271912622,1919,0.9190948445865162,0.01584642026212919,-95.86170168692263,FRACNP
0.08162003601315297,0.0022209375688956442,4.246054916847817e-05,1.2589171704975777,0.08832430995298403,1920,0.9334266805140007,0.013024729739701268,-111.74529833448236,FRACNP
0.07955939748889809,0.0020336180316704168,4.3474692826210855e-05,1.1867033770385822,0.08766400185321659,1921,0.9287882643616514,0.01452619144693286,-102.90791575557614,FRACNP
0.06914083511179288,0.001956534571154527,4.52616376312361e-05,1.0759845447533278,0.0869650755571131,1922,0.9317416980129564,0.0138936479354024,-106.51416325589366,FRACNP
0.06855369412912903,0.0018787007419061655,4.4685317808849804e-05,1.0395877905749418,0.08702393524328503,1923,0.9273678010974705,0.015122557982667385,-99.64894486799642,FRACNP
0.06768438049222036,0.0017345434021130925,4.922478021334663e-05,1.025421090269506,0.08547744482778491,1924,0.933810621968721,0.014092613045935782,-105.36242344370237,FRACNP
0.06774957869889878,0.001642070420020675,5.1907333190839275e-05,1.0378440698711782,0.084658237957663,1925,0.9442153076046722,0.012043276001953346,-118.0911090378981,FRACNP
0.0688134226064299,0.0015148733099606747,5.953763043899035e-05,1.0600865501451084,0.08262909643133831,1926,0.950910756356049,0.010847144200118843,-126.56408634209612,FRACNP
0.06568023223461111,0.0014118211325315887,6.155465728515802e-05,1.0514972921540435,0.08197087036607298,1927,0.960575098488117,0.008831673879467632,-143.21422553651172,FRACNP
0.06659891665913963,0.001313220951506882,6.860907923192139e-05,1.0863335026249967,0.08024474317263665,1928,0.9690928898817444,0.0070150404204596135,-161.86756069949047,FRACNP
0.061517927213593726,0.0012253994469926589,6.988897086029853e-05,1.076184215211109,0.07968560227597611,1929,0.9702864788485993,0.0068401422879503584,-163.91264398464472,FRACNP
0.19749076174344646,0.006368704709949878,2.7684624168861427e-05,0.5517896017460062,0.10416148795895303,1872,0.9795436060569204,0.003450702652307898,-219.33532712943344,ITA
0.19445445566820424,0.006148028014987469,3.2874284620909615e-05,0.5462665057360403,0.10150416847427329,1873,0.9787303107926261,0.00359883668855862,-215.93067247335347,ITA
0.19713462050511446,0.005999423419546741,3.651518783717313e-05,0.548738645748354,0.09961067332922113,1874,0.9748834702477278,0.004244382174029267,-202.56683758099052,ITA
0.18994336419113725,0.006113560763084993,2.9569183776588332e-05,0.5650584526250906,0.10213049618385757,1875,0.9663180218080215,0.0056031277456939236,-180.070812823334,ITA
0.18679188278824452,0.005942388990331256,2.911965357166537e-05,0.5665376319111244,0.10259730283600876,1876,0.9646139785815718,0.006053732365268559,-173.8054600802903,ITA
0.19355519094469917,0.005736378409693644,3.2403808018904655e-05,0.5785814786903015,0.10087225324121207,1877,0.9669136743144466,0.005720019331752972,-178.3983882282859,ITA
0.19497525566292576,0.005417622166854715,4.3335007309155435e-05,0.5917724849323985,0.09655980595569764,1878,0.9640013889094666,0.006310978976636388,-170.43457949733408,ITA
0.19481912681883312,0.005735290333558925,3.749141650115572e-05,0.5932033060108711,0.09852293993427914,1879,0.9554176731462934,0.007653821887725614,-154.80852080214004,ITA
0.20564746019040706,0.005546188798259295,3.9050642962738695e-05,0.5643517399361864,0.09667280224130319,1880,0.9522673879936642,0.008071131139077616,-150.50835050861815,ITA
0.224195577715694,0.00600315033129306,2.7979099127735725e-05,0.5861461486312415,0.10171778136844689,1881,0.9429391027239632,0.009695526406745487,-135.65530391883073,ITA
0.209698372983761,0.0055616088482702475,3.352509611085723e-05,0.6171633325209102,0.0987864714334725,1882,0.9337143583674459,0.011458711065538358,-122.12136638630278,ITA
0.20388147594005307,0.005443863067139759,3.719461574275275e-05,0.6229607531343488,0.0972325858164667,1883,0.9264056859513056,0.012783028986367139,-113.2625423272521,ITA
0.1943675493154684,0.005559012939072535,3.269065452167089e-05,0.6377667438228671,0.09895750487279958,1884,0.9115449339352385,0.01529321893819919,-98.73996381492498,ITA
0.1979867713675839,0.005532197632950746,3.3143861498058185e-05,0.6559277558139434,0.09833086071606309,1885,0.8938245303982104,0.018452874456485913,-83.52730262687032,ITA
0.196689637290965,0.005640206711059682,2.2398130316368676e-05,0.6595967424158441,0.10347107514063555,1886,0.8829860348348355,0.020393140230819635,-75.42905014881745,ITA
0.18994302811971908,0.0057442467935144076,1.9983747326400584e-05,0.6726565042336459,0.10531406903037929,1887,0.8713203955874865,0.02258391277701682,-67.16387108677674,ITA
0.18702863410379628,0.0055987723388240375,1.8615693140293165e-05,0.6775987350198278,0.10558675101494543,1888,0.8577106702452927,0.02501973560766291,-58.867275261193754,ITA
0.1859527661825707,0.0057496272318538376,1.5925724099832616e-05,0.6861847218594239,0.10800687912461164,1889,0.8434732645067021,0.027797591263828653,-50.339236106106625,ITA
0.1895995488753966,0.005534025463392996,1.670167533002571e-05,0.696557958469713,0.10671276982186348,1890,0.8318732006087478,0.03024361474615022,-43.50804378506399,ITA
0.18203633438459776,0.005799250325342036,1.296342194695457e-05,0.7020954127246151,0.11072333720089071,1891,0.8190065595035575,0.03262468608599706,-37.36952647777116,ITA
0.18103431820084454,0.005607401272449105,1.3360081282428466e-05,0.7181859336682392,0.11031239038437875,1892,0.7999129565919041,0.03751499124386411,-26.056145031276515,ITA
0.1779198613670482,0.00553136120813439,1.2424663377959693e-05,0.7288030021540993,0.11133997064657873,1893,0.7913620359738618,0.039787627782301674,-21.292098876387968,ITA
0.17614713861592107,0.005443220780714531,1.0895144995678748e-05,0.7335971039009896,0.11300663081786676,1894,0.7882278747020195,0.04079278360720997,-19.271214553478217,ITA
0.16923279466644056,0.005440078205067147,9.202210309398788e-06,0.7286575860223612,0.11497335464491733,1895,0.7855272314983592,0.04079352548840581,-19.26974145394638,ITA
0.1572243409234283,0.005390164921394315,8.050165286611123e-06,0.7168140927852392,0.11726141233024405,1896,0.8031187067163917,0.03740081374579863,-26.30304578887609,ITA
0.15427403524883054,0.005185588243188328,9.37626494072021e-06,0.7049095613882664,0.11533088639249284,1897,0.8357577866860371,0.030929203864741614,-41.692366655070714,ITA
0.15216662137483417,0.004910039022326056,1.1419207827539309e-05,0.6925093237977197,0.11232076695274158,1898,0.8716982981391583,0.023760620835851835,-63.04973570613845,ITA
0.152230823574321,0.004671112055011767,1.3568621262274103e-05,0.6880847813422755,0.11004458233499144,1899,0.9077461222379306,0.017048274277486827,-89.94016757836715,ITA
0.1513497242188678,0.0045552036360408535,1.4528283083744426e-05,0.7141335749662312,0.10810438505508409,1900,0.9292509041671183,0.012479707760433268,-115.20771558954829,ITA
0.1522521681715109,0.004479710476839445,1.3101859663884346e-05,0.7374254563090106,0.10940683588831857,1901,0.941141190604664,0.010370963654522584,-130.2003296675831,ITA
0.1469596326432333,0.004469625294221413,1.3450515067493154e-05,0.7563962695230195,0.10952887325590785,1902,0.9476574522571757,0.009291245243551035,-139.10525582291007,ITA
0.13926651736051837,0.004303550511057158,1.1719082266226343e-05,0.7667985152445934,0.11101542543326351,1903,0.9553519042504961,0.007914038742401127,-152.10043790984133,ITA
0.14249396551870752,0.004263982712453625,1.1773851596598461e-05,0.7758791071666273,0.11104914374898206,1904,0.9641634436751885,0.006377436941558775,-169.586066267673,ITA
0.1521380250352789,0.004110819814286457,1.0735495141358891e-05,0.7959199442581282,0.11199676455629362,1905,0.9691859527782716,0.0055824131728448466,-180.37082197463513,ITA
0.14914246139766577,0.004028069006038788,1.047825873314052e-05,0.8026410628263322,0.11226166202154814,1906,0.9697660735056763,0.005514883890139531,-181.35663669788477,ITA
0.14773363529846253,0.003926279394718123,9.402996814630102e-06,0.8089810829140858,0.11340697810865602,1907,0.9658574511460651,0.006287452615198094,-170.73709929556844,ITA
0.14184875719598097,0.0038824366382399717,1.0424719521193222e-05,0.7905304493868942,0.11200142810891231,1908,0.9575937786140767,0.007870992186785069,-152.54222097178797,ITA
0.12209540581497204,0.0036575385230509867,8.849301924113399e-06,0.724379379171492,0.11366706418307528,1909,0.9499203986418733,0.009433398238871148,-137.87536710974365,ITA
0.10525007545063485,0.0035216735065683753,1.186049533453404e-05,0.6218343851534269,0.10948366683628073,1910,0.9394777970381225,0.011453329336825116,-122.15941799813083,ITA
0.09578195442030465,0.0033205003492187695,1.1335740627980212e-05,0.5737338691700636,0.10969319864833453,1911,0.9317345936402291,0.013170376718409014,-110.8445555284278,ITA
0.09705736358350162,0.0031747359915336184,1.4031405422164875e-05,0.5629157565991529,0.10657192302153702,1912,0.9282518668502228,0.014021871670962843,-105.77004702444901,ITA
0.11290052480691025,0.003015926604686233,1.2772527471889054e-05,0.5988441142472377,0.10754127763465844,1913,0.9242644043671575,0.015513203558363046,-97.5831234115401,ITA
0.13610207161240048,0.00292201028247929,1.4329385332167817e-05,0.6586296303445711,0.1056435031512407,1914,0.9182492659368082,0.017286062576477645,-88.81819104173616,ITA
0.1592212957074498,0.002819830885408183,1.5552616117799197e-05,0.7382499121299289,0.10437661983196392,1915,0.92125218157993,0.01712985515679843,-89.55348381987415,ITA
0.16811670029591572,0.0027637284472229206,1.3435219458679588e-05,0.8103553239010932,0.10622994121660488,1916,0.9100758785065304,0.020088098252663524,-76.64980666899214,ITA
0.17124564185755226,0.002746942604500813,1.1590287056660894e-05,0.8711585403966798,0.10810458805902452,1917,0.891777210959837,0.024670924456458104,-60.004477596473464,ITA
0.15816510527730734,0.002840194217398285,1.0220729901275844e-05,0.8997128270398113,0.10981033937605497,1918,0.8447122645026055,0.03585243446445765,-29.72780601082343,ITA
0.12023872968517844,0.0026050534847876145,1.4330743819846277e-05,0.8181449817928544,0.104951116623153,1919,0.8411317582579295,0.03665083143875691,-27.943809985240193,ITA
0.11694155776772909,0.0026951738503202464,1.094885936040109e-05,0.7956421702158492,0.10823223888574582,1920,0.8488230898869771,0.03357591528385715,-35.04160598251559,ITA
0.11446076520893426,0.002431291973374669,1.4763407969800626e-05,0.8371605450341548,0.10374010941501775,1921,0.8449796317484028,0.03563820597656702,-30.21325583619324,ITA
0.1067424569288321,0.0023870469474382354,1.2563347698770254e-05,0.848677000643655,0.10580312634763207,1922,0.849353588135159,0.03452221636628344,-32.790286594187535,ITA
0.10844229695548083,0.0022304644358650213,1.5483080413414426e-05,0.8599827059308065,0.10288577047089303,1923,0.8640837481181629,0.03168885208627759,-39.72697428212399,ITA
0.11144513550158501,0.0020550617021148116,1.670504017020469e-05,0.8735532819203277,0.10172261038896742,1924,0.8825374626266735,0.028110582477901946,-49.43230062587082,ITA
0.10678246553294886,0.001883951135567467,2.0017093274512386e-05,0.871623926886426,0.09902191692113292,1925,0.9101104159137542,0.021623306219448486,-70.68462552270495,ITA
0.10165678200704764,0.0017331409218968856,2.0651035730992474e-05,0.8672553611521399,0.09836420280365026,1926,0.9373398092897682,0.015229799088173826,-99.07656324555916,ITA
0.0948801543670872,0.0016391571351415742,2.2446947740518797e-05,0.8546506849575994,0.09694058712837748,1927,0.9482860936677959,0.012570356467348522,-114.62148337522467,ITA
0.09343052576686665,0.001566883682673197,2.209152483598123e-05,0.8496461655058863,0.09683440822702709,1928,0.954711756912404,0.011092737581081114,-124.75059481903776,ITA
0.08634721067077131,0.0014653025292367173,2.1744866899344055e-05,0.8457235602873674,0.0965473252190366,1929,0.9620279465297287,0.009339523967037284,-138.6854572293605,ITA
0.12474247974323467,0.0077432673261999905,8.413152798549778e-05,0.5834224035727217,0.09296474479628014,1816,0.9681084172263377,0.005040059021094681,-188.64929402189728,FRATNP
0.12898031592020195,0.007767857834425242,7.575752173249725e-05,0.5929416495001356,0.09436385446537097,1817,0.9669175596918635,0.005267012338892905,-185.08160928097777,FRATNP
0.12811805719451924,0.0076352137098669596,6.883838291740046e-05,0.5984759301709305,0.0956539103849364,1818,0.966504481278871,0.0054215785681760486,-182.73878645358087,FRATNP
0.12562173561822404,0.007907552161892992,7.417495069459106e-05,0.5835390791786077,0.09501986229374641,1819,0.9668148873865037,0.005298901599466558,-184.5926713690107,FRATNP
0.11524078956534524,0.00772364916042443,7.490704659342026e-05,0.5775661626946672,0.09416182408194787,1820,0.9673533745760138,0.005067513217201131,-188.2092684052464,FRATNP
0.13121063464559227,0.0078088496190837145,7.393198448495872e-05,0.5922724674269748,0.0944306717048146,1821,0.9687503098047969,0.004899468246834627,-190.94087428633554,FRATNP
0.13339092065181263,0.007829756300515264,7.245978248667132e-05,0.5975517356018928,0.09479783794174876,1822,0.9691624418665074,0.004857644499034119,-191.6352896136894,FRATNP
0.13429374868140753,0.007802114130375515,6.52847977730962e-05,0.6041815134009175,0.09662067251271561,1823,0.9691664937811193,0.004997389217459427,-189.3379700344571,FRATNP
0.1331332093335312,0.007786212611345719,7.734765400335702e-05,0.5959620924070773,0.09422254022970422,1824,0.9662432563786024,0.005417469043435392,-182.80020725951715,FRATNP
0.11793512447068523,0.007573053618118414,8.891708925126286e-05,0.5712255537927562,0.09156627975634866,1825,0.9619794638837733,0.00589802125926889,-175.9161651135728,FRATNP
0.12848793382914078,0.007602173007432247,8.287969677316399e-05,0.5779125845070524,0.09313357700593519,1826,0.9625782314243285,0.006035886692208127,-174.0445909513125,FRATNP
0.13029479436975763,0.007464397201541838,8.392307369228984e-05,0.5864338816174514,0.09315700587781216,1827,0.9644205997973788,0.0058538257790120805,-176.52540564672273,FRATNP
0.13070860656847846,0.007384108209325943,9.77824417563336e-05,0.596524350653636,0.09057489089664883,1828,0.9638427169856967,0.0058058990176171705,-177.19130293066524,FRATNP
0.1329230928936988,0.007424340103273856,8.90558021991769e-05,0.6179531989552011,0.0920308724620372,1829,0.9639410315492047,0.005863297755111494,-176.39444684459966,FRATNP
0.12590754663477255,0.007407945378067122,9.984625390131074e-05,0.6276609649307845,0.0896723997333175,1830,0.9599266474995749,0.006229994505625801,-171.4807236973632,FRATNP
0.14078369617935757,0.007760289931910389,7.443295751219972e-05,0.6588075044440049,0.09433875092730534,1831,0.9563989425935856,0.007008213833057434,-161.9464230823952,FRATNP
0.14098579020048485,0.007609174886440934,6.255735696518177e-05,0.6770898110969082,0.09648627612940835,1832,0.9548367002658338,0.007367520908826644,-157.89655205623666,FRATNP
0.13965719717032443,0.007668974918659743,7.375069918220998e-05,0.6734957676900678,0.09438653492791384,1833,0.9541630238566006,0.007420401710341801,-157.31724645790905,FRATNP
0.13204514391575728,0.0077458531532851455,6.593946265160952e-05,0.6621411272631498,0.09610123326104814,1834,0.9547776941503278,0.007333442737712131,-158.27208346641038,FRATNP
0.11828563117606264,0.00779705086016771,5.8731446868704154e-05,0.6426145684407724,0.09685973872272288,1835,0.9578430567616882,0.0064841925326769535,-168.24138416656984,FRATNP
0.1309654368413524,0.0077145116706347164,5.405102290664333e-05,0.6632739182790974,0.09849144335112528,1836,0.9654938870186005,0.005514110939076508,-181.3679902323051,FRATNP
0.13242034406759817,0.007490754990029873,5.824696061407069e-05,0.6763847419118793,0.0977154323616845,1837,0.9702139763946421,0.004880154386133576,-191.26080989313556,FRATNP
0.12791743512441406,0.0076196059388783585,6.520428963130198e-05,0.6752915204197714,0.09594226507525497,1838,0.9718544487147125,0.004458545987431919,-198.5794964299431,FRATNP
0.1255480842046321,0.007627863562552047,6.833312095984644e-05,0.6778637873012674,0.09524942086667848,1839,0.9743362786255729,0.004018704966481885,-206.9923992681945,FRATNP
0.11443481765331186,0.007683786694141197,6.393319612274418e-05,0.6692065789156991,0.09538141067815942,1840,0.9754642315676411,0.0036556390695757545,-214.66219021606156,FRATNP
0.12228268068283775,0.007778805800036239,5.560686567945124e-05,0.6746178238836013,0.09786768914261722,1841,0.9759408004440833,0.003701507197386743,-213.65218814300607,FRATNP
0.11806442467866898,0.007685997762680115,5.792954439834143e-05,0.6530592556803174,0.09712608785380437,1842,0.9753411864914777,0.0037725662304219946,-212.11194234158359,FRATNP
0.11206761285545773,0.007477584938567382,7.722309255603813e-05,0.6261898353206108,0.09369682982313265,1843,0.9731451388167016,0.004202074409174496,-203.37829208379299,FRATNP
0.11338453904520683,0.007444692593347459,7.83625683425615e-05,0.6356344734266832,0.09290400549661765,1844,0.9687668818449486,0.004790932405989355,-192.75540622814196,FRATNP
0.11397291810836853,0.007675031584671279,6.327295663854609e-05,0.6535377820311981,0.09553526634174024,1845,0.9619729148060219,0.00573906394987449,-178.12914932841323,FRATNP
0.12945791760537892,0.0075699110865491415,7.394099937021057e-05,0.682869682379064,0.0936222527776013,1846,0.9575526023113532,0.006595151443844636,-166.8670205219185,FRATNP
0.12924994858726252,0.007339645002832804,0.00010587462172897567,0.6940805443646866,0.08874346483240472,1847,0.9530508876157252,0.007337921817562524,-158.2226258337837,FRATNP
0.12845124678986827,0.008199060802665708,4.361804780690993e-05,0.707605471622844,0.09995944168769275,1848,0.9420251714473257,0.00852514103060356,-146.0755503552203,FRATNP
0.11756866397998264,0.007827639702719665,7.178194128521841e-05,0.6431711021715486,0.09404385934609019,1849,0.9465874498836664,0.008123442517092268,-149.9850596278107,FRATNP
0.10829004414363086,0.00741979756656365,7.181910883652693e-05,0.6195718353415243,0.09319893132506023,1850,0.9499751453977991,0.007501369268923587,-156.43820379985982,FRATNP
0.12208899692423919,0.007182482793144222,7.747090898175128e-05,0.6282732759771618,0.09245947001105813,1851,0.9550179855659262,0.007030215817137375,-161.69252542944173,FRATNP
0.12626040612025288,0.006896911579373071,8.781419683276715e-05,0.6365890312901159,0.09052717804014083,1852,0.9598251025917817,0.006343508811880729,-170.01813870529992,FRATNP
0.13344798204991554,0.006488955454124296,0.0001305497443371119,0.6511357845370194,0.0853043234722987,1853,0.9657510652118211,0.005539670203923806,-180.99340272862173,FRATNP
0.13806792220432026,0.006535004216077664,0.00013208849183146532,0.6666429950486824,0.08456038233591953,1854,0.9652421322159391,0.005474376422137522,-181.95378694740145,FRATNP
0.12749520738032077,0.006478433761234084,0.0001137553485473959,0.6632675128092467,0.08632971791759496,1855,0.9667081069980292,0.005205256724875093,-186.03694430734868,FRATNP
0.14646155243574996,0.00631889366218864,0.0001237271806552565,0.6870006387365132,0.08537546024605974,1856,0.9716536018103394,0.0045654790285559604,-196.65973628653853,FRATNP
0.15321851374063514,0.005852851233470125,0.00017262919979431696,0.7117640678794335,0.08102339828647463,1857,0.9767029933983439,0.0038771713497692335,-209.89656102849148,FRATNP
0.15599278486990237,0.006089714524164608,0.00014278126663822612,0.7403816725012489,0.08338521529988885,1858,0.9752503465152187,0.004058982042278031,-206.18462591087928,FRATNP
0.14193151187656497,0.006270230350297198,0.00011147534840459623,0.7230236791813864,0.08707004398061603,1859,0.9754548839049215,0.004031944136688868,-206.72599248789442,FRATNP
0.11781834312991289,0.005858574840448426,0.0001136505460901743,0.695189647661717,0.08645829190260246,1860,0.9764323108269887,0.003901640156329105,-209.38697679013023,FRATNP
0.1285631050094647,0.006206528337058709,0.00010807358932659995,0.6924684447344054,0.0874567471250839,1861,0.9740514698075795,0.00426070503670513,-202.25592871732448,FRATNP
0.12148633166964005,0.00613162342170547,0.00010018217494173891,0.6546579490507611,0.08858272226818147,1862,0.9715555735734293,0.0047333823933293885,-193.73429192385964,FRATNP
0.12225736697157277,0.006016154244627273,0.00010955683839217145,0.6307171132496366,0.08736188191252717,1863,0.9672809631696816,0.005509277011651263,-181.43902976176605,FRATNP
0.12424122887353203,0.005685380438388191,0.0001330704834539073,0.6194994091467728,0.08473537585683111,1864,0.9661685911588194,0.005837162876140574,-176.75630075514096,FRATNP
0.11511619328558341,0.005496779298359133,0.00012983035762762063,0.6082067193910088,0.08481396303846045,1865,0.9655257121136939,0.0059599753096140715,-175.06976180909163,FRATNP
0.13006297098560218,0.005178809348848843,0.00014447935964629298,0.6399290519468728,0.08316079683041104,1866,0.9675365345044705,0.005784902281748841,-177.48476624208803,FRATNP
0.14562424797929338,0.004936608490989703,0.0002062613167786766,0.6802250809158344,0.07795002915075076,1867,0.9697335895274677,0.005340991763717262,-183.95181511751156,FRATNP
0.15648735096924263,0.0050012988998281325,0.00019357497409866302,0.7298264079466134,0.07843164374321211,1868,0.971968510707397,0.004894497314546652,-191.02309747721307,FRATNP
0.1657745975692273,0.005245866099361698,0.00017827529689204161,0.7808268696983334,0.07946244062064635,1869,0.9737853750596396,0.004492901951302893,-197.95773182674225,FRATNP
0.15116357795389804,0.005628107377587363,0.00013733299208400343,0.8019891165361112,0.08244589427156195,1870,0.971314055118031,0.004658141754788836,-195.03219033142534,FRATNP
0.14204718558233667,0.005444673404236407,0.00016895063576512377,0.7981857485568358,0.07957861519950803,1871,0.9680426394177083,0.005183491822233966,-186.37634220215324,FRATNP
0.12189318567071435,0.005814257954913132,0.00013143548391899304,0.7327226703723223,0.08322832394659224,1872,0.969258779042945,0.004817002011798377,-192.31584384962287,FRATNP
0.11945293811904517,0.0050578114614506535,0.00023441224016626218,0.7339666942304393,0.07494836091719483,1873,0.963798464448945,0.0058191747415951125,-177.0063003866901,FRATNP
0.1149948302294252,0.004871354063241696,0.00026383484993808243,0.7201461056122647,0.07303269913260374,1874,0.9583881492069584,0.006669995458716939,-165.95298171329944,FRATNP
0.10397616554034882,0.0045869707364003575,0.0002787062910896767,0.6954109836240506,0.07198628929047192,1875,0.9539354602403246,0.007457886451602025,-156.90909863427657,FRATNP
0.1132256007251027,0.004355493684515834,0.0003287442524295542,0.6903220369724674,0.0693958828964419,1876,0.9459145589671474,0.008838636472854348,-143.15039303077003,FRATNP
0.11611580890230512,0.0038340726527590907,0.00047127488058170357,0.6850348369119794,0.06418783812120445,1877,0.9363001840540216,0.010527514050285649,-128.9867657483124,FRATNP
0.11869197332779836,0.003798996543831808,0.0004827704406176324,0.688651633791424,0.06354270004524429,1878,0.9256282868065235,0.012286222758760205,-116.47337399009666,FRATNP
0.12162594794856386,0.0037712769172776194,0.000528144214729414,0.6841214151876489,0.06195479189175349,1879,0.9095552403198999,0.014795433851913837,-101.42032783694361,FRATNP
0.11166159930109278,0.003529495108297866,0.0005517812790829451,0.6579210287686438,0.060614064508029926,1880,0.8875360304322555,0.018435485907327895,-83.60366669251215,FRATNP
0.11970406315037217,0.003329608375006553,0.000717833991471604,0.6708621527159734,0.05682017258547252,1881,0.8631946765841628,0.022317923016740508,-68.12353886980162,FRATNP
0.11950520546136756,0.0030196788280731535,0.0007795387464751617,0.6799868037036897,0.055481433161081985,1882,0.8544558635934801,0.024315564737548485,-61.17968499072714,FRATNP
0.12233364880246482,0.0029117279099833563,0.0008248887479849243,0.7090175256666367,0.05452255656633122,1883,0.841122063875133,0.026904964961229495,-52.9829571276839,FRATNP
0.12601786687259042,0.0028722693212753446,0.0008412915552999557,0.7250788804278686,0.05381532340725656,1884,0.8324146590863587,0.028250045064894765,-49.031435940892095,FRATNP
0.1131460897596422,0.003227482519458841,0.0006726025837241719,0.7390994160877983,0.05667188196442721,1885,0.8213485795565902,0.02998971828203805,-44.19091270046357,FRATNP
0.12134495574971614,0.003911360447018958,0.0004623071856376094,0.7789654508134409,0.06163669315017172,1886,0.808038340860389,0.03202168806851497,-38.88064776338081,FRATNP
0.12541493660313538,0.0043155546250192136,0.0003730125728131926,0.8029532976284908,0.06426130576218943,1887,0.7933192559338107,0.03386557576923761,-34.34581343044016,FRATNP
0.1297226287705557,0.004679701286221052,0.0002594982070357963,0.8529198842954397,0.06892871004422552,1888,0.7837715485651082,0.035347381041819476,-30.876966668384,FRATNP
0.13567299419034004,0.0052176818938837275,0.00015387359742761696,0.912653931067531,0.07598792674067163,1889,0.7699163005519118,0.03748471776425337,-26.121536004497045,FRATNP
0.1254688885469797,0.005195115960756517,0.00012071372389230872,0.9586560062770979,0.07922905981407917,1890,0.7594864383920028,0.03988549111188333,-21.093112473126325,FRATNP
0.14711621412034592,0.005718603006471591,7.208249659485613e-05,1.0872757301104579,0.08623479209997217,1891,0.7486999479774594,0.041401929208502705,-18.070609420631058,FRATNP
0.15492647767248788,0.005678789782252996,6.572257731511984e-05,1.1809511831140551,0.08733069123438891,1892,0.7278415751298324,0.04619416028999433,-9.199010673028397,FRATNP
0.14296319694782578,0.005562311954199638,6.030495980993189e-05,1.149304559230228,0.08841727596977503,1893,0.7425212091820415,0.04328653055884006,-14.464972578626089,FRATNP
0.13509781365553966,0.005681459633211589,5.2443528825583075e-05,1.1302305237956964,0.09017538638450245,1894,0.7058475017692106,0.05040699279183338,-2.129612401256196,FRATNP
0.11452077596383982,0.005556078554599423,4.8918170375994754e-05,1.0450690929545936,0.09110730747411719,1895,0.7028347518117943,0.051070538868191656,-1.0703040530858345,FRATNP
0.11938167367303203,0.005540537177886149,4.008275366976795e-05,1.0617598755375468,0.09390274593295121,1896,0.7256349238891903,0.04687330443776286,-8.016821975397335,FRATNP
0.12528598125047877,0.004924385670896184,6.669891321895974e-05,1.0579692681701567,0.08705090941765815,1897,0.8383061664967288,0.02639287507664946,-54.53951390677497,FRATNP
0.1332941867036705,0.00450929311388619,8.638800804125591e-05,1.0963303928597448,0.083369892630693,1898,0.8612328582782223,0.023151007725788323,-65.15503212002272,FRATNP
0.12599518382328417,0.003997146084252205,0.00011870068077537596,1.0653759361083155,0.0790675184198238,1899,0.9275163778501911,0.011974630074050587,-118.55412486309274,FRATNP
0.11812085483771471,0.003939922767697545,0.00010171905710497484,1.0660432146584562,0.08094640063115156,1900,0.9304176265278529,0.011521358452819545,-121.67972708344661,FRATNP
0.11048532979565712,0.003967813554530177,9.819015733509979e-05,1.055036852159712,0.08115960320822782,1901,0.9341075599986207,0.010629076103314903,-128.20907998428277,FRATNP
0.10820400917042951,0.003921205522600968,9.501937849100958e-05,1.072456445023994,0.08143693270718093,1902,0.9411557689562507,0.009423065351422817,-137.9641392130684,FRATNP
0.11276731297644935,0.0038884794710196792,7.983283574530014e-05,1.0991490711454903,0.08362485414240091,1903,0.9447825985560712,0.008920282463438647,-142.40559861437424,FRATNP
0.11813395595017934,0.0039025475623031204,7.148165106961459e-05,1.1708076215064815,0.08491328254551278,1904,0.9451759341845405,0.00883688045018949,-143.16648736475082,FRATNP
0.11925575527386256,0.003856723119829517,6.496135311591695e-05,1.269863631292295,0.08600596245673937,1905,0.9470157219790276,0.008546971771856756,-145.86839485832456,FRATNP
0.11081748729741625,0.0037889968896250097,5.8596400906294435e-05,1.2349605593733275,0.08724183384805331,1906,0.9455939872908578,0.008804199810767636,-143.4665976507676,FRATNP
0.10907317436878333,0.0038297295155607274,5.1167358495946165e-05,1.2383458007656154,0.08866234846721124,1907,0.9355500203231304,0.010295192162126337,-130.79429774182182,FRATNP
0.10457703310460648,0.003799678784365783,4.637285675689036e-05,1.1940891574661974,0.0897476743714255,1908,0.9290071308952539,0.011356298929264461,-122.84855771835453,FRATNP
0.0979260564575765,0.003750048304170108,4.123813249564023e-05,1.1443380256229083,0.09094752307252107,1909,0.9182946615938931,0.01306424369636997,-111.49993544618087,FRATNP
0.10638202952749574,0.0036512605721200136,3.585222936081283e-05,1.1954026112792906,0.09258072832628741,1910,0.9074765069237736,0.015275697427536972,-98.83281908673666,FRATNP
0.10890682053220366,0.003596500426383744,3.389575239472676e-05,1.1970608988945366,0.09289021618537771,1911,0.8909954443899935,0.018259492935402175,-84.38064166190463,FRATNP
0.07977056009837984,0.0033403342054034273,3.7496374104272166e-05,0.9349904547821465,0.09122089784205518,1912,0.8904939473236996,0.01835193327738524,-83.97160632037941,FRATNP
0.08220741890911859,0.0032059228107961233,3.972292183431109e-05,0.8996779422270464,0.09013105452740204,1913,0.869488159214154,0.022674359892716912,-66.84011917611497,FRATNP
0.08554916390514768,0.0030129912310251443,4.181767521291513e-05,0.9078394285714227,0.08905100115176191,1914,0.8591883427183904,0.025327613799894833,-57.87661955761945,FRATNP
0.09648150632000141,0.003063944624817543,3.7833274045758995e-05,0.9438173586530183,0.09030353104108221,1915,0.8243016130281444,0.03269645392828219,-37.19153823191658,FRATNP
0.11791826781955435,0.002999677819791453,3.788109191889038e-05,1.0704051932610439,0.09015428150081849,1916,0.8111974476888075,0.036570316886619124,-28.12194653460756,FRATNP
0.13222945614914514,0.0029631620650947257,3.472279680859785e-05,1.256542676283334,0.09106233291215676,1917,0.7844295164565328,0.04315593302762688,-14.709722846905748,FRATNP
0.12501539957538133,0.0028825810809361475,3.413914095235138e-05,1.3875556146548522,0.09130488032057293,1918,0.786455439313394,0.043072891947222844,-14.86573400892928,FRATNP
0.11663915305201493,0.0027953280688385955,3.4400597511252305e-05,1.4854284867926852,0.09089282872094802,1919,0.7739451644211207,0.04593631390286725,-9.652402714502784,FRATNP
0.08658627959127285,0.002536057970647504,3.476627052206772e-05,1.3681025252581183,0.09083257801046887,1920,0.8353199765938442,0.03260516897680425,-37.417997715068,FRATNP
0.08491997285029067,0.002287469586245744,3.6505912525024365e-05,1.2899457184524419,0.08987516622297494,1921,0.8420855812615623,0.032639536455401796,-37.332664629251326,FRATNP
0.07256698937677762,0.002160428139022902,3.897995739848095e-05,1.14803581854825,0.08887374920146283,1922,0.8531075192677203,0.030375621874246424,-43.15526486953007,FRATNP
0.07186635618341317,0.002061808311562163,3.8568127764889056e-05,1.1049198437758974,0.08892631051480639,1923,0.8568630500889578,0.030207432960373374,-43.605005710756984,FRATNP
0.07034898917276308,0.0018865881012027118,4.330643781552032e-05,1.0775837841761238,0.08714295068730113,1924,0.8785266818480771,0.026023876879676524,-55.67996410987365,FRATNP
0.06922132097926231,0.0017158220811015524,4.871107663607032e-05,1.0655924029798929,0.08548726426646161,1925,0.9224492126669199,0.016709200229984136,-91.56741736257328,FRATNP
0.06979138592223429,0.0015569330668106587,5.737219016248463e-05,1.0776971493530152,0.08311470735848188,1926,0.9411624325277116,0.012956346533705112,-112.17168963700249,FRATNP
0.06693338504408267,0.001463055594613129,5.866993993670716e-05,1.0745156036083656,0.08260430854774374,1927,0.95034033706836,0.011059636372222986,-124.99266367528554,FRATNP
0.06836337491961021,0.0013780526034701892,6.436347147422241e-05,1.1185344788565257,0.08109420188491559,1928,0.9590993649090103,0.009193238283373241,-139.9642074030291,FRATNP
0.06321504728452448,0.0012842853386994676,6.571645670076067e-05,1.1089614085556827,0.08050876501495048,1929,0.9627125812549527,0.008495584537685204,-146.35686366623958,FRATNP
0.13373932881134556,0.007445242212232635,2.663032861314329e-05,0.6944234387226268,0.10495244997469119,1850,0.9740408730331912,0.003753523336722991,-212.5218438362702,NLD
0.13017232695783862,0.007415188221525115,2.1870664769960524e-05,0.6382541144592482,0.10754713855959745,1851,0.9743357784406823,0.0037251205499250987,-213.13709890838254,NLD
0.13565557781605495,0.007076742885664613,2.081720307226725e-05,0.6055578970130341,0.10827947280040336,1852,0.9758395282173394,0.0036632475320142344,-214.49378053489806,NLD
0.1416149714986046,0.006839922874904469,2.5246546841050566e-05,0.6048706055969093,0.1055023129937579,1853,0.9829407344713089,0.002605358313858572,-242.09694786393788,NLD
0.14311673330590508,0.006726330211310966,2.262832020252361e-05,0.6041025844329734,0.1067599631972996,1854,0.976916780478128,0.0035744071437885487,-216.4823896108108,NLD
0.14293660040770018,0.006831028604955152,2.092266322352764e-05,0.5850419278341775,0.10789479138611606,1855,0.9810897155462837,0.0029038629779462857,-233.3107403507248,NLD
0.14506495407794298,0.006393756654030072,2.2446216834478434e-05,0.5761216031309423,0.10696725660147406,1856,0.981859514285717,0.0029197562241373683,-232.86862485763186,NLD
0.1661008819466893,0.006299354446177943,2.524041766706988e-05,0.632308830618095,0.10541526789997736,1857,0.9813123953188881,0.003093166332554506,-228.19531840089297,NLD
0.15625698922756828,0.006268704807571537,2.1271190203760484e-05,0.6121398696486862,0.10759632982784575,1858,0.9819178818303006,0.0029798638529093687,-231.21804860342826,NLD
0.1500944277505974,0.005879736049674964,2.1618896737512325e-05,0.6120277196178797,0.10760830997394313,1859,0.9798905207230356,0.0034762124726150155,-218.7387253957715,NLD
0.1398354445960734,0.0060213812808605416,1.885672121005763e-05,0.5952248323406091,0.10922453309140084,1860,0.9834279151867829,0.0027707167856950202,-237.11254483437943,NLD
0.3738639360746619,0.006903801026303175,6.905462242310693e-06,2.3310055594398857,0.12300976984793499,1861,0.9016294067537316,0.017059482389788175,-89.88693293511903,NLD
0.1436754904227094,0.005552742725461749,1.940667993475597e-05,0.6207379257393021,0.10921878525526414,1862,0.9805738511217332,0.0035036289251230207,-218.1023945831446,NLD
0.14052281429037064,0.005401794264981048,2.1981483654147156e-05,0.6216358217485919,0.10720636561087961,1863,0.979225823532101,0.0037514341009400216,-212.56694152115318,NLD
0.3618092749246357,0.006268668569100412,7.09958218480117e-06,2.236916015383735,0.12295804065338278,1864,0.9077294822180247,0.01733916267284736,-88.56975302310656,NLD
0.38271874754134494,0.006216353634882504,6.068820985580452e-06,2.374492403401105,0.12502352892400995,1865,0.9030120948860081,0.01844356455001241,-83.56817933262641,NLD
0.13723324285261532,0.005049442958655816,1.8425438250269056e-05,0.609332406473667,0.10965121837017128,1866,0.9769458882706116,0.004376668252362092,-200.08082650018883,NLD
0.1434491177469063,0.004834001141377342,2.3950874982039513e-05,0.6329659517543562,0.10569468444901087,1867,0.9770893166603472,0.004372211578080678,-200.16334921281378,NLD
0.1645430325192417,0.004830833415351686,2.2002658417588673e-05,0.696708645841285,0.10666601806845903,1868,0.9802351538555403,0.0038083823625760745,-211.346568917872,NLD
0.17019727964872633,0.004562729306628437,2.451823213910683e-05,0.7233636019574478,0.10495108943007755,1869,0.9832944602504289,0.0032923364958925266,-223.14073821732802,NLD
0.17907972270647454,0.004611650465569216,2.2233222393704074e-05,0.7911765207436415,0.10633715475142337,1870,0.9816491778325986,0.003633175613588047,-215.16146088622924,NLD
0.16864958555108933,0.004609155828733764,2.2511784917336014e-05,0.8143677241506267,0.10585637431509341,1871,0.980279954245428,0.0038319778251209085,-210.84626827882687,NLD
0.15125052003322703,0.004451100456755806,2.4574348227281973e-05,0.7862177239834405,0.10440676595685736,1872,0.9812562141080826,0.0036211995014595317,-215.42890389773652,NLD
0.14705486801184015,0.0043652731176300275,2.2193874017756057e-05,0.8047010189505868,0.10567399634675066,1873,0.980508567685598,0.003797150963525983,-211.585801051994,NLD
0.15120242017013832,0.004378052208708167,2.1205178048656823e-05,0.8039533446596631,0.10616024910135059,1874,0.9790622364737531,0.004076605634643713,-205.83369533985842,NLD
0.15313100409393843,0.004251673427089561,2.3364046081666286e-05,0.8106104489260013,0.10457589510831536,1875,0.979904118254394,0.003927657768751982,-208.84863110857702,NLD
0.14837347678230797,0.004192751565887376,2.1839749975694102e-05,0.781979746051202,0.10529119048395813,1876,0.9802094173553791,0.003866888529268684,-210.11167014775623,NLD
0.14225377035953726,0.004249758709934262,2.0257383700134775e-05,0.7732036548169148,0.10615382493194941,1877,0.9787202403398425,0.004095586384146456,-205.45743313976317,NLD
0.130458586132562,0.004016629751893561,2.2765584642068447e-05,0.7032408390543212,0.10458375380987175,1878,0.9763000777596115,0.0046853484534423,-194.56047178296018,NLD
0.12832495059157878,0.003945805355575699,2.160812179554504e-05,0.6809180682792882,0.10492400875751279,1879,0.9766056308575537,0.00461000631917258,-195.87356776976412,NLD
0.13020957603671915,0.0037924393808305627,2.2361131626819438e-05,0.6708544984583544,0.10399318069409295,1880,0.9757449460444185,0.0048131239063545165,-192.38108215711816,NLD
0.13170318242294082,0.0037116971220267653,2.2980798149571707e-05,0.6755043885543738,0.10364568375465985,1881,0.9749637631050095,0.005041289303399844,-188.6295242720572,NLD
0.1383083297644664,0.0036701808908025414,2.24958745794619e-05,0.7146125043760326,0.10389673551947179,1882,0.9764002451118292,0.004798692394181602,-192.6243147216719,NLD
0.14624128337646217,0.0035257442165290737,2.2842054791148448e-05,0.7595154164789738,0.10338403924762594,1883,0.9743489346219781,0.005325863645014171,-184.1815695089549,NLD
0.14450399054388632,0.003503712921144855,1.9013701801809133e-05,0.786870285379941,0.10570857104370736,1884,0.9693046089201516,0.006422872312909452,-169.01103632696731,NLD
0.13322179935644424,0.003471997061629687,2.3742860473498627e-05,0.7922948922775298,0.10240658727598788,1885,0.9700597842560719,0.006107190192892425,-173.0933246467847,NLD
0.1330536487966623,0.0033939445252774213,2.006185605077967e-05,0.8053966534525773,0.10465377383690612,1886,0.9705766992736358,0.006119675836053942,-172.92789591873253,NLD
0.13217765464152625,0.003274894782822909,2.2355790528995348e-05,0.7983013766238023,0.10294824621600318,1887,0.9667405728332615,0.0069918170076310356,-162.13615744540152,NLD
0.133354397049561,0.00320051342824546,1.9495929668207206e-05,0.8141577755950353,0.10459113032801015,1888,0.9623161575236728,0.008048639959458873,-150.73438184866149,NLD
0.1401667057586109,0.0031504093823596503,1.8457881269075672e-05,0.8325523385762492,0.10538693483286853,1889,0.9643453097177174,0.007739890653989983,-153.90274284945627,NLD
0.1457941724440646,0.0030768770377424806,1.8727922130125827e-05,0.8975757295991192,0.1049684746718927,1890,0.9660747876017823,0.007409060348210093,-157.44114178305927,NLD
0.1375607569751713,0.0030571441232900556,1.4903172410712956e-05,0.9291194655484317,0.10848126258799669,1891,0.9669797517346376,0.007348525359615569,-158.10566261658425,NLD
0.13275225776789096,0.0030776450936050824,1.3505916834460836e-05,0.9501058773185851,0.10956933463067108,1892,0.9633702022044082,0.008066769301498281,-150.55213673147045,NLD
0.13724856394757495,0.0029584794303007577,1.395636170936242e-05,1.002854981649812,0.10918044124434909,1893,0.9626497580808779,0.008454564782646962,-146.74890819417988,NLD
0.12180620436191482,0.002894327276831313,1.5377126051743816e-05,0.9481020251944795,0.1078584452723957,1894,0.9592021381130639,0.009264942026650281,-139.3348894178833,NLD
0.11839692492702854,0.0028379713085832773,1.3993219748613472e-05,0.9420670764791698,0.10915947285816392,1895,0.9562298344285476,0.01011392359500193,-132.2331783101963,NLD
0.10250398624546314,0.002706438050633931,1.5707295629174136e-05,0.8492422986063014,0.10746907869680257,1896,0.9552388527952725,0.010422073161978565,-129.80213112852937,NLD
0.11133543417916829,0.002765157938506735,1.421854578120687e-05,0.8938418538664312,0.10881637377493135,1897,0.9564907533773823,0.010077362693680366,-132.52651635724226,NLD
0.11282395109928166,0.0026525714497158638,1.3892110628572407e-05,0.9028905401802655,0.10886428585757296,1898,0.9582818057507692,0.009808751496432842,-134.71486045973177,NLD
0.12176039592092053,0.002649779083455372,1.434525372826705e-05,0.9561858627908698,0.10834575735442536,1899,0.9570214914028928,0.010140586026824577,-132.01992622309092,NLD
0.12590080896316125,0.0025691907731260305,1.341817597761073e-05,1.0201711459119533,0.10910484976986155,1900,0.9615052608526833,0.0091997240415738,-139.90708268035115,NLD
0.11243718209247193,0.0024656683140375397,1.414099227811723e-05,0.9644333127507727,0.10837250893182875,1901,0.9620854990131401,0.009161753098939122,-140.2420939339891,NLD
0.10565812431989062,0.0024187435231006545,1.2768826934979899e-05,0.9512038401414307,0.10975693617864342,1902,0.9666555298954687,0.008089067505035807,-150.32854501597586,NLD
0.10849726173919223,0.002323941540034306,1.3257272677967437e-05,1.0014633038975338,0.1091084552053384,1903,0.966000787573637,0.008420057295961191,-147.0801879472536,NLD
0.10173458231520467,0.002277271818923677,1.2699306896155368e-05,0.9803805670680015,0.1096137222981132,1904,0.9718344805315082,0.006969261753667425,-162.39788179948948,NLD
0.10289063669496239,0.0022062768218921495,1.344946049093855e-05,1.0320808100191239,0.1088191136766692,1905,0.9756952827891399,0.006075858017683746,-173.5099546630762,NLD
0.10393092723205329,0.0021425664458600015,1.3236843972555798e-05,1.0488595700273984,0.10894710677572839,1906,0.9753151397172356,0.006268611929392708,-170.98018449000824,NLD
0.0987179764747637,0.0020977803138414607,1.2704258652206177e-05,1.0524504904173528,0.1094353539430985,1907,0.9731027155772588,0.0068806475385723076,-163.43440113231145,NLD
0.0916626042905201,0.0020199004643960605,1.2451339426367917e-05,1.0248314590244525,0.10963955725256297,1908,0.9667961159902617,0.008671174569416195,-144.6997904215625,NLD
0.08193654117864616,0.001965460988752037,1.182473578447227e-05,0.9607253685079218,0.11020070582764996,1909,0.963260495342038,0.009669963734178675,-135.86914593010516,NLD
0.08137475969447833,0.001857765052438278,1.2273103391378567e-05,0.9595568864527654,0.10960891926779193,1910,0.956886430166191,0.011745875347245093,-120.11646149881392,NLD
0.0709540601926474,0.001765647113003218,1.2256636228995156e-05,0.8605776117238155,0.10942967428865702,1911,0.9498936988297153,0.013903295587906416,-106.45793693852539,NLD
0.054281144475691274,0.001630080018549382,1.5074952699297924e-05,0.6804120479548366,0.10650587407591135,1912,0.954653575846569,0.012584765976560146,-114.52868554636063,NLD
0.059674946900235226,0.0015614311461333618,1.6515698017240827e-05,0.6879740878203916,0.10510731048954972,1913,0.951949251168362,0.013623450639196642,-108.1049330365517,NLD
0.06916790847661639,0.0015137570224382296,1.4702180484252852e-05,0.7376285931926649,0.1066886121589428,1914,0.9506003007192522,0.01447456822091842,-103.19628652734843,NLD
0.07845838634081606,0.0014341549102362754,1.8154025806869275e-05,0.8037735965526751,0.10365572156065612,1915,0.9574442737012427,0.012673913896749874,-113.95692078629543,NLD
0.08835855853879564,0.0013845929597662903,1.600677954695232e-05,0.8992641676375738,0.10561129181781616,1916,0.9550180062274392,0.014014543733058831,-105.81238931216222,NLD
0.1027978002883809,0.0014071943342097795,1.3827520850075121e-05,1.0749074793333877,0.10732797431102929,1917,0.9514504211575481,0.015185605370294232,-99.31195013132702,NLD
0.08745394667317573,0.0014423439372651418,1.209923769893922e-05,1.1623404799145702,0.10937148554450919,1918,0.9396655253258653,0.018859429191696173,-81.7620813115472,NLD
0.06507150510847083,0.0014101740592182554,1.1564836096396525e-05,1.0920806414309172,0.1096913940096225,1919,0.9283109405829514,0.022256175269523996,-68.34795488341433,NLD
0.06167591392336046,0.0013772487530500702,1.1060110277068478e-05,1.097350701172152,0.11021614331208932,1920,0.9283191904346122,0.02241728577633835,-67.7637150540661,NLD
0.054039869950178204,0.0012879002495092395,1.158027236612758e-05,0.9949235613814155,0.10950588287387339,1921,0.9185271180449731,0.026272648708010236,-54.90933279687596,NLD
0.04311304195843626,0.0012336939746457982,1.1120702086780337e-05,0.877637972759004,0.10982853350054443,1922,0.9116870340245553,0.028625667915745535,-47.96152783122551,NLD
0.04056820277482084,0.0012333979582852743,1.1845529054336194e-05,0.8912036335043284,0.10881767532915992,1923,0.9176960012691213,0.02617125335068506,-55.222544966624866,NLD
0.04196549425363259,0.0011700086765000603,1.2359967201704813e-05,0.8840153316611801,0.10813920969562076,1924,0.9168059390661913,0.027020633027965625,-52.635473627319755,NLD
0.043039297886668486,0.001167838468028681,1.2521988013882293e-05,0.9321912243903789,0.10779832685285105,1925,0.9222103821037115,0.02514554177414899,-58.461005371726685,NLD
0.04243401305647045,0.0010519731053258937,1.3412441066790309e-05,0.9509930054819131,0.10650247011759925,1926,0.928818512297537,0.023739264678025913,-63.122571624867305,NLD
0.039651229712960034,0.0010371582400600429,1.4025011747236898e-05,0.9845907791994117,0.10587613174831167,1927,0.9407284491296555,0.019560250095400095,-78.80667972074139,NLD
0.039364592450052416,0.0009252863525398933,1.574715769607446e-05,1.0193038946588375,0.10398063744017565,1928,0.9561513015701479,0.014855067991682479,-101.09450725826963,NLD
0.0349462291127484,0.0008603314169784202,1.6169408250333544e-05,0.9842158776478036,0.10354981436703516,1929,0.9617764895147078,0.013192777975766543,-110.70690111614573,NLD
