A,B,C,D,E,F,G,H,Year,R2,RMSE,AIC,Country
0.0853460630533242,0.23905049537856418,0.31231267918031913,0.008301514736078763,3.386603893978881,27.35314046187138,0.00018436617783836268,1.088694122589421,1816,0.9880914120161278,0.0018820008628164548,-262.440959749153,FRACNP
0.08764408021721037,0.2429212063641748,0.31829521431460583,0.008309434686187464,3.558194310151412,26.840246610967647,0.0001938216554738459,1.0878664605633321,1817,0.9871399527186193,0.002047431419172536,-255.61666587516225,FRACNP
0.08391374802612524,0.21074681472086723,0.31304276915665424,0.008122130962915025,3.5078394769629893,26.804474790506678,0.00018035131430047468,1.0888704638711388,1818,0.9867608281284832,0.002142889951238098,-251.92555085529102,FRACNP
0.08585072204799912,0.2284135066589786,0.31360996894991217,0.008378092875998578,3.4928388229765166,26.73730021425,0.00019306641873923996,1.0883206656695061,1819,0.9867364429071017,0.002117885954245367,-252.87624483750335,FRACNP
0.07933110718671352,0.23557239016235407,0.30099572124979884,0.007981635481065872,3.615550493094517,26.65459836333459,0.00020722957743560475,1.086429773025382,1820,0.9869234941526541,0.002029776902072909,-256.31813840723834,FRACNP
0.08531632704647647,0.201239045086495,0.31336751500835996,0.008168701326856624,3.48974686993726,26.723243624264427,0.00020072429600764176,1.0870254975882743,1821,0.9877327148718957,0.0019233206340470983,-260.6818269027845,FRACNP
0.084108527736457,0.18770441923413944,0.3094222859129527,0.008056874839951137,3.81309030836693,26.457268212783717,0.0002199444863091543,1.0857254800906737,1822,0.9874934091831581,0.0019700837472315723,-258.7359749147543,FRACNP
0.08493500404262835,0.19761119828999504,0.3113239826220144,0.008071826797577408,3.5770604660204857,26.8338932383368,0.00018573537140621576,1.0886662306734811,1823,0.9865047280036845,0.002187267522620308,-250.26523750189324,FRACNP
0.0851915822538991,0.19025616422141048,0.3117472737472548,0.008035851583822307,3.8258746366813585,26.554123801889094,0.00022201511969415373,1.0859236303088262,1824,0.9855099414178343,0.0023254447966565353,-245.3033173967262,FRACNP
0.08174766394583283,0.2264108735028597,0.30674758495208354,0.007796651348138031,3.9165763111384053,26.402994552640497,0.00024961344994205024,1.0833599595916827,1825,0.9832586020942413,0.0025970470394262304,-236.3557565326381,FRACNP
0.09294294111402787,0.2649728796513753,0.33262071065737076,0.0082955713356807,3.26381295730543,26.775893257433065,0.0001897346891716683,1.0881602132495845,1826,0.983678785254624,0.0026325052671703772,-235.25732198467193,FRACNP
0.09796365598438796,0.3157707480624222,0.3474218862880917,0.00840950962531905,2.9223333835795327,26.8083318479647,0.0001657479178440201,1.0903972345395037,1827,0.9849887286138781,0.002469782146843311,-240.42560950398558,FRACNP
0.09623233711724527,0.3113866311672446,0.34735869500073857,0.008386478492004112,2.7647165694327387,26.858700584647256,0.0001754547047910923,1.0890244745650532,1828,0.9841417978556134,0.0025464059402595723,-237.95081790540956,FRACNP
0.09764428283519776,0.34683959874620846,0.35255910606742297,0.008645643169143959,2.4662343970845466,27.40924515021063,0.00013634437805841107,1.0930038583140322,1829,0.9833649453881061,0.00270491038852564,-233.0595637416884,FRACNP
0.08985529096895734,0.3442641553389466,0.33639942380100774,0.008445092663769463,2.7404732473168907,27.061459339146705,0.00017540561896901112,1.0883864873216675,1830,0.9798139856200483,0.0031382140707156515,-221.02417168175896,FRACNP
0.09344098918537257,0.29820639948511635,0.34341075554617645,0.009046476334506065,2.4387163033405312,27.770258578963855,0.00011812850758051106,1.095040292956967,1831,0.9763112867444045,0.003807604168351481,-205.3631219230947,FRACNP
0.08877293334879922,0.26308265849943335,0.3375046133869848,0.00882958763734012,2.4853613654535476,27.60056327566763,0.00010855039354314074,1.0960217761881854,1832,0.9756661916130679,0.003969591308371066,-201.98842052157448,FRACNP
0.08388905489903345,0.20527969500730298,0.326856266675368,0.008779598207198341,2.6971313317370202,27.022319286336163,0.00013995462395484552,1.0924133917017975,1833,0.9767999432189791,0.0037557831144737173,-206.47309312819243,FRACNP
0.07912356519109522,0.1819521019760459,0.3168395988404976,0.00892278561495914,2.4825428604913786,27.539189190930852,0.00011129314958487076,1.0960601163829484,1834,0.978097393348694,0.003551834919987894,-210.99552296387213,FRACNP
0.085337104419614,0.3376761157331259,0.3307381493337722,0.009063662932480454,2.186722992557403,27.954193717842287,9.133885814639505e-05,1.098095864913364,1835,0.9800569030242675,0.003067476728906075,-222.87085500832347,FRACNP
0.09366480955255278,0.3578398215709656,0.3520452365162381,0.009051783416318463,2.0237691024312654,27.79404314835301,7.973984523694837e-05,1.1006397235211978,1836,0.9854240309772286,0.0023292732865616943,-245.1700729137293,FRACNP
0.09003675206102411,0.327245858913901,0.3483297029493184,0.008818311225,1.865912978008801,28.267685832642044,7.170997603708151e-05,1.102449364923863,1837,0.988285210242109,0.0019193634698686985,-260.8486532164169,FRACNP
0.08443467665755447,0.3028732759097021,0.3333965725306284,0.008905752244182191,1.8016223983946498,28.90666202232885,7.26535075104776e-05,1.1019918301358835,1838,0.9892183055161625,0.001707945005211731,-270.30157260236496,FRACNP
0.07920398731220522,0.2757161075087018,0.3182917070761976,0.008604833963341782,2.000937971744559,28.311033150790966,9.220502040499679e-05,1.0984001656552116,1839,0.9904073465257043,0.001502163371450789,-280.7007235655487,FRACNP
0.07196266043997128,0.2672627911880045,0.2975519014891669,0.008315352565186307,2.0574215945375305,28.52626001914681,9.707271487783417e-05,1.096740743973156,1840,0.9907863530052031,0.0013716360840647108,-288.06379102758586,FRACNP
0.07104125316433764,0.2017822236758149,0.2923934721970145,0.008257463006224833,2.206997076498154,28.222537140391815,9.56036123722734e-05,1.0976571633985759,1841,0.9914475536597961,0.001315767220283827,-291.43212064746575,FRACNP
0.06918673785956113,0.187787717024084,0.2863455000798532,0.008051083000432953,2.3003631725712137,28.237151846025487,0.0001026428255973588,1.0963774062730502,1842,0.9912436608750612,0.0013396647413825662,-289.9741646558353,FRACNP
0.06837071911352206,0.2060696976302058,0.2826877265144794,0.007813934322727284,2.825450408799607,27.466957128674377,0.00014697142039050073,1.0915859914235586,1843,0.9900425805596649,0.0015581038326638347,-277.73909842273525,FRACNP
0.0719501148540204,0.2556148058763836,0.29397185516576435,0.008106380164373043,2.801233598629142,27.59770539012807,0.00014404386685986067,1.0912548962628064,1844,0.9873236695997332,0.0019444565000903565,-259.7965524251358,FRACNP
0.07126750175573171,0.25939742587557035,0.29221737456581065,0.008470330430257906,2.958316378992507,27.417094972356317,0.00013641541804653722,1.0917896706694055,1845,0.9831543378328319,0.00254270386968773,-238.06866475109098,FRACNP
0.07365027534773068,0.21099398136737443,0.3008817310322314,0.00831987898120255,3.4101107529890413,26.35533135413439,0.0001927636965175746,1.0867852742875086,1846,0.9785265634020012,0.0033364407354131895,-216.0628633715258,FRACNP
0.07382012594161602,0.2283622312253886,0.30561912130688373,0.008111216482213296,4.102596934430019,25.447104995709857,0.0002955269679031925,1.0803682146337874,1847,0.9755439211466588,0.0038224337989280414,-205.04826068796666,FRACNP
0.07570028000571413,0.22598527942553456,0.3068060729478671,0.00941461560930842,2.6652612252250316,27.50726979036597,0.00010542869060728607,1.094995114461945,1848,0.9690755279607008,0.004547470711470388,-190.9798687626934,FRACNP
0.07714359416488631,0.2584354858558683,0.30915757142561784,0.008588313447575774,4.193005533772959,24.69715036592403,0.00028407376460038873,1.080921228511756,1849,0.9731977703276129,0.004076271969882172,-199.8403253537041,FRACNP
0.08654046137789208,0.42822420610217893,0.335329065541341,0.008214591126005184,3.6610131191626203,24.585273826336696,0.00026375124559715666,1.0810837771281296,1850,0.9752831444641109,0.0037064339366437576,-207.54444810257257,FRACNP
0.10769862844033633,0.5425366916484151,0.38370705304370056,0.008329617146413025,3.1304618102840296,24.508407196449884,0.00022817555402580763,1.08356706689669,1851,0.980168112034228,0.003099539340555952,-222.02860166749633,FRACNP
0.1372225436455589,0.8216732000606713,0.44074218853967084,0.008407016299881422,2.6282984153951308,24.726748632557484,0.00019026349579276942,1.0860809258690212,1852,0.9863696966221512,0.002152178710846428,-251.5751999014558,FRACNP
0.14401446722279473,0.8170943815023141,0.46105946190211633,0.00808110871696144,2.4006486607531765,24.67623488639339,0.00021222891155177136,1.0846508354166589,1853,0.9907499458517759,0.001496280432389187,-281.0185675583709,FRACNP
0.13516971992196622,0.6911538319101131,0.45205046061699283,0.008424870757323373,2.016095290876961,25.863647792080005,0.00015592982594455832,1.088668647113168,1854,0.9924919173548659,0.0011825288821522663,-300.0800586935571,FRACNP
0.14594875830992593,0.9087683260622464,0.4688444152832247,0.00836875690688276,1.8709740107379464,26.0662762179239,0.000127644042426181,1.0913215743531315,1855,0.9937669864589147,0.0009745308658610852,-315.7498612653846,FRACNP
0.1437648016444692,0.7317076377714709,0.47237278158270957,0.008032836332397235,1.7423811779528213,25.90109023429902,0.00013475964030743774,1.090643426805749,1856,0.9937499020380081,0.0010067491951444504,-313.1152869939137,FRACNP
0.1256777634295082,0.5450088160654939,0.4516555696837498,0.007533686310866487,1.4791562551949495,26.863765715563478,0.00013962729005202282,1.0901695644108669,1857,0.993522245584796,0.0010781102262595035,-307.56814806330345,FRACNP
0.09847195873722431,0.31499401792917764,0.39852223308299345,0.0076990473079485075,1.4474071878604318,27.918309791261734,0.00011128329664727938,1.0932861844091157,1858,0.9921181027646558,0.001292589976404839,-292.87165214180214,FRACNP
0.08092028067182973,0.22918904681936525,0.34979024967928307,0.007439346905387396,1.555109211340037,28.359517190199995,0.00010419310788550117,1.0945814003230956,1859,0.9895645085934412,0.001714094040199579,-270.0104757659648,FRACNP
0.06973397344537927,0.25250949798581895,0.3196955652022963,0.007008489053780738,1.458208428971674,30.807148426082353,8.222696229482248e-05,1.097541597505213,1860,0.9884504219641406,0.0019127576642496897,-261.12790889044066,FRACNP
0.06802796877608756,0.16159054965393543,0.30346366269799,0.007115993763247542,2.165661835051441,29.190119049528857,0.00011737746356172531,1.0928532586789397,1861,0.9898613143676346,0.0016651525200287963,-272.3568806669022,FRACNP
0.072874144913057,0.21713944074982042,0.31413268189484356,0.006938697421476337,2.5242682584917455,28.075528308716212,0.00013834928294351954,1.0905147183881567,1862,0.989223544639,0.0017931681181764124,-266.3574349564918,FRACNP
0.08232481951320328,0.2696225683338946,0.33878305874155507,0.007218958374400749,2.234863506037856,28.550905331204703,0.00011884250132133293,1.0927806171895378,1863,0.9872470842059689,0.0021473812658593557,-251.75595942444215,FRACNP
0.09495552913147806,0.36423398822290615,0.3727215372447188,0.007217153784890779,2.1460766477195974,28.03998665982595,0.0001253346174852713,1.092030769766277,1864,0.9880587232382511,0.002060557415484344,-255.09903578299242,FRACNP
0.1194943071618719,0.7084373043230959,0.4231332587130155,0.007053980717997347,2.132222025826321,26.789597701508395,0.00013830875772629966,1.0901459827877267,1865,0.9884305273087663,0.001990116181715315,-257.9165006142957,FRACNP
0.1784506391383735,1.1410480814653758,0.5248677220184651,0.007121810996879224,1.6856841500828184,27.040879325749305,0.00010549360869103411,1.0940534556073631,1866,0.9910504019160927,0.0015950941507169663,-275.83858140264994,FRACNP
0.1679083143329998,0.9277449450602904,0.5242247197755898,0.006850677087040306,1.6108974091775226,26.464540718578576,0.00015053597461294952,1.0883303292976014,1867,0.9906937869254153,0.0016416685274634126,-273.50737254411644,FRACNP
0.14127873766332577,0.6732508710963985,0.49323394119413655,0.006651019625625687,1.6446082870543721,25.731270167841476,0.0001710538244853233,1.085970423174162,1868,0.9907317120843857,0.0016175428359158585,-274.7065686018315,FRACNP
0.11218356221335839,0.4182268058297921,0.44575217235571474,0.006637971710440706,1.7079724268044367,25.342964770612213,0.00019177534655848797,1.0841606369467958,1869,0.9905859873381874,0.0016115988398655745,-275.00476810634217,FRACNP
0.08257274730489671,0.24605315453765603,0.37908815184368133,0.007001728405848604,1.5054918256199012,27.09781118556647,0.0001254194616993984,1.0898230159559659,1870,0.9898790764093239,0.0016421540485320942,-273.48342045417263,FRACNP
0.0691378529766708,0.1649375245752857,0.34480328774223457,0.006822976476452283,1.6977768475799233,27.135191469807157,0.00015118722218390672,1.0870686111726358,1871,0.989432618806556,0.0017124736340716762,-270.08708473366715,FRACNP
0.07063979901625579,0.24549550345933555,0.3375200726135893,0.0062693934259285345,1.9548491988368313,24.99315050816092,0.0002274695701821282,1.081180661713461,1872,0.9818252742158556,0.002848959245431286,-228.85688142420804,FRACNP
0.06358797370584177,0.19376624330562894,0.32289003413231315,0.006506334240428003,1.6264167614438958,28.816456562950442,0.00015206163220014902,1.0867516442843208,1873,0.9850807667155121,0.002401169833578103,-242.70769522868375,FRACNP
0.06518020956947834,0.22886838361988213,0.3287715059859863,0.006312254890165943,1.7953631241511006,27.988544660686546,0.00018104952992783197,1.0839092909181596,1874,0.9840043239884431,0.0025658521203488632,-237.3345938550557,FRACNP
0.06363774521814684,0.2664793179181772,0.3275685930520447,0.006070345858005051,1.964157260232142,27.526447134335662,0.000188017109553517,1.083091241377631,1875,0.9839516664922978,0.002603753428217808,-236.1468587690793,FRACNP
0.07680054417287706,0.3407188980972212,0.3654535085252237,0.0062584889527601785,1.9234825807199083,27.30335981467218,0.00018682703670160584,1.082893596544228,1876,0.9814784083302825,0.003032994157675744,-223.7865607197882,FRACNP
0.08521562899970758,0.4145000352544822,0.38902456097262195,0.006529082784264103,1.7843958576453345,28.328193802373647,0.00016672275836820537,1.0843115794949938,1877,0.9811584101304854,0.003112786019024857,-221.6831649686473,FRACNP
0.08496030060320726,0.3995402914336012,0.3879339171726455,0.0063798180480412955,1.9234338250359642,27.7188057751024,0.0001747056829001852,1.0834016567649798,1878,0.9818332131748448,0.0029982575188129273,-224.71960049670616,FRACNP
0.0874886970879524,0.39823544212238754,0.39106635969656756,0.006607780098683303,1.9360565556903253,28.117971069771777,0.00016223536892295243,1.0842079780010976,1879,0.9810326196710082,0.003085346603295062,-222.40035104055562,FRACNP
0.08591415217019058,0.44082718457725883,0.3873180370300919,0.006027745687031572,2.0608662109880678,27.48337627991722,0.00017692127450329767,1.0821965976189818,1880,0.9808159259718696,0.0031111500371500097,-221.72574719755153,FRACNP
0.09249231496957022,0.4578645716642043,0.4029378320557637,0.006605333748421816,2.06862896705356,27.83370791311422,0.00016984411973248632,1.082731634710327,1881,0.9790418803878735,0.003346379131801354,-215.82194390432494,FRACNP
0.08247706621178418,0.3696655043691294,0.3834052257444805,0.006436494806223447,2.06457323795962,28.65016400683304,0.00015711424482413416,1.0836272418318649,1882,0.9805341850841796,0.0031694015756258288,-220.22316901266151,FRACNP
0.07673375025830527,0.3082040730993938,0.37618611238063376,0.006440397780749098,2.3025322874659313,27.998369134592828,0.00017793936128067343,1.0816936724907684,1883,0.979467755248117,0.003376295701527532,-215.10102307914167,FRACNP
0.08144034511808416,0.34484322921711197,0.3911148194637557,0.006509208257014955,2.156686135014425,28.235872734057875,0.00016396718492016268,1.0824030090131873,1884,0.9789389415700713,0.0034420325623580467,-213.53910041665534,FRACNP
0.07500638480007475,0.3771982646717161,0.3793960832059617,0.006301077131974912,2.338970748917241,27.35268652798603,0.00018120106474642554,1.0807691465151354,1885,0.9763976000797709,0.0038363916127675604,-204.7530237261861,FRACNP
0.06892432787677778,0.2688708809595078,0.36416747151336926,0.006415388739686833,2.3981028048741213,27.065435412183337,0.0001735679838137048,1.081258547523838,1886,0.9736147843461077,0.004246257460498182,-196.53105742472655,FRACNP
0.07192522301110009,0.3001494860764835,0.37140368352359815,0.006504101732461109,2.3339819826456307,26.906808775871607,0.0001703148633472429,1.0811945171809252,1887,0.973197222668287,0.004211367773738576,-197.19934919229252,FRACNP
0.06503746208266066,0.24503119448454616,0.35313735307408317,0.006203869583277866,2.3275896894795274,26.923439211116808,0.0001669879760113035,1.0810695712818352,1888,0.9746800186262933,0.003952225182702091,-202.3435558454234,FRACNP
0.05823623279536302,0.1830464697032351,0.329811466251282,0.006110007702883862,2.699784916715535,26.449949643507193,0.00018597881296596316,1.0793124197766122,1889,0.9735834074326785,0.004074878679626889,-199.86801629370257,FRACNP
0.04797150744155629,0.1434941074409254,0.30153011688227505,0.005632341515194271,3.438384963087707,25.53002290191356,0.00023786982028704574,1.0754508872776298,1890,0.9736294163654882,0.004128203122146955,-198.81491435226968,FRACNP
0.04516275771223482,0.09559907209536199,0.2911891212638846,0.006054045969550922,4.041805123607633,24.948593517568714,0.0002622519823186441,1.0738815985048606,1891,0.9713694112937575,0.004413272937375139,-193.4061924925477,FRACNP
0.04182051212208355,0.07337505646918532,0.2847638857721325,0.0058757157161869735,4.1374583069754625,24.852626588428446,0.0002687803189949728,1.0732723719073967,1892,0.9712948285897067,0.004500524637782856,-191.8204231498733,FRACNP
0.041374050527254104,0.0874660303058969,0.28542167757260617,0.005831800089502199,4.99929571149402,24.26467253555326,0.0003178197944002091,1.070508025714067,1893,0.9707544643650788,0.0045989882399126315,-190.0673923703066,FRACNP
0.041954177379817235,0.09870721293077045,0.28951074571644736,0.005726461055865934,4.881843361299559,24.05309365699159,0.00031138593644334915,1.0706464855270301,1894,0.9705250319437425,0.0046431404746469455,-189.29346715651047,FRACNP
0.0424758554826266,0.14165871650591702,0.2955951028824526,0.0056370286533287345,5.477228148227329,23.28838746681282,0.00034965531653316127,1.0687233715778113,1895,0.9696864383173769,0.00478782327521646,-186.80798917520326,FRACNP
0.042977478423990155,0.13989455668940223,0.30033906619704903,0.005841919402423926,5.550260766749416,23.06448466454984,0.00032585915402953973,1.0697646685172915,1896,0.9708374952960764,0.004691229002617879,-188.45887297510018,FRACNP
0.04359577761771331,0.13019185534807418,0.306711431012418,0.005604102365227459,3.898297714588868,23.617766160697176,0.00024291169100477137,1.0743495086858001,1897,0.9673933373200996,0.00532883275252773,-178.13642552627334,FRACNP
0.04086666925757361,0.09562861334633627,0.3056815831701627,0.005757602538408575,5.08821839729094,22.45941771493861,0.0003190965971692265,1.0699210768172367,1898,0.9665062222825821,0.0055763761937973,-174.4584650574988,FRACNP
0.03904127239916616,0.09243615155573781,0.30065184331039196,0.005288081105351924,3.3998669016863157,23.133380654872244,0.0002234303297243143,1.0754142671079694,1899,0.9690965719576017,0.005147494466187014,-180.94081834388015,FRACNP
0.03814716580729532,0.10691924100096564,0.3006813296471553,0.0051285525048707075,3.0910721389939924,23.163870113184842,0.00018635010682507413,1.077866802802563,1900,0.9776210829006585,0.003728534532025832,-207.0628983808677,FRACNP
0.03831033601957821,0.13387200779295708,0.30327180158792894,0.005072998724112094,2.7092378821928778,23.107512588559935,0.00016455739092564083,1.0795039269305091,1901,0.9819665609357208,0.0029323450994003103,-226.52013449055613,FRACNP
0.036764941570513174,0.13367036839755161,0.2992846018881783,0.004900574593537138,2.3327282545038313,23.45165081975029,0.00013703895862444442,1.082064056712341,1902,0.9863863245823246,0.002204396916591479,-249.6333641121907,FRACNP
0.036699148593920844,0.12784988010868992,0.3034818480725649,0.004739232588376722,2.1968440529630953,23.05518762659779,0.00012613792972341408,1.0830382874982865,1903,0.988194659016227,0.001932172921770271,-260.3098711180324,FRACNP
0.03429935144656299,0.10812861917496006,0.2959402168832272,0.00460402036267435,1.983644846759486,23.1244193526792,0.00011066103013144992,1.0847456116666265,1904,0.9892992287663271,0.0017497846512148604,-268.34122458130497,FRACNP
0.029829509823893215,0.08521215543542167,0.27644858332889743,0.004386762187115393,1.9419470360713131,23.164251529746796,0.0001071629187270823,1.0849482812813258,1905,0.9889160845149219,0.0018146462169661855,-265.39300253663043,FRACNP
0.026424310671341912,0.06344293420561971,0.2470150866845188,0.004019968983614384,2.3143942432787186,23.57779960175437,0.00011341197125957388,1.0838991045474131,1906,0.9880193894115475,0.001973869047175503,-258.58049161888977,FRACNP
0.024195601529627613,0.045933693586848054,0.22470717283520425,0.0038483836691148355,3.1598585497150706,23.56327782336915,0.00013592813462089877,1.080737171037649,1907,0.9839789068767251,0.0026045062108185626,-236.12344388759806,FRACNP
0.02340506327613204,0.03840446731815612,0.21532870579373267,0.0038084322101100115,4.122594933057864,23.757672216841573,0.0001479025203572368,1.079156143618158,1908,0.9841728371861685,0.0025778277157262356,-236.95742225449527,FRACNP
0.02490056924561848,0.06236693056925062,0.22407590447097336,0.003854155193894875,4.588235400773306,23.526391575864146,0.0001516621789602603,1.0783322997385376,1909,0.981874312374155,0.0029480730035566873,-226.08684445839197,FRACNP
0.026488030366551025,0.07028397112782626,0.23577068186716238,0.0038745491790771387,4.839031289012884,23.41913775910747,0.00014457720175038526,1.0787098446624217,1910,0.980325972064063,0.003295955770731835,-217.05174359486426,FRACNP
0.02611772843049079,0.04470113196641385,0.23802778507157946,0.003916130616757799,5.217654311761247,23.091085169335596,0.00014945306914735353,1.077736738244273,1911,0.9823553831133902,0.002997369024215838,-224.7436073498264,FRACNP
0.03030238860293757,0.13480286254971655,0.26150590279026414,0.0038724881112354786,5.21512235211466,22.835286707752612,0.00014730194594639572,1.0776003866689534,1912,0.9841234036714362,0.002697023110020879,-233.29609757278746,FRACNP
0.03510039612414482,0.18461329544076815,0.28910359477863345,0.0038262948527169965,5.105878307704033,22.453638002004176,0.0001471299565911415,1.077301404390915,1913,0.9843858604459576,0.0027386203522839795,-232.0563391437547,FRACNP
0.03519630703061707,0.18142655079049025,0.2973071604519331,0.003804086396586564,5.465132785859227,22.21633049943785,0.0001488428832660125,1.0766653046175716,1914,0.9834116674439839,0.003001154230053754,-224.64138161840214,FRACNP
0.03774832454128194,0.19098660012164875,0.310096850070865,0.003910967542219566,5.5662927200510515,22.059657263433753,0.0001469103877895248,1.0767505795914403,1915,0.9816379297723961,0.0033810287656470587,-214.98755264916895,FRACNP
0.03487415614306024,0.1355653461816367,0.3049081792196257,0.003956932672948169,6.346680360615027,21.656585059604417,0.00015967409038941034,1.075266971366448,1916,0.9801279119092715,0.0037782435950764032,-205.9901364335301,FRACNP
0.02668858668653618,0.07332256517854444,0.2671773711096764,0.004203032953977051,8.72372889436709,21.96305846664872,0.00016926323001649284,1.073964468905678,1917,0.9744693022232543,0.004930826051132511,-184.42410628602204,FRACNP
0.0195953606786624,0.02666014497127388,0.22695539716292829,0.004260791349885238,11.772614911425645,21.91545623039773,0.000176433169627079,1.0732139036403134,1918,0.977717256313198,0.0043569962559523775,-194.44572130520748,FRACNP
0.01673510735744264,0.02015662593343566,0.21060163325296216,0.004072324500448953,14.208039480912001,21.57704531770269,0.0001871185321913489,1.0718918397759443,1919,0.9814032825709579,0.0036424304282042103,-208.9553913481243,FRACNP
0.014756600292036,0.02909852854919782,0.19393592294249956,0.003485422590102198,15.665332281424451,21.28243863992656,0.00017448022791839436,1.0727846359843438,1920,0.9867243557714297,0.0025973119491798325,-236.3474946123098,FRACNP
0.015175124108975598,0.028904161294745503,0.20237295525958218,0.0034652123774033873,18.76484673673537,20.814471542006217,0.00017622099231415217,1.072123909846906,1921,0.9875430739459484,0.0025410375281457714,-238.12176488312758,FRACNP
0.01654986336660835,0.062188854270281854,0.21563166535075556,0.0034932479143131535,19.67837015395538,20.336607093821694,0.00018607638639958558,1.071055322002757,1922,0.9899642391318659,0.0020427306892604755,-255.8028488578525,FRACNP
0.017093629302435895,0.06359184772399085,0.22248697183343485,0.0035710734707091706,21.36902695042455,19.718693116691906,0.00018807331627801138,1.0706644700767245,1923,0.9895691930779392,0.0021717707142056425,-250.8411658152719,FRACNP
0.017972233058990005,0.08831276376081122,0.23533941224712032,0.0032963268495505636,21.937696812612966,19.02858924973268,0.00019800895054639044,1.0695313073013604,1924,0.9895691858988163,0.0022208612809838874,-249.03063332913445,FRACNP
0.017859156830387312,0.09042563738065529,0.23929382628117876,0.002755583739507043,19.073401471060865,18.337794567715996,0.00020066695392455052,1.0691656683810744,1925,0.9911400205663776,0.001912768057132494,-261.1274687817766,FRACNP
0.01683368018102578,0.07251666318853746,0.23837241355224736,0.0023792041402516248,19.459411371805835,17.693320252886508,0.0002100060031016078,1.0682627048760358,1926,0.9929253285513414,0.0015632748780703616,-277.4707201835478,FRACNP
0.017474978647480446,0.10404155034287896,0.24809617342035326,0.0018565564595208804,15.186490366568416,16.941622885916768,0.00020963114962345027,1.067990447905268,1927,0.9924372810496289,0.0016941441791963855,-270.9587411705622,FRACNP
0.01584477630487419,0.07464765079195351,0.24435613781879248,0.0014206477280079624,11.880004240830448,16.3168674806615,0.00021760860875078578,1.0671268355556178,1928,0.9946993084935692,0.0012031071501581584,-298.68262754410244,FRACNP
0.014959952032471184,0.07801206868735239,0.24219708670657353,0.0011544924848813053,9.585452201999177,15.445532820608191,0.00021309639858145104,1.067065510852259,1929,0.994087916968425,0.0013609793651885539,-288.6955656925823,FRACNP
0.3889404423453553,1.830675658152007,0.7359831040972324,0.006992700897288169,1.0696992066312812,25.052109293248694,5.198653999591675e-05,1.102608414417209,1872,0.9851740074721159,0.002500934029791396,-239.41032902316817,ITA
0.3506726497372042,1.6181845752364161,0.6947230360640839,0.006853279705524893,0.9242397487034534,27.472370145045158,3.958007241359389e-05,1.1062112010273928,1873,0.9842190461444931,0.0026701413058710538,-234.10749225911974,ITA
0.29903961949030333,1.2827302615448704,0.636659613851802,0.006691227863277322,1.1747754297309885,26.974981496797906,5.262319024947048e-05,1.1015593134598956,1874,0.9814977146687645,0.003126656859576502,-221.32302386071876,ITA
0.32471127307623293,1.5425964296016916,0.6680390879653406,0.0071299063137797705,1.156384212503726,27.957825997512433,3.5022117824777744e-05,1.1073230663543114,1875,0.9773925215248387,0.003760841752890922,-206.36406819189853,ITA
0.45635526846757146,2.4113398039290734,0.8092154301830098,0.006935724050193383,0.9642487396928509,27.66335226982702,3.0325088714704174e-05,1.1096542479307063,1876,0.9752774339290393,0.0042294610237907145,-196.85209525929463,ITA
0.49528169978325104,2.5531143257451006,0.8611239041129554,0.006655676798105351,0.8378790683959791,27.59823990892833,3.0950027576140603e-05,1.1089236392080433,1877,0.9763316235154937,0.004091828519408435,-199.5317880048188,ITA
0.3257695769852525,1.5070694602124008,0.6866081250134816,0.006559193203935236,1.0180101190580952,29.089166682887335,3.337960196837331e-05,1.1074711207205712,1878,0.9758580517634683,0.00423236683750452,-196.79646403541994,ITA
0.27694814606158763,1.2069837707440996,0.6271007085264843,0.007165822383157392,1.2098195316422424,29.74500835084397,2.738295126628078e-05,1.1106366272081916,1879,0.97277370491101,0.004674166378923825,-188.75401781246416,ITA
0.4415421459186498,2.105243691768202,0.7977320209019575,0.006745768265462376,0.9832325671612968,29.36400017589445,2.9205855260169657e-05,1.1080150509274742,1880,0.9665012641878558,0.005664317923713124,-173.19102989976295,ITA
0.5229868372638885,2.4525700869600042,0.8897381586387608,0.007406914532450127,1.055475286072142,28.599740129566797,2.325450230788366e-05,1.1122089318879305,1881,0.9632143841546933,0.006250443418217099,-165.21529015853508,ITA
0.5305562486214648,2.67676212547984,0.9076615701275655,0.007197261295177542,1.143982421428091,28.75098516081097,2.298583597446558e-05,1.1119060671292105,1882,0.9618075344512511,0.006602280928796341,-160.7795052657749,ITA
0.4738654474903162,2.4086039028264947,0.8466084877523805,0.00723583779848422,1.28354513946625,28.773692465370697,2.4822354392448148e-05,1.110693955970109,1883,0.9587770079841422,0.007160263787428282,-154.20784262720235,ITA
0.37418808898023315,1.9106531789073988,0.7434515375175078,0.007590674722352961,1.6562449484583246,27.89975047687364,2.9946607145186676e-05,1.108087448231486,1884,0.9531997241360876,0.008091417450651393,-144.305017217307,ITA
0.3124020287705285,1.5027683732112018,0.6835666397874874,0.007855634637318436,2.0560549389781264,27.235322800067976,3.901640448384058e-05,1.1038162810870435,1885,0.946807613880843,0.00924462521125674,-133.51270694182955,ITA
0.27167271248787583,1.2609343193935125,0.637904070121414,0.00798081040022686,2.391833012467067,26.3713320269075,4.469109359825779e-05,1.1016133980364782,1886,0.9386091065976123,0.010699176771619242,-121.67662431502447,ITA
0.23084307911780325,1.0610770060120143,0.5914906549713358,0.008390950524236232,2.7572071675460426,26.08076870117711,5.0535973335820095e-05,1.1001286707362596,1887,0.9356335520865373,0.011296632843104058,-117.27525428936718,ITA
0.20611589051695026,0.9303020490295415,0.5617197212736217,0.008391997394973249,3.2782265278879548,25.54867319826418,6.691318115866808e-05,1.0951368181942174,1888,0.9283948377568657,0.012590840300923951,-108.48959848108063,ITA
0.1801717926649212,0.7708834878303045,0.5266432809937874,0.009046653637121092,4.029912175584006,24.982410696698693,8.628074094721788e-05,1.0916007790782003,1889,0.923941069304705,0.013507309538965052,-102.7984253325177,ITA
0.17214628265177787,0.6998245730808627,0.5208274389217864,0.009091907717010038,4.72346910798118,24.471104345016,0.00011426150502418791,1.0865635430144005,1890,0.9201254302707607,0.01436829656932921,-97.79317888145374,ITA
0.15572497977030542,0.6399686510186858,0.49532030793183546,0.01008618447819896,5.701050173218459,23.812274599712175,0.00014346569569731525,1.083570001210753,1891,0.9156268160860066,0.015208554695241756,-93.189630865389,ITA
0.06561534804812658,0.10819859489095067,0.3089012082604261,0.02771060754627129,79.99999999994535,24.237192139954843,0.0005409498572657055,1.0617781126982078,1892,0.915861391215155,0.01577543012316135,-90.2253876095678,ITA
0.07234078656626494,0.1486267396725275,0.3371786263896468,0.03011758509101973,79.99999996653143,23.246697472925142,0.0006058656835319761,1.0598197338366229,1893,0.9210969283012114,0.015046954959924561,-94.05490817755265,ITA
0.07676115260520433,0.16915910933312037,0.35434104643244374,0.03177424920367497,79.9999999931046,22.283886124533037,0.0006259673027746268,1.0590148685312686,1894,0.9263393123226628,0.014188951867729841,-98.8105816504887,ITA
0.07901841875729027,0.1925911259312289,0.3627860738685268,0.03301312321057463,79.99999998173962,21.364365313736208,0.0006535372507381553,1.0579136205102544,1895,0.9258649951099973,0.014100756159821181,-99.31563284991097,ITA
0.07854530564870511,0.2251014579047642,0.36199809646660414,0.030011617698782807,73.04724336496884,20.52166928005856,0.0006329645250925255,1.0586729648836744,1896,0.9254212384151392,0.014167452503522991,-98.93340743697718,ITA
0.07782592424076595,0.23244320768874388,0.3571329330473169,0.026069099634161905,79.99999999760438,19.880596314790505,0.0006354835065223412,1.05866208536697,1897,0.9266736198885754,0.013808426672833803,-101.01253344239058,ITA
0.1229496079336909,0.5813690653366838,0.4502761005164028,0.009371683969658321,14.279040831864128,20.260900810884895,0.000396801234291245,1.0662976896425806,1898,0.9249143200586021,0.013905367936777092,-100.4458644231608,ITA
0.15948556853675175,0.8677359903834402,0.5094041621945338,0.006409207078894136,5.347794531808321,20.945141739376496,0.00020308946308865712,1.0772238764051965,1899,0.9418556532904426,0.01074492253806793,-121.33103622109871,ITA
0.15791092062749934,0.8550582294874648,0.5183646433388731,0.005685022874626874,3.3388927214933695,21.408573057909212,0.0001381413358801504,1.0823249621612794,1900,0.9557348827283746,0.007808095934343353,-147.19208322601708,ITA
0.15421453369518592,0.8231105696023358,0.5215775692750483,0.005473231573085673,2.7671629548029175,21.10202407302985,0.00011230824346681262,1.0853386311033493,1901,0.9634347192969668,0.006442828203361893,-162.75975915462533,ITA
0.13709925127175024,0.7161309200994402,0.5032779678538548,0.005267644134201442,2.179742926848738,20.999015868885024,8.897097081862656e-05,1.0893785369387465,1902,0.9646239274716484,0.006279552291369383,-164.8389415911965,ITA
0.12429612730919994,0.6578807483477566,0.49096156719510026,0.004925416545032085,1.7071213964147274,20.970208561902385,6.395087815603453e-05,1.0938829535643806,1903,0.967897710338693,0.0056902485948057335,-172.82106632492724,ITA
0.13079111461617487,0.6860769293363288,0.510213138216266,0.004756345422522197,1.2723336143370982,20.9737260587403,4.703667052197413e-05,1.0985719864717307,1904,0.972511125750868,0.004891891970013404,-185.0662253165096,ITA
0.16338780005003073,0.8552679992589873,0.5804525379691078,0.004523486043008331,0.9138944253789253,20.179323056152317,3.47578686010337e-05,1.1026598431913603,1905,0.9746194988682672,0.004598047209821919,-190.0839680240661,ITA
0.16170542881503752,0.8607350526217243,0.5886775073462739,0.004335870656748856,0.6818759434275892,19.680706703341205,2.7821531422598533e-05,1.1058233348635147,1906,0.9732921673913694,0.004871699209215626,-185.40126924176582,ITA
0.12464410841717952,0.6184168265933803,0.5294529278027059,0.004090995086958291,0.5407519003863787,19.488760376669138,2.287365802956736e-05,1.1082921307305353,1907,0.9686057854191757,0.005781338628605209,-171.53467976472785,ITA
0.05291818729777297,0.10897977004931997,0.28487302233403405,0.0034832043545532454,2.796239200213971,25.77562557600992,4.973366301301181e-05,1.0970881354866038,1908,0.9629686286225381,0.006873369643697929,-157.5201229301008,ITA
0.05206558344841911,0.12864121675567383,0.2799772065012474,0.003444819666772785,3.9525971779916858,26.180196444065153,4.8913956501768e-05,1.0967086257522363,1909,0.9649101630569558,0.006609805131108015,-160.68724724529733,ITA
0.05791462248140463,0.16948275426388784,0.297755962752595,0.0036545638548566286,4.655816272941873,25.682547998135842,6.010103026155904e-05,1.0934492546118677,1910,0.965052793682638,0.006613471482636629,-160.6423303173524,ITA
0.061605227569953555,0.21878074446897705,0.3129294145461648,0.003943492495546112,5.354397706707236,25.405295861540154,5.6827104447809454e-05,1.0938495063126723,1911,0.9675586873801314,0.006258870066510501,-165.10616208914234,ITA
0.07813507218552418,0.4339957367145005,0.3557497312911885,0.004105224995885187,5.53416629170417,24.59011623621625,6.608869555983165e-05,1.0913322997774166,1912,0.9663480877135174,0.006576656072409894,-161.09449515954475,ITA
0.09799230063792554,0.5880269461435481,0.40407110231187343,0.00426565163833392,5.580817844993375,24.018075145168176,6.219484393201124e-05,1.0918322281945811,1913,0.965749558202865,0.007015645300245171,-155.860576684078,ITA
0.10234176078510476,0.5379387018372079,0.4211498786826318,0.00443442917883656,6.16721897124235,23.509029283685148,7.092093857814965e-05,1.0894661378362764,1914,0.96299062873255,0.007825572638292427,-147.01098515514724,ITA
0.09428980489444277,0.40021855389270206,0.41927015096638964,0.004440069288698797,6.430568242632936,22.936079547206003,7.838956573329514e-05,1.0876934006418826,1915,0.9659298391146409,0.007411213832258732,-151.41760210936047,ITA
0.07696330256664491,0.28100958069392923,0.38886185286477415,0.0048160821797743674,7.921272815549089,22.68200518122028,7.872483460416911e-05,1.0873629868673653,1916,0.9653179951312995,0.007747593302342189,-147.822172684576,ITA
0.05962390238589215,0.17415499326710965,0.3449327437611311,0.005678845351627842,11.943490570797252,22.831021979600067,8.555613969182487e-05,1.0857490099400509,1917,0.9655690820208623,0.007849017604920253,-146.76867659287223,ITA
0.03942348642498075,0.04443963382733102,0.27347727820606704,0.008786135884361109,25.695417865369716,23.142685549233672,9.34044106195231e-05,1.0842621108549113,1918,0.9663615732224099,0.00776635377976288,-147.62627161520288,ITA
0.03701651612765742,0.09604777200443115,0.27050149850875854,0.010602955475758341,41.76635382193545,22.77979504591239,0.00012283091990535812,1.079506265688924,1919,0.9745673195415729,0.005867307866545965,-170.33906708854596,ITA
0.03411266770496836,0.06981448971826744,0.24720379666218753,0.010853249960272404,49.062290790710364,22.331129211807387,0.00010948811561965429,1.0808658672446259,1920,0.9791661667860103,0.004627128696491794,-189.57327679231577,ITA
0.03515568887451463,0.09429490065526654,0.2724337425743638,0.010056521760307913,40.12752572823279,21.286120120118944,0.00012915971506379176,1.0778012988415229,1921,0.9826088299668614,0.00399812041994752,-201.40836240900364,ITA
0.03219856620426357,0.09962256095523533,0.2616294324684925,0.009634551693917949,38.80705867469563,20.555646040853436,0.00012202551701378772,1.0783783661831785,1922,0.9826873024985925,0.003967387484567719,-202.0334023055292,ITA
0.033162513101980214,0.11230153149335098,0.2719828116354761,0.00853594377728578,38.537885976019574,19.918348045236545,0.00013434475847799647,1.0767410258246473,1923,0.9810886759325721,0.004409172139689272,-193.4814923971831,ITA
0.03349711942307294,0.11671221337101648,0.2781089366435988,0.007263677202997061,39.030149809980415,19.437065660047807,0.00013632738293472017,1.0761974740041607,1924,0.9801137917107094,0.004759073920837851,-187.2958345339805,ITA
0.033928344671916424,0.12960597013563213,0.2876079477852635,0.005232192972733079,32.23935320264634,18.805475030380798,0.00014276987976230305,1.0751917550633825,1925,0.9843341863189348,0.003768475400636906,-206.19982336951244,ITA
0.03386069588521762,0.13519227235440096,0.2942577774488845,0.0034642895317043543,21.28875043920327,18.16310507358507,0.0001341716904072195,1.0758337511399378,1926,0.9906743571249199,0.002266633180424348,-247.37819566332348,ITA
0.034013308970631706,0.15326544800713465,0.30101767258467566,0.002777423365117862,16.614121973557953,17.403171887391686,0.00013777753466638176,1.075087076901726,1927,0.9926950871542115,0.0017756415043295832,-267.15303196794395,ITA
0.03538028978646128,0.16450933793075323,0.3125545783624913,0.0022589712036875866,11.404426314319116,16.639729042532842,0.0001325746644858843,1.0752972253736552,1928,0.993366499511656,0.0016247854883407206,-274.34469542705943,ITA
0.03625781248259106,0.20734395356983076,0.32764229663757033,0.0018620638944715864,7.5631287268577845,15.658167729025397,0.00012773791383662738,1.0752402483152308,1929,0.994210115098043,0.001424067540896892,-285.02523859451657,ITA
0.0853460630533242,0.23905049537856418,0.31231267918031913,0.008301514736078763,3.386603893978881,27.35314046187138,0.00018436617783836268,1.088694122589421,1816,0.9880914120161278,0.0018820008628164548,-262.440959749153,FRATNP
0.08764408021721037,0.2429212063641748,0.31829521431460583,0.008309434686187464,3.558194310151412,26.840246610967647,0.0001938216554738459,1.0878664605633321,1817,0.9871399527186193,0.002047431419172536,-255.61666587516225,FRATNP
0.08391374802612524,0.21074681472086723,0.31304276915665424,0.008122130962915025,3.5078394769629893,26.804474790506678,0.00018035131430047468,1.0888704638711388,1818,0.9867608281284832,0.002142889951238098,-251.92555085529102,FRATNP
0.08585072204799912,0.2284135066589786,0.31360996894991217,0.008378092875998578,3.4928388229765166,26.73730021425,0.00019306641873923996,1.0883206656695061,1819,0.9867364429071017,0.002117885954245367,-252.87624483750335,FRATNP
0.07933110718671352,0.23557239016235407,0.30099572124979884,0.007981635481065872,3.615550493094517,26.65459836333459,0.00020722957743560475,1.086429773025382,1820,0.9869234941526541,0.002029776902072909,-256.31813840723834,FRATNP
0.08531632704647647,0.201239045086495,0.31336751500835996,0.008168701326856624,3.48974686993726,26.723243624264427,0.00020072429600764176,1.0870254975882743,1821,0.9877327148718957,0.0019233206340470983,-260.6818269027845,FRATNP
0.084108527736457,0.18770441923413944,0.3094222859129527,0.008056874839951137,3.81309030836693,26.457268212783717,0.0002199444863091543,1.0857254800906737,1822,0.9874934091831581,0.0019700837472315723,-258.7359749147543,FRATNP
0.08493500404262835,0.19761119828999504,0.3113239826220144,0.008071826797577408,3.5770604660204857,26.8338932383368,0.00018573537140621576,1.0886662306734811,1823,0.9865047280036845,0.002187267522620308,-250.26523750189324,FRATNP
0.0851915822538991,0.19025616422141048,0.3117472737472548,0.008035851583822307,3.8258746366813585,26.554123801889094,0.00022201511969415373,1.0859236303088262,1824,0.9855099414178343,0.0023254447966565353,-245.3033173967262,FRATNP
0.08174766394583283,0.2264108735028597,0.30674758495208354,0.007796651348138031,3.9165763111384053,26.402994552640497,0.00024961344994205024,1.0833599595916827,1825,0.9832586020942413,0.0025970470394262304,-236.3557565326381,FRATNP
0.09294294111402787,0.2649728796513753,0.33262071065737076,0.0082955713356807,3.26381295730543,26.775893257433065,0.0001897346891716683,1.0881602132495845,1826,0.983678785254624,0.0026325052671703772,-235.25732198467193,FRATNP
0.09796365598438796,0.3157707480624222,0.3474218862880917,0.00840950962531905,2.9223333835795327,26.8083318479647,0.0001657479178440201,1.0903972345395037,1827,0.9849887286138781,0.002469782146843311,-240.42560950398558,FRATNP
0.09623233711724527,0.3113866311672446,0.34735869500073857,0.008386478492004112,2.7647165694327387,26.858700584647256,0.0001754547047910923,1.0890244745650532,1828,0.9841417978556134,0.0025464059402595723,-237.95081790540956,FRATNP
0.09764428283519776,0.34683959874620846,0.35255910606742297,0.008645643169143959,2.4662343970845466,27.40924515021063,0.00013634437805841107,1.0930038583140322,1829,0.9833649453881061,0.00270491038852564,-233.0595637416884,FRATNP
0.08985529096895734,0.3442641553389466,0.33639942380100774,0.008445092663769463,2.7404732473168907,27.061459339146705,0.00017540561896901112,1.0883864873216675,1830,0.9798139856200483,0.0031382140707156515,-221.02417168175896,FRATNP
0.09344098918537257,0.29820639948511635,0.34341075554617645,0.009046476334506065,2.4387163033405312,27.770258578963855,0.00011812850758051106,1.095040292956967,1831,0.9763112867444045,0.003807604168351481,-205.3631219230947,FRATNP
0.08877293334879922,0.26308265849943335,0.3375046133869848,0.00882958763734012,2.4853613654535476,27.60056327566763,0.00010855039354314074,1.0960217761881854,1832,0.9756661916130679,0.003969591308371066,-201.98842052157448,FRATNP
0.08388905489903345,0.20527969500730298,0.326856266675368,0.008779598207198341,2.6971313317370202,27.022319286336163,0.00013995462395484552,1.0924133917017975,1833,0.9767999432189791,0.0037557831144737173,-206.47309312819243,FRATNP
0.07912351024605069,0.18195178493550815,0.3168394789260272,0.008922744447193274,2.482581874329414,27.53907252744537,0.0001112991827301073,1.0960592159593814,1834,0.9780974080740941,0.0035518180835370106,-210.99590692196273,FRATNP
0.08533696571056618,0.3376748444817343,0.33073780840985895,0.009063620123570787,2.1867595289927233,27.95406434255482,9.134433066829545e-05,1.0980948809579616,1835,0.9800570161843415,0.003067445995924846,-222.8716665495901,FRATNP
0.0936643954377717,0.35783628171060905,0.35204420525708546,0.009051704077845897,2.02383695403475,27.793789084080515,7.974929539859428e-05,1.1006377757802968,1836,0.9854241112763592,0.0023292414158938945,-245.1711812172366,FRATNP
0.09003655191928625,0.3272441810267919,0.34832916864388047,0.008818273202447893,1.8659427760188807,28.267556785859604,7.171397129627142e-05,1.1024484496123446,1837,0.9882853849004523,0.0019193273670017792,-260.8501768255559,FRATNP
0.08443990843368573,0.30292111063305205,0.3334114359723205,0.008904870043652419,1.8017325091498968,28.904219146664076,7.269855980729288e-05,1.1019820095364927,1838,0.9892193197322847,0.0017077710883046094,-270.3098211037646,FRATNP
0.07920314836769936,0.275708948705848,0.3182893613973563,0.008604572344531719,2.001128043485277,28.310281741501488,9.223593078701916e-05,1.0983945764217518,1839,0.9904074893468053,0.0015020997789290526,-280.704152688767,FRATNP
0.07198759718087719,0.2674941673174031,0.29762519580829366,0.00832444527508468,2.050367335208549,28.55330083642985,9.598264460472233e-05,1.0969258047027306,1840,0.990793542868759,0.001371690659459946,-288.0605682200766,FRATNP
0.0710413889565632,0.20178316682894024,0.2923937852848776,0.008257575223900053,2.206927762385089,28.222800954654133,9.558935894237465e-05,1.097659793896118,1841,0.9914460313908185,0.0013160278378969894,-291.4160783445747,FRATNP
0.06918643566515668,0.18778545892235388,0.28634465944394916,0.008050926289339181,2.3004865225175015,28.236752834271762,0.00010266320881885934,1.096374008352577,1842,0.9912437828604155,0.0013396187564183612,-289.97694508732303,FRATNP
0.06837045605234522,0.20606767695937445,0.2826871305508929,0.007813799452905014,2.8255791666692938,27.46668882885921,0.00014699426049516633,1.0915832423986578,1843,0.9900429430644297,0.0015580156551199902,-277.7436825736841,FRATNP
0.07195016064323077,0.2556152305230885,0.2939719851012065,0.008106388423889372,2.8012212345038514,27.597727321658788,0.00014404250535982394,1.0912550452029228,1844,0.9873240055227768,0.0019444050516374285,-259.79869563575517,FRATNP
0.07126673281833229,0.25939170632201775,0.2922164102510466,0.008469735784891642,2.9587952021242314,27.416117243761928,0.00013652262736832906,1.0917750715495318,1845,0.9831571173815509,0.002541935043257439,-238.0931600760863,FRATNP
0.07365051664963103,0.21099611186858958,0.30088264517338875,0.008319843375140802,3.4100708101797435,26.35535284224078,0.00019277153198280742,1.0867842572716504,1846,0.9785261168996419,0.0033364474348484543,-216.06270072703285,FRATNP
0.07382013762419776,0.22836267578784458,0.3056194906710192,0.008111152208099498,4.102676872589616,25.447027046733815,0.00029554869195612377,1.0803667480384394,1847,0.97554372362239,0.0038223990804927745,-205.04899639881893,FRATNP
0.07570054248189452,0.22598748536073637,0.30680692793246517,0.009414629556876922,2.6651916981074346,27.507406820332157,0.00010542632992066516,1.094995173928165,1848,0.9690753451643028,0.004547439817912039,-190.98041904369245,FRATNP
0.07714357517687215,0.25843507831865487,0.30915732463703327,0.008588349016371621,4.1929501576202854,24.697204261519346,0.00028406021956959773,1.0809221718480286,1849,0.9731984226248648,0.00407621565905598,-199.84144431938165,FRATNP
0.08654095717634444,0.42822952371971856,0.3353302883023231,0.00821459451747785,3.660857227734214,24.585433951741418,0.0002637452873635408,1.0810837169284535,1850,0.9752821496708376,0.0037065119794446057,-207.5427425817336,FRATNP
0.10769941854943241,0.5425441990442883,0.38370855490903827,0.00832967134212276,3.130291283104016,24.508648293379302,0.00022815697698026454,1.0835681079926227,1851,0.9801671161966119,0.003099671172316571,-222.0251565924857,FRATNP
0.13722289477447946,0.8216763551396977,0.44074269986919634,0.008407053510383929,2.6282532533002865,24.726840272695494,0.00019025405585709404,1.0860817605949769,1852,0.9863696074181673,0.002152202520237473,-251.57430380951087,FRATNP
0.1440436359031703,0.8173348513783423,0.4611123719130391,0.008081467989367127,2.3995696518548537,24.674924093187975,0.00021217241371114735,1.084654702701762,1853,0.9907552180133397,0.0014953178436063407,-281.07069333657245,FRATNP
0.13517345020424956,0.6911846886588977,0.4520569151920573,0.008425114067401873,2.015860037179973,25.864441777075076,0.00015588596824989923,1.0886727300968344,1854,0.9924912457790689,0.0011826314353362412,-300.07303438501816,FRATNP
0.14595153170322211,0.9087924901188902,0.46884883323811355,0.008368897189456355,1.8708655818282294,26.066681668846847,0.00012761978448134069,1.091324690383412,1855,0.993766761161385,0.0009745798588422939,-315.7457892222437,FRATNP
0.14352328087653748,0.7301417657180728,0.4718976418106746,0.008032302882078816,1.7444445669153437,25.903251688317848,0.0001348444520993601,1.090634562604383,1856,0.9937473235718669,0.0010070578601905208,-313.0904565426932,FRATNP
0.12573149090438568,0.5453698564219578,0.45163398729047055,0.0075335292820892935,1.4806668173395792,26.863646920336787,0.00013970063879677408,1.0901624138353083,1857,0.9935165851297286,0.0010789931433464457,-307.5018403572902,FRATNP
0.09862236949379839,0.3158882244192265,0.3988009808295064,0.00769966877151829,1.4473612497192698,27.91716146995026,0.00011126806143783993,1.093288661118018,1858,0.9921130052565804,0.0012934795249059379,-292.8159278610787,FRATNP
0.08109693717650082,0.23020909254322694,0.35019123604866004,0.007441013646448845,1.5541341791466332,28.35880387615334,0.00010412285150192004,1.0945913140280488,1859,0.9895576600190509,0.0017153282671961646,-269.9521730070283,FRATNP
0.0691936780618639,0.24851296872447456,0.3182908643359547,0.0070043453003455014,1.4584199244787852,30.83467903796615,8.208041851959938e-05,1.0975675181671674,1860,0.9884543557238333,0.0019113859236640318,-261.18601915207154,FRATNP
0.06758047377293852,0.15928619438580896,0.3023626022044838,0.007110038373941471,2.1691900971329474,29.19461172602483,0.00011748219915641418,1.0928403384866607,1861,0.9898794043367936,0.001661784794626838,-272.52086683491854,FRATNP
0.07299025584256508,0.21778328056811785,0.31441042880596126,0.006940402503304959,2.5228985844186953,28.074973190839923,0.00013828936514301778,1.0905208754788152,1862,0.9892230876021921,0.0017933653023351518,-266.3485283522579,FRATNP
0.08242463999056163,0.27006304268700315,0.33901464053890884,0.007218798400968384,2.235217413917064,28.544885739954463,0.00011899078375415168,1.0927599204120872,1863,0.987258378945837,0.0021454519070630246,-251.82876825102824,FRATNP
0.09502110968764563,0.3642101985907023,0.37286401156651616,0.007215141635622933,2.1477894382030165,28.03056622907086,0.00012568268040825346,1.0919851629243689,1864,0.9880764622938533,0.0020572489894616374,-255.2291937064831,FRATNP
0.11937461927217621,0.7058953279540929,0.42293041053824004,0.007099401977742289,2.096288491071718,26.93212478133839,0.0001306847440792773,1.0911007697783242,1865,0.9883217072651183,0.002018963715447415,-256.75080144096466,FRATNP
0.1784009650255746,1.1406464175880684,0.5247984070051721,0.007120286135142388,1.686882286051657,27.03510230173189,0.00010571956509662517,1.0940174897425234,1866,0.9910604417637554,0.0015930052460295626,-275.9447269664086,FRATNP
0.16632747178397006,0.9159079890409549,0.52167033360837,0.006881065986214993,1.6272347748384248,26.440062258638125,0.00014634084136103167,1.088765380650207,1867,0.9911069881278488,0.0015693140488828286,-277.1584076182923,FRATNP
0.13977631748722275,0.6623006757445016,0.49030784047782777,0.0066942473680964955,1.6699779725874282,25.695119595210816,0.00016471626185771696,1.0865542551036855,1868,0.991570600487423,0.001471833081963152,-282.3529371222069,FRATNP
0.11089215168553691,0.40923224525714097,0.4424617596379857,0.006685988431132805,1.7617557871128524,25.22831405609979,0.00018486096630543572,1.084744502381285,1869,0.991820264237687,0.0014019178550617403,-286.2949983714139,FRATNP
0.08237224650961224,0.24459156317704295,0.37838892346702746,0.007004621142521914,1.5242688441645467,27.019518178640986,0.00012504857325103692,1.0898801397702012,1870,0.9896086667565701,0.0016873874459534207,-271.2824383478846,FRATNP
0.06911536418338018,0.1647664773407999,0.34470298994322834,0.006830534052214322,1.697790528340498,27.147700437202634,0.00015034196913962406,1.0871501800064909,1871,0.9883441760058302,0.0018905775462775877,-262.0726638613611,FRATNP
0.07041634005317063,0.24328137059965788,0.33653639031509786,0.0063362146352085764,1.9548281485470402,25.073199640177943,0.0002149485441183817,1.0820398371663678,1872,0.9835543882230369,0.002576948557949387,-236.98505169051117,FRATNP
0.0639802319189737,0.19685854685306606,0.3243336527430569,0.006807262023010301,1.4363306235513404,30.390867522612922,0.00012580623329770313,1.0894144755272281,1873,0.9810434935453686,0.0030471421134637853,-223.40959992941913,FRATNP
0.06556485209217155,0.2318255466467434,0.32996711932675094,0.0067377565424154955,1.5125605941325158,30.08515564113434,0.0001390561873564873,1.0876320318187094,1874,0.976883511101659,0.0037053597240908525,-207.567927228241,FRATNP
0.06374542717082192,0.26667958496075805,0.3275924386182116,0.006624313408861059,1.5897646211161696,30.175098841382397,0.00013402682736052336,1.0878866188449392,1875,0.9748891675297517,0.004065464199693381,-200.05537282792,FRATNP
0.07671184038804545,0.33879560006406045,0.3647954292351089,0.006901487920921237,1.5556587448447279,30.13083591537563,0.00012767650033881456,1.0882869705277207,1876,0.9702843380519575,0.004856130013795067,-185.66054721158713,FRATNP
0.08446003507316716,0.40600018293241996,0.38648486155548095,0.007492158873382476,1.4271561521126743,32.106447649130935,9.971008745642507e-05,1.0915655783512381,1877,0.9646595456088503,0.00584063116386127,-170.70818699107315,FRATNP
0.08320590004658598,0.38146985395681704,0.38234899660276794,0.007722621021873286,1.4697085117318842,32.51348456506073,8.715141516599211e-05,1.0932696969588758,1878,0.9567640597408363,0.0071425864807848445,-154.40806321825016,FRATNP
0.08366523076976973,0.36179616006548065,0.3798299239802495,0.008205683151693885,1.5670675712582531,32.830907410800236,7.551501512325314e-05,1.0951165814877486,1879,0.9465830358075249,0.008738230529609174,-138.07581049748097,FRATNP
0.07810905062933211,0.36127158715900515,0.3649205929974486,0.008130833719346389,1.6941658139683844,33.06712059960765,6.873458887162394e-05,1.0957643851341818,1880,0.9283931727381531,0.01173804072475899,-114.17050737795711,FRATNP
0.08123255360692173,0.3507848136707524,0.37241214127405925,0.008866025345805101,1.9361247423728691,32.11922705954225,7.33932758803441e-05,1.0948821585720632,1881,0.9157909620394823,0.013737556255790045,-101.42932862167658,FRATNP
0.07101051209573042,0.26388920677562344,0.34845712103170784,0.008772351851754769,2.288574433535299,31.721376498973914,8.318064490543541e-05,1.0929650228208148,1882,0.9114085082207285,0.014800679757637917,-95.39161336627325,FRATNP
0.06668605042244045,0.22054545977567955,0.3430317632843325,0.00881824017705054,2.7070716154341263,30.287546220653464,0.00011061318674595464,1.0887766022849412,1883,0.9074282122696855,0.0156764417138766,-90.73525154822465,FRATNP
0.06911413509634796,0.23899471361146885,0.3527624788556141,0.008863816325542968,2.839089933132479,29.660216701940904,0.00012107242908301992,1.0870335260997102,1884,0.9049928517582043,0.0160154593754172,-89.00222341391424,FRATNP
0.06195963403340228,0.2505025273158523,0.33734687850890266,0.008631641076457695,3.3391569846851095,28.357427793079516,0.00015809552522229127,1.0829697769545046,1885,0.9007425819190569,0.016662067383857514,-85.79622276001925,FRATNP
0.05558130405007571,0.157187529117846,0.31680328482392484,0.008835490816990843,4.221751101987771,27.34604303410896,0.00020427091580713065,1.0790359183865594,1886,0.8956947458355676,0.017399465746081446,-82.28853559682273,FRATNP
0.050040286637145874,0.12307567970561054,0.2951734658403579,0.009663607804585798,7.034389435973841,26.52498928756611,0.00034340782743719363,1.0707965906739212,1887,0.891041479817603,0.017853346897954227,-80.20266487162627,FRATNP
0.03916535955437846,0.06975956608848008,0.264122982253341,0.022787682540084425,79.99999999999999,27.44730035428771,0.000990504917639217,1.0532020791348395,1888,0.9194472441340222,0.013168151261633246,-104.8582436130012,FRATNP
0.03746943757919794,0.05687802850487625,0.25296539216832675,0.025222242234621398,79.99999999999999,26.479785324191546,0.000908043343307312,1.0543964232259093,1889,0.9219014247766363,0.01272364386117065,-107.63971451753218,FRATNP
0.032767968544049085,0.04868834017963462,0.23776449497005564,0.02705608544457246,79.99999999999999,25.526898589120147,0.0008076884996051609,1.0560293317442964,1890,0.9298314967480861,0.011636371745847172,-114.87514448798674,FRATNP
0.03329495539767188,0.03926343283772751,0.2423646066985172,0.0313178318767206,79.99999999999989,24.508891009901113,0.000848463051962564,1.055113892410499,1891,0.935005072917378,0.010707977767331083,-121.61002221790534,FRATNP
0.03340422255234563,0.039952992646373926,0.25450901594806413,0.034818455194674636,79.99999999999983,23.619389402915864,0.0008880313793510144,1.054165863100063,1892,0.938212175458115,0.010487408839978002,-123.29592947883401,FRATNP
0.0354435682290141,0.06236884646963124,0.2710907063035339,0.03312084612631106,79.99999999999123,22.620344263088572,0.0009256218326969697,1.0532903748339824,1893,0.9411529361996457,0.009893184667365554,-128.0206009049911,FRATNP
0.03744186522465946,0.08124137892145453,0.2851665222653772,0.039850895944277626,79.99999999999999,21.744207790643404,0.000954288800679281,1.0526841315879996,1894,0.9410591903576334,0.010100301662087374,-126.34234665269423,FRATNP
0.03908470137753564,0.12740798511723553,0.29810470106868786,0.040201903092333895,79.99999999999383,20.739088121166066,0.0009691890466185146,1.0522762625290347,1895,0.9352062631292106,0.011135390418126168,-118.43973786867889,FRATNP
0.0423575390831241,0.15180590918027215,0.31855499170121093,0.03568065496695842,69.78774775297063,19.8387482085869,0.0009869147507630281,1.0518322401688458,1896,0.934538855094334,0.011183566864641848,-118.09005323251858,FRATNP
0.042024721936977635,0.13659767280725754,0.32373943626692264,0.018828207193121626,63.45229845253204,19.729832425865766,0.0010261102774028563,1.0512252278787677,1897,0.9511899555741206,0.007967139977492618,-145.55876324606567,FRATNP
0.040687059250934555,0.11136831737124042,0.3291926267295113,0.01421430196980656,57.964137248382485,19.385155385495022,0.0010300071032897586,1.0509465284787065,1898,0.9455332866790414,0.00908687233336536,-134.90684274767455,FRATNP
0.03988165777981531,0.09895927147756886,0.30587589615778316,0.005128978143449749,2.819622085795721,23.745851231427825,0.00021442009693661796,1.0759864420445349,1899,0.9659459951560593,0.005625879315237734,-173.74257727323044,FRATNP
0.03879869917579906,0.11252256372662472,0.30467810407296236,0.0050754298190154356,2.5802499599269115,24.0074285094321,0.00017315956768981872,1.0788995373835706,1900,0.9692253973118816,0.005095618489571124,-181.76127010493133,FRATNP
0.039147602507670104,0.14191166063440552,0.30810383781142386,0.005133328960664605,2.110805482872135,24.563802610054267,0.00013451320427142134,1.0823930555667112,1901,0.9705298867266842,0.004753809037103928,-187.38549307973904,FRATNP
0.03762588109175769,0.14230446061286808,0.30454583102741045,0.005093855463985107,1.7795774104382538,25.386675614625467,0.0001025877058773127,1.0861892698865996,1902,0.9744060634366223,0.004098504348838744,-199.3997439689282,FRATNP
0.037666414844493776,0.13729839745813607,0.3095888305020529,0.004962948532875845,1.657536071373942,25.134715574733583,9.095827312554181e-05,1.0877087746974026,1903,0.9754615290338329,0.0039641505488333065,-202.09951604234533,FRATNP
0.03512559387292536,0.11592440710607932,0.30172870852045075,0.004942248241887694,1.4682505298673856,25.74857111166912,7.232732437150767e-05,1.0908208380647992,1904,0.9730118348259863,0.004350118614250534,-194.5736831162124,FRATNP
0.030434279224234015,0.09079274007443332,0.2811849587442859,0.00476361022407433,1.464342516949148,25.814545437480223,6.99167268372187e-05,1.091061248449708,1905,0.9719447326580634,0.004525636414796733,-191.36972009366758,FRATNP
0.02668161500390088,0.06524878523003504,0.24856423575397904,0.004487941888160897,1.781670568409024,26.323970168631423,7.406904424392702e-05,1.0900653098149906,1906,0.9686886517919852,0.0050669283088551065,-182.21861822012448,FRATNP
0.024110856472709146,0.044526535811896154,0.22279311355776613,0.004335415488721453,2.5758524525951816,25.862787141661922,9.722879464376084e-05,1.0856816670764655,1907,0.9595514507407723,0.006461221390461241,-162.52884727642828,FRATNP
0.023101891710333788,0.03544087778869636,0.21123607848297318,0.004351565568532204,3.5734045651209234,25.759056070627583,0.00011178238172155486,1.083374777677954,1908,0.9595869703336625,0.006464627381815168,-162.48615989691245,FRATNP
0.024383810568560104,0.05655329303158549,0.2185276854963528,0.004473115405938659,4.2249206945876905,25.30225287489036,0.00011982232479922506,1.0819214043849614,1909,0.9547468506662875,0.007235734928180089,-153.3585485244334,FRATNP
0.025766787833375267,0.06274199714957834,0.22897176883259965,0.004594627621047479,4.773405498161619,24.97361702638549,0.00011874461457433165,1.0817369932573015,1910,0.9518454110083353,0.007950358408734582,-145.7295573671076,FRATNP
0.025288873335372542,0.03849654966082276,0.23021415823641994,0.004772083685782454,5.383797400439268,24.557713276463218,0.00012588309411015974,1.0803935918394136,1911,0.9524671504810388,0.007962288595499134,-145.6081011054648,FRATNP
0.0286409169482034,0.11331912922458265,0.24984269448203306,0.0047472639564983005,5.726368391189315,24.116057046282815,0.00012974217596558454,1.0795774853696598,1912,0.9568434324940163,0.007232535809613684,-153.39436878420008,FRATNP
0.03135239544637038,0.13697869400553667,0.26677647805683324,0.005069108398773141,6.319847997868588,23.93330679688959,0.00013227191937730743,1.0789694999831332,1913,0.9469353922603765,0.009219132963026613,-133.73637466962293,FRATNP
0.030249199792251838,0.12232753236907729,0.2678108219425317,0.005335985147142053,7.6469451065586735,23.619803023575283,0.00014141395313368248,1.0774707457618011,1914,0.9473662179108794,0.00946717147796239,-131.58589062104687,FRATNP
0.027990678747018723,0.08726732517032391,0.2523710221768863,0.006631499976295033,11.43900811654276,23.928196925277604,0.0001539126616231015,1.0759697814354583,1915,0.9320979101914988,0.012636186303824034,-108.19840045379078,FRATNP
0.02397190369766898,0.04497940228792441,0.23171474962311156,0.008205510260130219,18.582605068990556,23.941545974874483,0.0001776504498362988,1.073435987822469,1916,0.9307589396991363,0.013411722912487234,-103.3736725521432,FRATNP
0.019172792641720737,0.023009580471148542,0.20513489628258832,0.011815870539121184,33.91878181772321,23.858466565176208,0.0001948568810817029,1.0714907357816141,1917,0.9343191996264836,0.013148906916789745,-104.97670610980447,FRATNP
0.015986828484629824,0.010198817848116564,0.1897562796313117,0.012201083857979947,36.78407356147168,23.05900251326674,0.00019127236460188466,1.0717392996470287,1918,0.9517734481569512,0.009727510969344355,-129.3885328817213,FRATNP
0.014162160312700718,0.008568753292363713,0.18087106959790303,0.01376671861139648,44.314085214328266,22.433262539055093,0.00019881875696893365,1.0707500605908928,1919,0.9568500464976525,0.008768446841236949,-137.7962001956031,FRATNP
0.012802670651646152,0.014362578216032767,0.16934338734764423,0.009771470923139135,45.88387394165049,21.99324239713916,0.00017959633977805603,1.072163007972033,1920,0.9724663560808698,0.005451414773704975,-176.2942467324949,FRATNP
0.012960665078940156,0.013550222494566335,0.17535054422840804,0.01007196803495095,61.28480214944571,21.46175598719836,0.00018294184875396337,1.0713502499142882,1921,0.9766739788580353,0.004821285627398571,-186.24384498437837,FRATNP
0.013910726745073786,0.03233530491391034,0.18680159080814324,0.009767828478272672,67.39091565773553,20.803554369011593,0.00019890920535096867,1.0698035139673474,1922,0.9783076881203199,0.00448571267876063,-192.087446983115,FRATNP
0.014569740395217816,0.035623832949547025,0.19593996674515976,0.009367699714620734,66.05620292898882,19.965239045027104,0.00020142500953564672,1.0693977217143582,1923,0.9800938528033977,0.004200967027133094,-197.39964100764456,FRATNP
0.015986484013235828,0.061839246575428775,0.21619289385842358,0.0072612014407206025,53.476894285530435,19.068417212765567,0.0002128797913257143,1.0682429330174221,1924,0.9819229700158799,0.0038727385553805676,-203.98922181785105,FRATNP
0.01701005419320115,0.07864030456614494,0.2313420615841154,0.0039058215497204778,29.28022438044406,18.300826902681006,0.00020933554359068234,1.0684275145279383,1925,0.9868466623373068,0.0028340363812758254,-229.28227495051556,FRATNP
0.016481541785571537,0.06808490466147879,0.23492796404628444,0.0028849214311951915,24.527834245454354,17.628525895774747,0.00021465503865568064,1.067881595135869,1926,0.991164789384611,0.00194556055508523,-259.75057398559807,FRATNP
0.0170204606683138,0.09710497028590624,0.2438398150119155,0.0023350225275383125,20.308667187282467,16.81227570242103,0.0002158960411717759,1.0674796675932552,1927,0.990017249450529,0.0022232448742904153,-248.94374473124924,FRATNP
0.01541223748235572,0.06896272189943597,0.23991711350564346,0.0018795775705485467,17.169360590694208,16.05242330261293,0.0002263077499692695,1.0664496682999194,1928,0.9920678355011624,0.0017829131058356784,-266.821998384752,FRATNP
0.014707231858485065,0.07446484462936648,0.23964115869941907,0.0014690168375792406,12.781915214448047,15.143833840116974,0.00021985936692277624,1.0665277244477744,1929,0.9918530075657338,0.0018562149186683492,-263.5584418455279,FRATNP
0.06554940951423974,0.10169118033298191,0.2748310164148799,0.007314450596481025,2.172197435550873,29.523919622254617,6.256988726184966e-05,1.100632310566698,1850,0.988954688801607,0.0015970811883444808,-275.7377410342361,NLD
0.06832490443316079,0.0961349687958406,0.27798946303552396,0.007182616104869494,2.0189355183238344,29.979494703716178,5.0786676430266066e-05,1.1036050464078007,1851,0.988462485079263,0.0016746517647912343,-271.8961106127253,NLD
0.07604240591483094,0.10936854125370586,0.2970812874386434,0.007022822744361823,2.027075404234377,29.882342196645922,4.5965357362007456e-05,1.1051346047652397,1852,0.9894905994660762,0.0015934513164794694,-275.92204866782225,NLD
0.08888382024646188,0.20089774070546576,0.33045225338529255,0.006795818156040834,1.7945928768634558,28.729049278419915,5.676099445138194e-05,1.1016993502550911,1853,0.9921223865842931,0.001203100190418965,-298.68309611459114,NLD
0.08594971071408297,0.15976034686191046,0.3247890571375439,0.006675751497660171,1.976051161270678,28.374068569097957,5.784576550714026e-05,1.1011965952879812,1854,0.988167835979795,0.0018321955288873339,-264.6134210041999,NLD
0.08864255995446488,0.17134673121959076,0.3250816654829205,0.006766078827887467,1.8414249267488092,29.501075533221954,4.663651126290616e-05,1.104468491076269,1855,0.9904443988919314,0.001467357953163412,-282.59959391215676,NLD
0.09343289073055781,0.20215707095857138,0.335629370755637,0.006364953626612417,2.2338212827850628,28.68695094865509,5.794079538267873e-05,1.101238429430488,1856,0.9918627127577521,0.0013097165890348893,-291.80546288410966,NLD
0.09339190486053119,0.1368811573817078,0.34577620426161326,0.006422381804952546,1.938491122381565,28.76222995639879,5.441739319512957e-05,1.1021540754150303,1857,0.991591960987472,0.0013916959203788676,-286.8877649247268,NLD
0.08800340123912642,0.12124737133771973,0.33088610613107533,0.006155140090532473,1.8787150423535983,29.2090389481748,4.824163419221077e-05,1.1037426231199485,1858,0.9919574652299806,0.0013253789418933891,-290.84256381144183,NLD
0.0803035618933089,0.09334451823745307,0.3191607109293839,0.005794202899102837,2.3077378860871596,28.14821868726836,5.6964733475534905e-05,1.1015138472506387,1859,0.9920092872949927,0.001381309520135053,-287.4945450930598,NLD
0.08289999953329065,0.157972557469412,0.32169337986909213,0.006088723368591571,1.924907511049741,30.185124905748086,3.631020784816491e-05,1.1079735853327322,1860,0.9931943799251449,0.0011378439098636967,-303.20018689473414,NLD
0.07958870660674026,0.1203323667266324,0.3189260238334533,0.0059408833740686355,2.3076092720225065,29.257229525095486,4.428083622765515e-05,1.1051200206714233,1861,0.9930409218030383,0.0012068471687775532,-298.4312188356525,NLD
0.08325150630525087,0.167095775094616,0.3319155940586598,0.005733935286663326,2.6988204645036973,27.558296826715527,5.8013189433552125e-05,1.1013214682593326,1862,0.9931960116563575,0.0012271423696157923,-297.08039185638523,NLD
0.08066470328840751,0.15193518505639644,0.3292630123746336,0.005497083405400838,2.3016381151230583,28.44466558114303,5.2328804458309135e-05,1.102437166786708,1863,0.990735853330289,0.0016729344620022091,-271.9792161871239,NLD
0.08435126241579186,0.16405402778285377,0.343873886628242,0.0055594153236508265,2.493079696993414,27.211968702206363,5.269835024002226e-05,1.1026525426805416,1864,0.9915300953374603,0.0015916357499401966,-276.0143920810743,NLD
0.07856782578453327,0.11004364949718141,0.32902942446912414,0.005285964016108421,2.8210251728205633,26.662185979058915,6.0401449108667315e-05,1.1004449091055855,1865,0.9894990211279358,0.0019969034431417247,-257.64072133135403,NLD
0.08727534655574039,0.20376833181597778,0.35517038534246403,0.005409430999071275,2.440648138376588,26.63037308867037,5.282505822624292e-05,1.1022657304603052,1866,0.9904627104914532,0.0018105903491580926,-265.5742461181366,NLD
0.08841134382717443,0.20026887472130292,0.366976350029802,0.00518475443591657,2.40440265511761,25.600231107253784,6.908592374696921e-05,1.0977499988764992,1867,0.9900616588197065,0.0018966056023387767,-261.8148083871771,NLD
0.09075264339205269,0.1831134395895397,0.37959761956097293,0.005367188333633288,2.2500555294052638,25.810882375648156,5.7435616373499103e-05,1.1003703400516742,1868,0.9933028988007749,0.0012904285670174561,-293.0072099771773,NLD
0.10031789682853448,0.26823977558982653,0.40887823948292257,0.005051740861291097,2.0052977165125596,25.15775912109657,5.941760795162595e-05,1.0995032396276854,1869,0.9933045726584334,0.0013195383161925275,-291.20030010682905,NLD
0.07851305108133144,0.11908111769528501,0.36351351507951607,0.004910074203258937,2.325428140401269,24.42142253279134,7.216185138073402e-05,1.0966009190561548,1870,0.9924636776076733,0.0014920738963172214,-281.246605876052,NLD
0.06423578204589903,0.0689217335964552,0.32469493821933143,0.004734739069780698,2.3213796499865262,25.550353067025174,6.681308789787368e-05,1.0974375902036426,1871,0.9920162543676507,0.0015513927607128009,-278.08873551397807,NLD
0.0621589036355398,0.08456996910726101,0.32471176804149476,0.004543301401256261,2.2865438154919095,24.819560290099684,7.561678993539807e-05,1.0952319218167146,1872,0.993095549210199,0.0013339030813759112,-290.3232825491953,NLD
0.05734493864738156,0.07830922776045587,0.31039324155999143,0.004335380179924311,2.321354133607167,25.028206826218884,7.061171175376602e-05,1.0960896264742206,1873,0.9916624895045314,0.0016242411281332213,-274.37183781918174,NLD
0.06024873400914598,0.0836656658513108,0.3214658564435219,0.004471931479602941,2.092765986132451,25.291096248191774,6.021078787573337e-05,1.0983673379645706,1874,0.9904261059944103,0.0018640477145394937,-263.2173597953562,NLD
0.05840965186288431,0.0693365275205507,0.3178590713662485,0.004090941914865822,1.9678567972363992,24.551599578870807,7.203500203472619e-05,1.0952769997816239,1875,0.9889852529455513,0.0021527871922665453,-251.55230216128,NLD
0.060986116588398365,0.09087928794640114,0.3220822646784201,0.004015160673887401,2.244418800927522,24.084653384158862,7.945464784876605e-05,1.0935531098179958,1876,0.9892438600150297,0.0021016457713231925,-253.4997554058511,NLD
0.059659938153024755,0.09511711246855983,0.3164041853150227,0.004123307595537977,2.0211507134120086,25.314614251628537,6.146590632928085e-05,1.0972914947137709,1877,0.9880674395891609,0.0022965875896681074,-246.31476168898166,NLD
0.05911072361830191,0.09053383510054501,0.3084841110173518,0.0037460803326901434,2.3054559029456145,25.55526681301687,6.879391611963288e-05,1.0955743326633662,1878,0.9869326023737807,0.002583354942582249,-236.78393273624675,NLD
0.06178568141202298,0.10037845625644087,0.3191084247529805,0.003781267390799446,1.9351352205189123,26.086110789118436,5.5592959077752274e-05,1.0983430202876006,1879,0.9865313503922442,0.002654081391313085,-234.5961483873519,NLD
0.06435647713387702,0.10170901688825473,0.3298597744160153,0.00373076618914372,2.1995971649456214,25.136906013663072,6.462312426101636e-05,1.0955752148522555,1880,0.9870852292047956,0.0025627810258976318,-237.43160164375468,NLD
0.07441255335272916,0.1945582398851763,0.36053465897876574,0.0038812297763461006,2.0109225482812705,25.388661086185806,5.479645131036981e-05,1.0981059505942674,1881,0.9848204068845166,0.0030565584086784466,-223.1596792412372,NLD
0.07405221414964336,0.20115921024847006,0.3642835780205821,0.003847547399693667,2.023212766594383,25.02316053072281,5.596635328326451e-05,1.097725476728257,1882,0.9852692414357203,0.002995301409607715,-224.79950122610512,NLD
0.06655997230114742,0.13920682193523684,0.34984482535862804,0.0037124102215032643,2.092892257639336,25.498294981075627,5.30122398603803e-05,1.0982055884411948,1883,0.9838690255245001,0.0033492320592393935,-215.752917454051,NLD
0.061058767795707014,0.11548538556258144,0.3375490759005243,0.0037146237584551843,2.450473790575277,24.930643733290463,5.5535126735502046e-05,1.097284089990823,1884,0.981140328153576,0.003946301378531023,-202.46505400691,NLD
0.0578540225986023,0.13494356263629276,0.33277850350019517,0.0036858701904610596,2.4059590224175142,24.82780669276312,6.411904814708293e-05,1.0948515744804292,1885,0.9827060092447154,0.003527619561594706,-211.54964805488652,NLD
0.05248572781165666,0.09290001331925653,0.3181563515495328,0.003573413846204617,2.298898550437156,25.445044831037887,5.148861874099169e-05,1.0980536025899477,1886,0.983532666435319,0.0034249979034378275,-213.94096559249226,NLD
0.05956001612661797,0.1608122764472102,0.3455937790253904,0.0036376786916732986,2.5167923828943124,24.550354085003374,5.9965695909028394e-05,1.0955142161441687,1887,0.9813095481100613,0.003929118163979419,-202.81851900768538,NLD
0.05601883235987396,0.13271809688770297,0.33817337447861345,0.003573963646091497,2.675408374861627,24.311574862874384,5.826286427446384e-05,1.0956506659871335,1888,0.977824480443367,0.004736320956054327,-187.68402137586497,NLD
0.06030410658413152,0.15647542186463645,0.3568689111098788,0.003508490292769266,2.415751967255994,23.614620000695517,5.64996935779099e-05,1.0960993346755794,1889,0.9774391803810251,0.004897484048600159,-184.97368450207262,NLD
0.05297600850621549,0.12212256470034985,0.3386731376252675,0.0034019400741095366,2.3950876727606465,24.13638463407901,5.32361507630225e-05,1.0967473374493504,1890,0.9776157849694752,0.0048885766155787715,-185.12113960147263,NLD
0.04274118455824933,0.07878743699842677,0.3007791947333582,0.003225249043731962,2.987305253582541,23.426970829724592,6.0083267022262077e-05,1.0951925171300847,1891,0.9775690221985915,0.004991925193594976,-183.42658191690435,NLD
0.03773054602161571,0.05783271412882742,0.2777170857192642,0.0033775420563529617,4.467358507087933,23.52544303730431,7.316660081791309e-05,1.0918349788849517,1892,0.9800600129355117,0.004391268453669834,-193.81106693447964,NLD
0.035909013512463395,0.05423333557938191,0.27522463746801457,0.0031388821398009316,4.549153513278802,22.900463796958704,8.064867335804008e-05,1.0902634346245244,1893,0.9759030091204993,0.0054545716437056965,-176.24735386697802,NLD
0.035395928028427254,0.06698097372286459,0.273659589474003,0.003260916701768586,5.816344172318607,22.761277757622704,9.418998758680545e-05,1.0878189144881603,1894,0.9780727281159844,0.004979547785396432,-183.62766967617688,NLD
0.03317442238883052,0.04845358563443945,0.26483616347927474,0.003257853732213324,6.996311625439564,22.386444914797792,0.00010031996667507291,1.086686048765833,1895,0.9786917615229251,0.004923671023117482,-184.54172920816467,NLD
0.03550373530641835,0.07957204000882202,0.2799537017487876,0.0032906573903252476,7.293202427153196,21.76617636341281,0.00010971803894583882,1.0851142076578426,1896,0.9802630660970862,0.004595498149063906,-190.12888517379008,NLD
0.03764979363714564,0.09459408037802802,0.29251798683999164,0.003293584139269593,5.933740926165447,21.244929333916456,0.00010511375373882013,1.085756053354794,1897,0.9769324482614598,0.005342774315096194,-177.92478594784086,NLD
0.03790269752595411,0.09254741439550777,0.2990024675093474,0.003095687936686593,5.309685033518145,20.977767078232564,9.85565424797104e-05,1.0864075906373174,1898,0.9769501114067515,0.005419473045284199,-176.77024970317427,NLD
0.03948520817687354,0.10521418377026708,0.31138463869404737,0.0031702726844570006,5.322305804375152,20.367850604024206,0.00010847354474658937,1.0847966005278975,1899,0.9746482353415337,0.005981634980891183,-168.7759261780975,NLD
0.03693534616752434,0.08982284146756356,0.30835958016900167,0.0028940966409505184,4.159901280674613,20.170590890246412,9.209206266043566e-05,1.0871444564114785,1900,0.9757250716659106,0.005801380831493957,-171.25436216576975,NLD
0.036944497561501664,0.10835328731767076,0.3103842695051617,0.0026216336349748843,3.606369619951662,19.765560716901017,8.943108137204452e-05,1.087531036646932,1901,0.9737311522268415,0.006347668866186708,-163.9650365552236,NLD
0.040478807998611144,0.17758965581502906,0.3306170198504827,0.0026024703942775854,2.683007741099236,19.894415056774484,6.520635330138713e-05,1.0924509725579026,1902,0.9768117721078663,0.00562525480697722,-173.75156928569845,NLD
0.03686484271587115,0.13497728038572415,0.3261162724725103,0.0024249982351490537,2.027601816059817,20.20883453773849,5.1416313198579075e-05,1.095989530279835,1903,0.9753114605570925,0.00611422741374121,-167.00004333194937,NLD
0.03694415743476994,0.15620381725364044,0.33368034583261147,0.0023232043859485957,1.2400898108427982,21.283228319979255,3.143905256898497e-05,1.1034328294275677,1904,0.978184612703276,0.005397988291981715,-177.09200122166874,NLD
0.037684378468028364,0.19041725378092259,0.35581919238234344,0.002196239549173717,0.8508788188539702,19.38298732651052,3.1295912534304296e-05,1.1033718154325918,1905,0.9801393449811455,0.004964901215918604,-183.86626972036146,NLD
0.03791342681518208,0.1990487683789058,0.3617314585569832,0.0021403255124743175,0.7285853477956895,20.23312700340287,2.5495200533084945e-05,1.1063720669976778,1906,0.9792216402989481,0.005276573251912293,-178.93470780041991,NLD
0.03687853030207915,0.21968396720537922,0.36638711589894996,0.0020577184957180947,0.5592742883013718,19.039365638358003,2.38145787252724e-05,1.1072492585871343,1907,0.9770022350412814,0.005883103750134827,-170.1212930423007,NLD
0.023772539050912787,0.06882167445763995,0.25230064942213026,0.001771320286540144,1.4671317812033438,24.048023812643233,2.7412766875977828e-05,1.1052196596181665,1908,0.9722450289750094,0.007248194182831027,-153.2191940898852,NLD
0.021872772860249023,0.06238345126294138,0.22501796822023135,0.0016748300567195572,3.02647751981622,25.661644546144643,3.0484461788135754e-05,1.1035289596771294,1909,0.9717257721587147,0.0074418738190005,-151.08319858172598,NLD
0.021100497243006854,0.04564391485970531,0.22354274424207932,0.0016128711149478471,3.676137883125975,25.481015655984447,3.263057235321328e-05,1.1023595143005605,1910,0.9710511454619245,0.007886835587043391,-146.3793411800077,NLD
0.021130430118018875,0.04031343137714354,0.230033375781773,0.0016818109318039731,3.9021254379629062,24.515531610285326,3.224380982766346e-05,1.1023439021125745,1911,0.9706521493070209,0.008143323963737577,-143.7870610910959,NLD
0.026514398044245293,0.15572825647124697,0.2610505659238464,0.0017398177725003099,3.821156218274398,24.316668023848745,3.312692957942178e-05,1.1018902899505991,1912,0.9721356816210475,0.007733044720549353,-147.97441905457862,NLD
0.03049692865176984,0.19025590253014132,0.2850103529862073,0.0018463219422599952,4.152857137980459,23.764855240810295,3.503943307455014e-05,1.1009104105990073,1913,0.9717892298791391,0.00799837762324776,-145.24179857280086,NLD
0.035205217603078515,0.24614483939041334,0.3120981937395489,0.0018844614246808955,4.006161637375208,22.902336959693255,3.2722063621427804e-05,1.1018915420154058,1914,0.9690743591736269,0.009061498438947197,-135.13334096207313,NLD
0.04275110841887877,0.37221827622666126,0.3505750249091379,0.0018437273440391978,3.6616592427057415,22.558762265890905,3.6290384099911755e-05,1.1001459157301692,1915,0.9723678650117324,0.00822938133322141,-142.93555720145326,NLD
0.030583253967664707,0.2000899821612679,0.29983746781500775,0.0019208439380829466,6.156410911863766,22.793289132388868,3.8252401228397646e-05,1.0994587243075535,1916,0.9720984458245165,0.008692979532871471,-138.49635949623814,NLD
0.022276034513087226,0.1040279542585967,0.2565502870867331,0.002115104999445055,9.741090587689948,23.237713356342493,4.029382967871702e-05,1.0981825397040987,1917,0.9706285090646947,0.009186977129670069,-134.0193921174818,NLD
0.013248876858144987,0.020372127563684977,0.1874595575409663,0.0027420657517396273,26.614377330196028,23.818880021451733,4.0318054479473635e-05,1.0982143728864446,1918,0.976537934698755,0.0073338031304592,-152.26810292189901,NLD
0.0120326089165067,0.029020476146302796,0.1827466817087105,0.0031822573215756597,29.480248053591144,22.969829994071176,3.9998933996823546e-05,1.097978324670865,1919,0.9826415158698083,0.005389015679049663,-177.22675259787388,NLD
0.01195897946533105,0.0349633751970815,0.18539025174822285,0.003095738930988384,29.723469494873196,22.29025098184787,4.236228754478863e-05,1.0968277341055137,1920,0.9830656421175619,0.005296010778772083,-178.63687305255547,NLD
0.010905370947114142,0.020875819336243433,0.1761585359528314,0.003905337431737804,51.19371900244907,22.027436948743926,4.2090485127040514e-05,1.0967396845118818,1921,0.9871156519143667,0.004154829717112812,-198.2941481877112,NLD
0.0120473310702208,0.05902263977385259,0.19413194692342944,0.003761487537040671,37.3879980220665,21.098583304157962,4.3166223625041044e-05,1.0960181593955436,1922,0.9871015769495218,0.004180880698565242,-197.78785987816912,NLD
0.010444993562423795,0.04606653158065487,0.17755601706721472,0.004078520620422346,50.88107231503,20.513896404583857,4.758140667138588e-05,1.0942426075982226,1923,0.9885088818811628,0.003653977549184439,-208.6990138036815,NLD
0.011107791686034369,0.06475261356343022,0.1859613753539845,0.0044001420406321445,58.09573918488502,19.71859609756925,4.948995734765562e-05,1.0934597359738494,1924,0.9886487406227528,0.003686780169102247,-207.9751021856648,NLD
0.012869315779782663,0.1136909946139695,0.2137736946876402,0.003301741697256761,27.309871463571604,19.285537066375067,5.124531251173992e-05,1.0928371710099707,1925,0.9913251855168741,0.002804139110944816,-230.1413122749841,NLD
0.013297585277476888,0.13539929725726313,0.23009848548609999,0.0027804157924423254,22.650534278539315,18.39717856971671,5.2914110092399805e-05,1.0918534706684353,1926,0.9923630219577172,0.0025469577686243086,-237.93326640103123,NLD
0.011303263195358787,0.11155200417298974,0.21353253677858694,0.002216890683359765,18.096703998063113,17.541832630619265,5.390527685370508e-05,1.0915490767253626,1927,0.9917321956774228,0.0027284644642283826,-232.3572775437849,NLD
0.01090014217898634,0.11318502555757882,0.2194359646275289,0.001536999629844095,13.49604710601539,16.557739605421705,5.707184441185715e-05,1.0902202968891401,1928,0.9922227661634941,0.0026347723322582045,-235.18759629431793,NLD
0.006909751935587334,0.0268155216409494,0.15417798915023914,0.001980705473783971,76.89460947432849,14.900749880521134,5.156632513429986e-05,1.0915366536119777,1929,0.9931499716686683,0.0023642753309574744,-243.9619387759322,NLD
